EngineID,EngineMass-kg,MediaName,ConfigID,CylinderID,Compression,VariableTimingID,AspirationID_Stock,StockBoost-bar,MomentInertia,GasTankSize,FuelBurnPerHorsepowerHour,TorqueSteerLeftSpeedScale,TorqueSteerRightSpeedScale,EngineGraphingMaxTorque,EngineGraphingMaxPower,EngineGraphingAspirationID,EngineName,EngineRotation,Carbureted,Diesel,Rotary
1,161.0,TOY_2000GT_69,3,3,8.4,1,1,0.0,0.0635,56.781,0.57,0.4,1.0,428.1,319.6741,2,I6    -   Toyota 2000GT,0,1,0,0
3,173.0,FER_250GTO_64,1,6,9.8,1,1,0.0,0.0821,100.0,0.57,0.4,1.0,563.07,448.6802,3,3.0L V12,0,1,0,0
5,241.0,MER_300SL_54,3,3,8.55,1,1,0.0,0.1138,100.0,0.57,0.4,1.0,558.6,380.3145,2,3.0L I6,0,0,0,0
7,168.0,FER_355Berlinetta_94,1,4,11.0,1,1,0.0,0.0916,82.0,0.57,0.4,1.0,633.73,529.529,3,3.5L V8,0,0,0,0
11,262.0,FER_575_02,1,6,11.0,1,1,0.0,0.1848,104.856,0.57,0.4,1.0,977.75,707.7066,3,V12   -   Ferrari 575M,0,0,0,0
14,190.0,POR_CarreraRS_73,5,3,8.5,1,1,0.0,0.0613,62.081,0.57,0.4,1.0,568.22,384.5127,3,2.7L F6,0,0,0,0
15,232.0,POR_911GT2_95,5,3,10.0,1,3,0.884,0.0826,92.0,0.57,0.4,1.0,1111.17,723.8957,3,3.6 F6TT,0,0,0,0
16,190.0,POR_996GT3_04,5,3,11.7,3,1,0.0,0.0723,63.216,0.57,0.4,1.0,707.9,546.9486,3,F6    -   Porsche 996 GT3,0,0,0,0
19,253.0,POR_911Turbo_82,5,3,7.0,1,2,0.7,0.0832,80.0,0.57,0.4,1.0,790.38,479.2912,2,3.3L F6T,0,0,0,0
20,184.0,POR_914_70,5,3,8.6,1,1,0.0,0.0534,62.081,0.57,0.4,1.0,389.33,246.5433,3,F6    -   Porsche 914/6,0,1,0,0
22,200.0,POR_944Turbo_89,3,1,8.0,1,2,0.75,0.0539,79.872,0.57,0.4,1.0,881.57,561.6314,2,I4T   -   Porsche 944 T,0,0,0,0
23,265.0,POR_959_87,5,3,8.3,1,3,0.986,0.0705,90.0,0.57,0.4,1.0,809.33,595.7696,3,F6TT   -   Porsche 959,0,0,0,0
43,261.0,CHE_CamaroSS_69,1,4,11.0,1,1,0.0,0.191,75.708,0.57,0.4,1.0,991.59,566.4337,3,6.5L V8,0,1,0,0
45,211.0,LOT_Carlton_89,3,3,8.2,1,3,0.7,0.0969,75.0,0.57,0.4,1.0,900.37,512.184,3,I6TT   -   Lotus Carlton,0,0,0,0
46,240.0,POR_CarreraGT_03,1,5,12.0,3,1,0.0,0.141,92.0,0.57,0.4,1.0,1181.52,947.7325,3,V10   -   Carrera GT,0,0,0,0
48,210.0,KOE_CC8_02,1,4,8.6,1,6,1.2,0.1444,80.0,0.57,0.4,1.0,1155.8,712.3598,3,V8CSC   -   Koenigsegg CC8S,0,0,0,0
49,137.0,TOY_CelicaSSI_03,3,1,11.5,2,1,0.0,0.0494,55.0,0.57,0.4,1.0,481.09,404.5423,2,1.8L I4 - VVT,0,0,0,0
50,280.0,TVR_Cerbera_98,1,6,12.5,1,1,0.0,0.259,100.0,0.57,0.4,1.0,1360.56,974.5255,3,7.7L V12,0,0,0,0
51,202.0,FER_360Challenge_03,1,4,11.0,3,1,0.0,0.1084,95.0,0.57,0.4,1.0,650.0,556.1058,3,3.6L V8,0,0,0,0
53,310.0,CHE_Chevelle_70,1,4,11.25,1,1,0.0,0.2446,75.708,0.57,0.4,1.0,1335.18,772.9628,5,7.4L V8,0,1,0,0
56,146.0,HON_CivicR_04,3,1,11.5,2,1,0.0,0.0525,45.0,0.57,0.4,1.0,636.54,536.8667,2,2.0L I4 - VVT,0,0,0,0
60,295.0,SHE_Cobra427_65,1,4,10.4,1,1,0.0,0.2088,68.2,0.57,0.4,1.0,960.27,539.6258,5,7.0L V8,0,1,0,0
63,164.0,VW_Corrado_95,1,3,10.0,1,1,0.0,0.0924,82.0,0.57,0.4,1.0,648.9,427.7186,2,2.8L V6,0,0,0,0
66,310.0,CHE_CorvetteStingray_67,1,4,11.0,1,1,0.0,0.2166,90.0,0.57,0.4,1.0,977.58,581.0569,3,7.0L V8,0,1,0,0
68,235.0,CHE_CorvetteZ06_02,1,4,10.5,1,1,0.0,0.1629,70.03,0.57,0.4,1.0,1095.42,689.3624,3,5.7L V8,0,0,0,0
69,260.0,CHE_CorvetteZR1_70,1,4,11.0,1,1,0.0,0.16,81.8,0.57,0.4,1.0,860.28,524.6521,3,5.7L V8,0,1,0,0
70,280.0,LAM_Countach_88,1,6,9.9,1,1,0.0,0.184,49.967,0.57,0.4,1.0,754.72,565.2481,3,5.2L V12,0,1,0,0
74,130.0,HON_CRXsi_91,3,1,10.2,2,1,0.0,0.0394,45.0,0.57,0.4,1.0,509.64,429.2398,2,I4    -   Honda CR-X,0,0,0,0
78,265.0,LAM_DiabloGTR_99,1,6,10.7,3,1,0.0,0.2217,100.0,0.57,0.4,1.0,1032.18,748.4218,2,V12   -   Diablo GTR,0,0,0,0
79,265.0,LAM_DiabloSV_97,1,6,10.0,3,1,0.0,0.2011,100.0,0.57,0.4,1.0,953.14,659.5045,2,5.7L V12,0,0,0,0
80,135.0,FER_Dino246_69,1,3,9.0,1,1,0.0,0.0366,70.0,0.57,0.4,1.0,534.05,390.9481,3,V6    -   Ferrari Dino,0,1,0,0
81,170.0,MIT_EclipseGSX_95,3,1,8.5,1,2,0.827,0.0602,60.188,0.57,0.4,1.0,791.02,515.4651,2,2.0L I4 - Turbo,0,0,0,0
84,128.0,LOT_ElanSprint_72,3,1,10.3,1,1,0.0,0.0351,42.1,0.57,0.4,1.0,400.16,288.6978,2,1.6L I4,0,1,0,0
87,232.0,FER_Enzo_02,1,6,11.2,3,1,0.0,0.161,132.0,0.57,0.4,1.0,1135.93,881.7157,3,6.0L V12,0,0,0,0
90,269.0,JAG_Etype_61,3,3,9.0,1,1,0.0,0.1785,63.6,0.57,0.4,1.0,678.54,432.6701,2,3.8L I6,0,1,0,0
92,266.0,MCL_F1GT_97,1,6,11.0,3,1,0.0,0.2385,90.0,0.57,0.4,1.0,1437.14,1071.116,3,6.1L V12,0,0,0,0
94,187.0,FER_F40_87,1,4,7.7,1,3,1.1,0.081,120.0,0.57,0.4,1.0,888.53,587.5669,3,2.9L V8 - TT,0,0,0,0
96,198.0,FER_F50_95,1,6,11.3,1,1,0.0,0.1224,105.0,0.57,0.4,1.0,866.2,753.075,3,4.7L V12,0,0,0,0
97,199.0,NIS_Fairlady432Z_69,3,3,9.51,1,1,0.0,0.0512,60.0,0.57,0.4,1.0,444.99,327.8321,2,I6    -   Fairlady Z '69,0,1,0,0
98,186.0,NIS_FairladyZ_03,1,3,10.3,3,1,0.0,0.081,80.0,0.57,0.4,1.0,834.58,543.6153,2,3.5L V6,0,0,0,0
99,235.0,NIS_FairladyZvSTwinTurbo_94,1,3,8.5,3,3,0.666,0.0994,72.0,0.57,0.4,1.0,728.93,450.1716,3,V6TT   -   Fairlady Z '94,0,0,0,0
102,267.0,FOR_GT_05,1,4,8.4,1,5,0.816,0.2367,79.5,0.57,0.4,1.0,978.44,658.5724,3,5.4L V8 - DSC,0,0,0,0
107,128.0,VW_GolfGTi16vMk2_92,3,1,10.0,1,1,0.0,0.0487,55.0,0.57,0.4,1.0,455.11,335.7813,2,1.8L I4,0,0,0,0
108,205.0,VW_GolfR32_03,1,3,11.3,3,1,0.0,0.1213,62.0,0.57,0.4,1.0,721.77,483.8624,3,3.2L V6,0,0,0,0
111,230.0,MIT_GTO_97,1,3,8.0,1,3,0.68,0.0821,75.708,0.57,0.4,1.0,802.31,534.4656,3,V6TT   -   Mitsubishi GTO,0,0,0,0
112,165.0,FER_GTO_84,1,4,7.6,1,3,0.9,0.077,120.0,0.57,0.4,1.0,729.26,493.9666,3,2.9L V8 - TT,0,0,0,0
117,140.0,SUB_Impreza22b_98,5,1,8.0,1,2,1.03,0.039,60.0,0.57,0.4,1.0,697.97,444.2433,2,2.2L F4 - Turbo,0,0,0,0
118,140.0,SUB_WRXSTi_04,5,1,8.0,3,2,0.986,0.039,60.0,0.57,0.4,1.0,707.77,427.7708,2,2.0L F4 - Turbo,0,0,0,0
119,140.0,SUB_WRXSTi_05,5,1,8.0,3,2,1.33,0.039,60.0,0.57,0.4,1.0,730.84,461.8866,2,2.0L F4 - Turbo,0,0,0,0
122,130.0,ACU_IntegraR_01,3,1,10.6,2,1,0.0,0.0503,50.0,0.57,0.4,1.0,513.26,457.4273,2,1.8L I4 - VVT,0,0,0,0
128,160.0,MIT_LancerEvoIXMR_06,3,1,8.8,3,2,1.3,0.058,55.0,0.57,0.4,1.0,940.78,623.5394,2,I4T   -   Lancer Evo.9 MR,0,0,0,0
129,170.0,MIT_LancerEvoVIGSR_99,3,1,8.8,1,2,1.0,0.0602,50.0,0.57,0.4,1.0,992.3,629.4379,2,2.0L I4 - Turbo,0,0,0,0
132,170.0,MIT_LancerEvoVIIIMR_04,3,1,8.8,1,2,1.292,0.0602,55.0,0.57,0.4,1.0,950.34,618.245,2,2.0L I4 - Turbo,0,0,0,0
136,168.0,BMW_E36M3_97,3,3,11.3,3,1,0.0,0.0959,65.0,0.57,0.4,1.0,746.73,566.9184,2,3.2L I6,0,0,0,0
137,156.0,BMW_E46M3_05,3,3,11.5,3,1,0.0,0.0917,75.0,0.57,0.4,1.0,930.05,724.8801,2,3.2L I6,0,0,0,0
151,206.0,VAU_MonaroVXR_05,1,4,10.9,1,1,0.0,0.149,70.0,0.57,0.4,1.0,1193.6,754.7304,3,V8    -   Vauxhall Monaro,0,0,0,0
159,225.0,FOR_MustangCobraR_00,1,4,9.6,1,1,0.0,0.2099,76.0,0.57,0.4,1.0,941.28,554.1073,2,5.4L V8,0,0,0,0
165,195.0,HON_NSXR_05,1,3,10.2,2,1,0.0,0.0775,70.0,0.57,0.4,1.0,634.62,495.5102,2,3.2L V6 - VVT,0,0,0,0
166,195.0,HON_NSXR_92,1,3,10.2,2,1,0.0,0.0775,70.0,0.57,0.4,1.0,625.5,483.2807,3,3.0L V6 - VVT,0,0,0,0
171,220.0,BUI_RegalGNX_87,1,3,8.0,1,2,1.088,0.102,68.0,0.57,0.4,1.0,861.19,461.1931,2,3.8L V6 - Turbo,0,0,0,0
173,230.0,AUD_RS4_06,1,4,12.5,3,1,0.0,0.164,63.0,0.57,0.4,1.0,740.85,595.7248,2,4.2L V8,0,0,0,0
174,200.0,AUD_RS6_03,1,4,9.8,3,3,0.544,0.1493,82.143,0.57,0.4,1.0,983.53,653.5315,3,V8TT   -   Audi RS 6 '03,0,0,0,0
176,146.0,ACU_RSXTypeS_02,3,1,11.0,2,1,0.0,0.0525,50.0,0.57,0.4,1.0,457.84,399.0539,2,I4    -   Acura RSX,0,0,0,0
177,130.0,MAZ_RX7_90,4,8,9.0,1,2,0.51,0.0513,70.03,0.57,0.4,1.0,530.88,361.3886,2,1.3L Rotary Turbo,0,0,0,1
178,130.0,MAZ_RX7_97,4,8,9.0,1,3,0.68,0.0513,75.8,0.57,0.4,1.0,573.54,439.9555,2,1.3L 2 Rotor - TT,0,0,0,1
179,130.0,MAZ_RX7SpiritR_02,4,8,9.0,1,3,0.748,0.0513,76.0,0.57,0.4,1.0,638.37,464.1983,2,R2TT   -   RX-7 Spirit R,0,0,0,1
181,146.0,HON_S2000_03,3,1,11.7,2,1,0.0,0.0501,50.0,0.57,0.4,1.0,521.37,457.2036,2,I4    -   Honda S2000,0,0,0,0
186,240.0,SAL_S7_04,1,4,12.1,1,1,0.0,0.2032,86.0,0.57,0.4,1.0,1239.19,736.1103,3,7.0L V8,0,0,0,0
187,160.0,TVR_Sagaris_05,3,3,12.2,1,1,0.0,0.0951,100.0,0.57,0.4,1.0,818.31,586.1351,2,4.0L I6,0,0,0,0
193,169.0,NIS_SilviaK_92,3,1,12.0,1,2,0.476,0.0573,60.0,0.57,0.4,1.0,662.37,437.2561,2,I4T   -   Silvia S13,0,0,0,0
194,149.0,NIS_SilviaKs_94,3,1,8.5,3,2,0.72,0.0531,65.0,0.57,0.4,1.0,734.42,484.0712,2,I4T   -   Silvia S14,1,0,0,0
195,191.0,NIS_SilviaSpecR_00,3,1,8.5,3,2,0.544,0.0619,60.0,0.57,0.4,1.0,580.2,454.4072,2,2.0L I4 - Turbo,0,0,0,0
198,246.0,NIS_SkylineGTR_93,3,3,8.5,1,3,0.476,0.0816,65.0,0.57,0.4,1.0,778.64,610.5717,3,2.6L I6 - TT,0,0,0,0
199,246.0,NIS_SkylineGTRVSpecII_02,3,3,8.5,1,3,0.9,0.0816,65.0,0.57,0.4,1.0,817.82,594.7852,3,2.6L I6 - TT,0,0,0,0
209,125.0,TOY_Sprinter_85,3,1,9.4,1,1,0.0,0.0385,50.0,0.57,0.4,1.0,476.27,356.3327,2,1.6L I4,0,0,0,0
215,225.0,TOY_SupraRZ_98,3,3,8.5,3,3,0.78,0.1036,70.0,0.57,0.4,1.0,1798.68,1192.5011,2,3.0L I6 - TT,0,0,0,0
237,295.0,DOD_ViperGTSACR_99,1,5,9.6,1,1,0.0,0.2775,84.0,0.57,0.4,1.0,1270.29,731.5615,3,8.0L V10,0,0,0,0
243,194.0,JAG_XJ220_93,1,3,8.3,1,3,1.0,0.0895,100.0,0.57,0.4,1.0,887.22,594.7479,3,3.5L V6TT,0,0,0,0
267,310.0,DOD_ChargerRT_69,1,4,10.25,1,1,0.0,0.2121,68.137,0.57,0.4,1.0,1301.73,714.7833,3,7.0L V8,0,1,0,0
325,180.0,BMW_M3GTR_05,1,4,11.0,1,1,0.0,0.0836,63.0,0.57,0.4,1.0,946.87,713.5678,3,V8    -   BMW M3-GTR,0,0,0,0
327,192.0,NIS_R390_98,1,4,9.0,1,3,1.564,0.0996,100.0,0.57,0.4,1.0,1177.34,799.2562,3,3.5L V8TT,0,0,0,0
328,225.0,MER_CLKGTR_98,1,6,10.5,1,1,0.0,0.2372,90.0,0.57,0.4,1.0,1522.69,1019.8417,3,6.9L V12,0,0,0,0
329,195.0,HON_NSXRGT_05,1,3,10.2,2,1,0.0,0.0775,70.0,0.57,0.4,1.0,738.14,556.1058,2,V6    -   Honda NSX-R GT,0,0,0,0
355,212.0,TOY_Supra20GT_92,3,3,8.5,1,3,0.748,0.0757,70.0,0.57,0.4,1.0,562.9,358.2343,2,I6TT   -   Toyota Supra '92,0,0,0,0
391,150.0,PEU_207Super2000_07,3,1,12.0,3,1,0.0,0.0533,80.0,0.57,0.4,1.0,653.33,567.7685,2,I4    -   Peugeot 207 S,0,0,0,0
404,146.0,HON_CivicTypeR_07,3,1,11.0,2,1,0.0,0.0525,50.0,0.57,0.4,1.0,598.74,501.3714,2,2.0L I4 - VVT,0,0,0,0
412,165.0,AUD_SportQuattro_83,3,2,8.0,1,2,1.185,0.0706,90.0,0.57,0.4,1.0,599.66,446.6594,2,2.1L I5 - Turbo,0,0,0,0
413,125.0,REN_5Turbo_80,3,1,7.0,1,2,0.843,0.0385,93.0,0.57,0.4,1.0,513.68,329.4726,2,I4T   -   Renault 5 Turbo,0,0,0,0
416,202.0,LAM_MiuraP400_67,1,6,9.81,1,1,0.0,0.1002,90.0,0.57,0.4,1.0,507.99,394.8482,1,3.9L V12,0,1,0,0
418,346.0,DOD_ChallengerHemi_70,1,4,10.25,1,1,0.0,0.2306,68.137,0.57,0.4,1.0,1124.22,616.1123,3,7.0L V8 - H,0,1,0,0
420,245.0,POR_996GT1_98,5,3,9.5,1,3,0.986,0.0814,100.0,0.57,0.4,1.0,1265.83,890.2838,3,3.2L F6TT,0,0,0,0
421,125.0,BMW_M3E30_91,3,1,10.5,1,1,0.0,0.0459,63.0,0.57,0.4,1.0,538.86,392.3277,2,2.3L I4,0,0,0,0
454,232.0,FER_FXX_05,1,6,13.4,3,1,0.0,0.1741,112.0,0.57,0.4,1.0,780.42,696.1557,1,V12   -   Ferrari FXX,0,0,0,0
455,180.0,KOE_CCGT_08,1,4,13.0,1,1,0.0,0.1306,100.0,0.57,0.4,1.0,963.35,784.5361,6,V8    -   Koenigsegg CCGT,0,0,0,0
457,197.0,MIT_LancerEvoXGSR_08,3,1,9.0,3,2,1.63,0.0632,54.888,0.57,0.4,1.0,880.37,541.244,2,2.0L I4 - Turbo VVT,0,0,0,0
459,202.0,BMW_M3E92_08,1,4,12.0,3,1,0.0,0.0977,63.0,0.57,0.4,1.0,762.65,646.8276,3,4.0L V8,0,0,0,0
468,136.0,FER_F50GT_96,1,6,12.5,1,1,0.0,0.0973,103.0,0.57,0.4,1.0,845.57,909.3812,3,Racing V12,0,0,0,0
470,196.0,FER_F430Scuderia_07,1,4,11.88,3,1,0.0,0.1117,95.014,0.57,0.4,1.0,679.53,632.6743,6,4.3L V8,0,0,0,0
471,187.0,FER_F40Competizione_89,1,4,8.0,1,3,2.6,0.081,120.0,0.57,0.4,1.0,769.73,555.1587,3,V8TT   -   Ferrari F40 C,0,0,0,0
475,238.0,BMW_M1_81,3,3,9.0,1,1,0.0,0.1028,115.834,0.57,0.4,1.0,653.85,457.4348,3,3.5L I6,0,0,0,0
480,295.0,DOD_ViperSRT10ACR_08,1,5,10.2,3,1,0.0,0.2889,60.567,0.57,0.4,1.0,1269.66,792.5747,3,8.4L V10,0,0,0,0
481,245.0,FOR_MustangSVTCobraR_93,1,4,9.0,1,1,0.0,0.1145,58.295,0.57,0.4,1.0,811.14,441.1039,2,4.9L V8,0,0,0,0
486,199.0,NIS_Skyline2000GTR_71,3,3,9.51,1,1,0.0,0.0512,80.0,0.57,0.4,1.0,447.46,329.6591,2,2.0L I6,0,1,0,0
487,246.0,NIS_SkylineGTRVSpec_95,3,3,8.5,3,3,0.84,0.0816,65.0,0.57,0.4,1.0,734.99,501.3341,3,2.6L I6 - TT,0,0,0,0
489,260.0,PON_TransAmGTA_87,1,4,9.3,1,1,0.0,0.16,58.674,0.57,0.4,1.0,1086.48,510.0364,3,V8    -   Trans Am '87,0,0,0,0
493,174.0,TOY_CelicaST205_94,3,1,8.5,1,2,0.9,0.0584,68.0,0.57,0.4,1.0,697.42,491.1106,2,2.0L I4 - Turbo,0,0,0,0
504,156.0,BMW_Z4MCoupe_08,3,3,11.5,3,1,0.0,0.0917,55.0,0.57,0.4,1.0,930.67,719.7422,2,I6    -   BMW M Coupe,0,0,0,0
505,140.0,SUB_WRXSTi_08,5,1,8.2,3,2,1.0,0.0432,64.0,0.57,0.4,1.0,875.61,530.8862,2,F4T   -   Subaru WRX '08,0,0,0,0
508,346.0,DOD_ChargerDaytona_69,1,4,10.25,1,1,0.0,0.2306,68.0,0.57,0.4,1.0,1087.76,597.2908,3,V8    -   Charger Daytona,0,1,0,0
511,260.0,CHE_CamaroZ28_79,1,4,8.2,1,1,0.0,0.16,80.0,0.57,0.4,1.0,1003.45,461.8791,3,V8    -   Chevy Camaro '79,0,1,0,0
516,250.0,CHE_CorvetteZR1_09,1,4,9.1,1,5,0.714,0.1701,68.0,0.57,0.4,1.0,1130.4,728.3103,3,6.2L V8 - DSC,0,0,0,0
534,190.0,FOR_FocusRS_09,3,2,8.5,3,2,1.38,0.0902,62.0,0.57,0.4,1.0,684.35,402.1411,2,2.5L I5 - Turbo,0,0,0,0
541,260.0,CHE_Corvette_60,1,4,11.0,1,1,0.0,0.1194,62.0,0.57,0.4,1.0,644.76,466.0401,6,4.6L V8,0,0,0,0
546,140.0,MIN_JohnCooperWorks_09,3,1,10.5,3,2,1.3,0.0512,49.967,0.57,0.4,1.0,426.21,296.8781,2,1.6L I4 - Turbo,0,0,0,0
551,195.0,NIS_370Z_10,1,3,11.1,3,1,0.0,0.0942,71.923,0.57,0.4,1.0,833.92,651.6374,3,3.7L V6 - VVT,0,0,0,0
552,180.0,NIS_510_70,3,1,9.5,1,1,0.0,0.0441,46.0,0.57,0.4,1.0,388.21,246.7223,2,1.6L I4,0,1,0,0
554,275.0,AST_DB5Vantage_64,3,3,9.4,1,1,0.0,0.1366,86.0,0.57,0.4,1.0,671.08,466.0476,2,4.0L I6,0,1,0,0
556,130.0,FOR_RS200Evolution_87,3,1,7.2,1,2,1.5,0.0469,90.0,0.57,0.4,1.0,717.87,553.2125,2,2.1L I4 - Turbo,0,0,0,0
558,170.0,MAZ_Miata_94,3,1,9.0,1,1,0.0,0.0562,48.0,0.57,0.4,1.0,470.85,349.5021,2,1.8L I4,0,0,0,0
573,220.0,LAM_Reventon_08,1,6,11.0,3,1,0.0,0.2186,90.0,0.57,0.4,1.0,1432.46,1037.388,3,6.5L V12,0,0,0,0
574,240.0,BMW_M5_09,1,5,12.0,3,1,0.0,0.1373,70.0,0.57,0.4,1.0,899.04,680.4065,3,5.0L V10,0,0,0,0
579,195.0,FER_F142_10,1,4,12.5,3,1,0.0,0.1114,86.0,0.57,0.4,1.0,833.35,683.8815,3,4.5L V8,0,0,0,0
608,173.0,FER_250TestaRossa_57,1,6,9.8,1,1,0.0,0.0821,140.0,0.57,0.4,1.0,460.96,389.4717,3,3.0L V12,0,1,0,0
609,215.0,SHE_CobraDaytona_65,1,4,10.8,1,1,0.0,0.0965,132.5,0.57,0.4,1.0,696.62,447.1292,5,4.7L V8,0,1,0,0
627,194.0,LAM_LP6704SV_10,1,6,11.1,3,1,0.0,0.201,99.935,0.57,0.4,1.0,1434.32,1070.1615,3,6.5L V12,0,0,0,0
629,225.0,PAG_ZondaR_10,1,6,12.0,1,1,0.0,0.1793,100.0,0.57,0.4,1.0,1099.64,853.3343,3,V12   -   Pagani Zonda R,0,0,0,0
642,278.0,AUD_RS6_09,1,5,10.5,3,3,0.694,0.2147,80.0,0.57,0.4,1.0,1011.03,729.399,3,V10TT   -   Audi RS 6 '09,0,0,0,0
661,199.0,MER_SLSAMG_11,1,4,11.3,3,1,0.0,0.1552,85.172,0.57,0.4,1.0,970.35,705.3129,3,6.2L V8,0,0,0,0
674,198.0,NUL_Car_00,1,4,9.3,3,5,0.4,0.1483,68.0,0.57,0.4,1.0,1053.71,699.7425,5,,0,0,0,0
675,183.0,AUD_RS3_11,3,2,10.0,3,2,1.2,0.0881,60.0,0.57,0.4,1.0,739.34,462.3937,2,2.5L I5 - Turbo,0,0,0,0
678,400.0,BUG_EB110SS_92,1,6,7.5,1,3,1.2,0.1395,120.0,0.57,0.4,1.0,768.2,571.8624,3,V12TT   -   EB110SS,0,0,0,0
679,183.0,AUD_TTRS_10,3,2,10.0,3,2,1.2,0.0881,60.0,0.57,0.4,1.0,740.48,476.3532,2,2.5L I5 - Turbo,0,0,0,0
690,152.0,VW_GolfR_10,3,1,9.6,3,2,1.2,0.0628,55.0,0.57,0.4,1.0,687.26,440.3433,2,2.0L I4 - Turbo,0,0,0,0
693,185.0,POR_911SportClassic_10,5,3,12.5,3,1,0.0,0.0749,64.0,0.57,0.4,1.0,793.89,629.9524,3,F6    -   911 Sport Classic,0,0,0,0
706,208.0,MOS_MT900S_10,1,4,11.1,1,1,0.0,0.1843,64.4,0.57,0.4,1.0,1462.69,885.2354,3,,0,0,0,0
720,240.0,LEX_LFA_10,1,5,12.0,3,1,0.0,0.1524,60.945,0.57,0.4,1.0,1069.27,955.4207,3,4.8L V10,0,0,0,0
728,156.0,BMW_MCoupe_02,3,3,11.5,3,1,0.0,0.0917,51.103,0.57,0.4,1.0,902.85,690.7717,2,,0,0,0,0
729,134.0,BMW_2002Turbo_73,3,1,6.9,1,2,0.55,0.0432,70.0,0.57,0.4,1.0,517.25,322.8508,2,2.0L I4 - Turbo,0,0,0,0
730,190.0,DEL_DMC12_82,1,3,8.8,1,1,0.0,0.0667,51.6,0.57,0.4,1.0,630.35,353.8645,3,2.8L V6,0,0,0,0
731,173.0,FER_250GT_60,1,6,9.2,1,1,0.0,0.0821,120.0,0.57,0.4,1.0,434.68,364.6473,3,3.0L V12,0,1,0,0
732,160.0,FOR_EscortRSCosworth_92,3,1,8.0,1,2,0.7,0.0444,65.0,0.57,0.4,1.0,608.71,402.417,2,2.0L I4 - Turbo,0,0,0,0
733,130.0,HON_CivicTypeR_97,3,1,10.8,2,1,0.0,0.0394,45.0,0.57,0.4,1.0,440.54,403.5952,2,1.6L I4 - VVT,0,0,0,0
736,311.0,PON_FirebirdTransAm_77,1,4,8.2,1,1,0.0,0.2127,76.465,0.57,0.4,1.0,1038.82,462.7218,3,6.6L V8,0,1,0,0
737,346.0,CHR_Cuda426_71,1,4,10.2,1,1,0.0,0.2306,68.0,0.57,0.4,1.0,1088.17,597.522,3,7.0L V8 - H,0,1,0,0
742,172.0,NIS_240SX_94,3,1,8.6,1,1,0.0,0.0722,60.188,0.57,0.4,1.0,530.26,318.6227,2,2.4L I4,0,0,0,0
745,290.0,PON_GTO_65,1,4,10.75,1,1,0.0,0.2019,81.386,0.57,0.4,1.0,1010.68,545.6883,3,,0,1,0,0
751,310.0,CHE_ElCaminoSS_70,1,4,11.25,1,1,0.0,0.2446,76.0,0.57,0.4,1.0,1050.55,610.3853,5,7.4L V8,0,1,0,0
753,160.0,FOR_RS500_87,3,1,12.0,1,2,0.7,0.0433,65.0,0.57,0.4,1.0,579.62,386.2875,2,I4T   -   Ford RS500 Cosworth,0,0,0,0
756,123.0,MER_190E_90,3,1,10.5,1,1,0.0,0.0444,70.0,0.57,0.4,1.0,565.27,442.9756,2,2.5L I4,0,0,0,0
757,180.0,MIT_Starion_88,3,1,7.1,1,2,0.685,0.0774,74.951,0.57,0.4,1.0,650.46,358.2716,2,,0,0,0,0
759,175.0,VOL_242Turbo_83,3,1,7.5,1,2,1.05,0.0507,60.0,0.57,0.4,1.0,600.45,340.1734,2,,0,0,0,0
760,295.45,CHE_ImpalaSS_64,1,4,11.0,1,1,0.0,0.1796,75.708,0.57,0.4,1.0,960.6,598.2155,3,,0,1,0,0
761,166.0,JAG_DType_56,3,3,9.0,1,1,0.0,0.1292,137.0,0.57,0.4,1.0,631.08,395.5118,2,,0,1,0,0
762,130.0,FOR_EscortRS1800_77,3,1,9.0,1,1,0.0,0.0394,40.5,0.57,0.4,1.0,472.45,292.5903,2,,0,1,0,0
764,195.0,MAS_GranTurismoS_10,1,4,11.25,3,1,0.0,0.1226,85.929,0.57,0.4,1.0,899.85,665.7833,3,4.7L V8,0,0,0,0
774,266.0,MCL_F1_93,1,6,11.0,3,1,0.0,0.2385,90.093,0.57,0.4,1.0,1424.38,1071.4218,3,6.1L V12,0,0,0,0
778,205.0,FER_365GTB4_68,1,6,9.3,1,1,0.0,0.1326,99.935,0.57,0.4,1.0,762.85,496.1142,2,4.4L V12,0,1,0,0
779,223.0,FER_599GTO_11,1,6,11.9,3,1,0.0,0.1566,104.856,0.57,0.4,1.0,1161.33,966.0096,3,6.0L V12,0,0,0,0
780,290.0,FOR_MustangMach1_71,1,4,11.3,1,1,0.0,0.1977,75.708,0.57,0.4,1.0,956.91,522.6611,5,7.0L V8,0,1,0,0
782,208.0,LAM_GallardoLP570_11,1,5,12.5,3,1,0.0,0.1915,90.093,0.57,0.4,1.0,852.7,684.4184,3,5.2L V10,0,0,0,0
783,140.0,SUB_WRXSTi_11,5,1,8.2,3,2,1.0,0.0432,63.973,0.57,0.4,1.0,682.17,442.0882,2,2.5L F4 - Turbo,0,0,0,0
788,400.0,BUG_VeyronSS_11,2,7,9.0,3,3,1.496,0.4233,99.935,0.57,0.4,1.0,1752.57,1096.1715,3,8.0L W16 - Quad Turbo,0,0,0,0
789,310.0,BUI_GSX_70,1,4,10.5,1,1,0.0,0.2304,75.708,0.57,0.4,1.0,1389.45,644.5085,3,V8   -   Buick GSX,0,1,0,0
790,265.0,CHE_CamaroZ28_70,1,4,11.0,1,1,0.0,0.1622,77.601,0.57,0.4,1.0,960.23,573.2047,3,5.7L V8,0,1,0,0
792,346.0,DOD_Dart_68,1,4,12.5,1,1,0.0,0.2306,68.137,0.57,0.4,1.0,1084.63,586.1127,3,,0,1,0,0
795,180.0,MAZ_55_787B_91,4,12,10.0,1,1,0.0,0.1026,100.0,0.57,0.4,1.0,632.25,535.4573,1,2.6L 4 Rotor - Racing,0,0,0,1
805,386.0,HUM_H1Alpha_06,1,4,17.5,1,2,1.36,0.2727,194.949,0.36,0.4,1.0,1943.9,616.239,2,,0,0,1,0
810,240.0,BMW_X5M_11,1,4,9.3,3,3,1.183,0.1513,85.172,0.57,0.4,1.0,922.19,607.9245,3,4.4L V8 - TT,0,0,0,0
811,227.0,LEX_SC300_97,3,3,10.2,3,1,0.0,0.1042,77.979,0.57,0.4,1.0,664.36,436.9504,2,,0,0,0,0
815,215.0,FOR_Mustang_65,1,4,10.5,1,1,0.0,0.0965,60.567,0.57,0.4,1.0,773.42,425.0043,3,,0,1,0,0
827,242.0,BMW_M5E39_03,1,4,11.0,3,1,0.0,0.1556,70.03,0.57,0.4,1.0,960.95,629.4081,3,4.9L V8,0,0,0,0
828,238.0,BMW_M5E28_88,3,3,10.5,1,1,0.0,0.1028,70.0,0.57,0.4,1.0,636.24,440.3135,2,,0,0,0,0
829,231.0,PAG_ZondaCinque_09,1,6,12.0,1,1,0.0,0.2415,100.0,0.57,0.4,1.0,1388.03,899.3291,3,7.3L V12,0,0,0,0
830,168.0,AUD_RS2_95,3,2,9.3,1,2,1.4,0.0714,64.087,0.57,0.4,1.0,652.2,419.8216,2,,0,0,0,0
832,450.0,BEN_8Litre_31,3,3,5.1,1,1,0.0,0.4624,100.0,0.57,0.4,1.0,932.0,298.0712,5,,0,1,0,0
836,159.0,LOT_Elise_99,3,1,11.0,1,1,0.0,0.0591,36.4,0.57,0.4,1.0,429.07,334.9312,2,,0,0,0,0
839,273.0,CHE_ImpalaSS_96,1,4,10.0,1,1,0.0,0.1658,87.0,0.57,0.4,1.0,879.17,475.6298,3,,0,0,0,0
840,140.0,VW_SciroccoS_81,3,1,8.2,1,1,0.0,0.0512,40.1,0.57,0.4,1.0,475.2,259.0562,2,,0,0,0,0
843,164.0,VW_GTIVR6_98,1,3,10.0,1,1,0.0,0.0924,54.888,0.57,0.4,1.0,643.98,419.7471,2,V6   -   VW Golf GTI VR6,0,0,0,0
845,152.0,BMW_1M_11,3,3,10.2,3,3,0.789,0.0883,52.996,0.57,0.4,1.0,783.29,484.265,2,3.0L I6 - TT,0,0,0,0
847,206.0,VOL_850_97,3,2,8.5,1,2,0.721,0.0891,73.0,0.57,0.4,1.0,618.01,428.8521,2,,0,0,0,0
848,240.0,BMW_M5_12,1,4,10.0,3,3,1.072,0.1513,80.0,0.57,0.4,1.0,949.59,621.0264,3,4.4L V8 - TT,0,0,0,0
852,208.0,LAM_SestoElemento_11,1,5,12.5,3,1,0.0,0.1915,90.093,0.57,0.4,1.0,809.88,659.6611,3,,0,0,0,0
855,140.0,TOY_MR2SC_89,3,1,8.0,1,5,0.694,0.0411,40.882,0.57,0.4,1.0,455.3,294.4098,2,I4DSC   -   Toyota MR2 SC,0,0,0,0
858,280.0,LAM_LP7004_12,1,6,11.8,3,1,0.0,0.1889,90.0,0.57,0.4,1.0,1494.11,1130.0338,3,6.5L V12,0,0,0,0
877,216.0,AUD_RS5_11,1,4,12.3,3,1,0.0,0.1571,64.0,0.57,0.4,1.0,850.29,716.7519,3,4.2L V8,0,0,0,0
878,238.0,BMW_M5_95,3,3,10.5,1,1,0.0,0.118,90.0,0.57,0.4,1.0,817.58,571.3703,2,,0,0,0,0
886,116.0,MAZ_RX8R3_11,4,8,10.0,1,1,0.0,0.0513,63.973,0.57,0.4,1.0,542.29,470.6038,2,1.3L 2 Rotor,0,0,0,1
888,152.0,VW_SciroccoR_11,3,1,9.8,3,2,1.2,0.0628,55.0,0.57,0.4,1.0,647.66,407.7264,2,,0,0,0,0
889,310.0,CHE_NovaSS_69,1,4,11.0,1,1,0.0,0.2166,68.137,0.57,0.4,1.0,1062.46,605.8589,3,6.5L V8,0,1,0,0
895,128.0,VW_Beetle_66,5,1,7.0,1,1,0.0,0.03,40.125,0.57,0.4,1.0,302.16,132.8017,2,1.2L F4,1,1,0,0
919,260.0,CHE_BelAir_57,1,4,8.5,1,1,0.0,0.1194,75.708,0.57,0.4,1.0,779.79,399.822,3,,0,1,0,0
920,263.0,FOR_SVTRaptor_12,1,4,9.8,3,1,0.0,0.1881,98.421,0.57,0.4,1.0,962.18,567.9922,3,6.2L V8,0,0,0,0
937,172.0,FOR_TransitSSV_11,3,2,15.7,1,2,1.02,0.0999,80.0,0.36,0.4,1.0,920.81,289.3241,2,,0,0,1,0
942,245.0,AMC_Gremlin_73,1,4,8.4,1,1,0.0,0.15,79.494,0.57,0.4,1.0,709.71,315.6101,3,,0,1,0,0
946,128.0,LOT_Cortina_66,3,1,9.5,1,1,0.0,0.0351,36.34,0.57,0.4,1.0,390.64,268.452,2,,0,1,0,0
956,232.0,JAG_XKRS_12,1,4,9.5,3,5,0.884,0.165,70.6,0.57,0.4,1.0,992.69,648.0804,3,5.0L V8 - DSC,0,0,0,0
960,196.0,MER_C63AMG_12,1,4,11.3,3,1,0.0,0.1537,66.0,0.57,0.4,1.0,1163.22,747.3629,3,6.2L V8,0,0,0,0
977,175.0,TOY_CelicaST185_90,3,1,8.8,1,2,0.959,0.0586,68.0,0.57,0.4,1.0,641.11,433.8557,2,,0,0,0,0
982,159.0,JEE_Wrangler_12,1,3,10.2,3,1,0.0,0.0771,70.409,0.57,0.4,1.0,700.56,477.3897,5,,0,0,0,0
983,163.0,LOT_ExigeS_12,1,3,10.8,3,5,0.374,0.0783,40.0,0.57,0.4,1.0,739.08,530.8191,2,3.5L V6 - DSC,0,0,0,0
985,189.0,MER_SLK55AMG_12,1,4,12.6,1,1,0.0,0.1347,70.03,0.57,0.4,1.0,988.12,642.3833,3,5.5L V8,0,0,0,0
989,145.0,FOR_Capri_74,1,3,9.0,1,1,0.0,0.055,51.103,0.57,0.4,1.0,598.48,313.9472,3,,0,1,0,0
990,238.0,FOR_Coupe_40,1,4,6.2,1,1,0.0,0.1752,60.567,0.57,0.4,1.0,509.55,206.4396,3,,0,1,0,0
991,260.0,GMC_Vandura_83,1,4,8.2,1,1,0.0,0.16,124.919,0.57,0.4,1.0,946.5,411.1342,3,,0,1,0,0
992,188.0,HEN_VenomGT_12,1,4,8.8,1,3,1.1,0.1403,70.03,0.57,0.4,1.0,1847.81,1054.9045,3,6.2L V8 - TT,0,0,0,0
993,240.0,HOL_Torana_77,1,4,9.7,1,1,0.0,0.1188,52.5,0.57,0.4,1.0,838.58,431.1414,3,,0,1,0,0
996,130.0,REN_AlpineA110_73,3,1,10.25,1,1,0.0,0.0469,38.0,0.57,0.4,1.0,409.66,284.2758,2,,0,1,0,0
999,240.0,POR_911GT2_12,5,3,14.5,3,3,1.6,0.0846,67.002,0.57,0.4,1.0,997.65,717.7363,3,3.6L F6TT,0,0,0,0
1022,232.7,VIP_Viper_13,1,5,10.25,3,1,0.0,0.2438,68.14,0.57,0.4,1.0,1351.19,840.1653,3,8.4L V10,0,0,0,0
1024,295.0,CHE_Corvette_53,3,3,8.0,1,1,0.0,0.1699,68.137,0.57,0.4,1.0,591.97,317.3997,6,,0,1,0,0
1028,140.0,HON_CivicRS_74,3,1,8.6,1,1,0.0,0.04,38.0,0.57,0.4,1.0,320.0,199.6164,2,,0,1,0,0
1034,128.0,AH_Sprite_58,3,1,8.3,1,1,0.0,0.038,27.3,0.57,0.4,1.0,282.51,165.7318,2,,0,1,0,0
1035,270.0,CHE_MonteCarlo_88,1,4,9.5,1,1,0.0,0.1644,68.516,0.57,0.4,1.0,635.19,346.1987,3,,0,1,0,0
1040,100.0,FOR_EscortRS1600_73,3,1,10.0,1,1,0.0,0.0352,40.9,0.57,0.4,1.0,412.78,281.4197,2,,0,1,0,0
1041,238.0,FOR_F100_56,1,4,8.0,1,1,0.0,0.137,64.352,0.57,0.4,1.0,664.28,314.3051,3,,0,1,0,0
1043,280.0,LAM_AventadorJ_12,1,6,11.8,3,1,0.0,0.1889,90.0,0.57,0.4,1.0,1495.32,1129.9816,3,,0,0,0,0
1051,160.0,PEU_205T16_84,3,1,6.5,1,2,0.952,0.0504,75.0,0.57,0.4,1.0,571.84,381.5747,2,1.8L I4T,0,0,0,0
1052,180.0,TOY_CelicaGT_74,3,1,8.5,1,1,0.0,0.0516,49.967,0.57,0.4,1.0,395.47,241.3831,2,,0,1,0,0
1059,223.0,FER_599XXEvolution_12,1,6,11.5,3,1,0.0,0.1566,90.0,0.57,0.4,1.0,1274.57,1060.6688,3,,0,0,0,0
1061,208.0,LAM_GallardoLP570Spyder_12,1,5,12.5,3,1,0.0,0.1915,80.0,0.57,0.4,1.0,852.7,684.4184,3,,0,0,0,0
1067,216.0,AUD_RS4Avant_13,1,4,12.3,3,1,0.0,0.1571,61.0,0.57,0.4,1.0,850.61,719.6378,3,,0,0,0,0
1087,300.0,MER_G65AMG_13,1,6,9.0,1,3,1.3,0.2976,96.0,0.57,0.4,1.0,1191.69,617.0146,3,6.0L V12 - TT,0,0,0,0
1112,100.0,ARI_Atom_13,1,4,12.8,1,1,0.0,0.0535,40.0,0.57,0.4,1.0,606.64,590.8107,3,3.0L V8 - Racing,0,0,0,0
1113,115.0,CAT_R500_13,3,1,11.75,1,1,0.0,0.0428,35.961,0.57,0.4,1.0,473.82,404.4901,2,,0,0,0,0
1114,165.0,KTM_XBow_13,3,1,9.8,3,2,1.3,0.066,40.0,0.57,0.4,1.0,694.38,435.6305,2,2.0L I4 - Turbo,0,0,0,0
1115,283.0,FOR_MustangGT500_13,1,4,9.0,3,5,1.02,0.2469,59.81,0.57,0.4,1.0,1207.6,776.8926,3,5.8L V8 - DSC,0,0,0,0
1116,140.0,SUB_BRZ_13,5,1,12.5,3,1,0.0,0.0512,49.967,0.57,0.4,1.0,595.17,471.9983,2,2.0L F4,0,0,0,0
1119,148.0,MER_A45AMG_13,3,1,8.6,3,2,1.8,0.0605,56.0,0.57,0.4,1.0,939.35,617.9094,2,2.0L I4T,0,0,0,0
1123,128.0,MIN_CooperS_65,3,1,9.75,1,1,0.0,0.0432,24.605,0.57,0.4,1.0,332.3,207.6625,2,1.3L I4,0,1,0,0
1128,200.0,MCL_P1_13,1,4,8.1,3,3,1.4,0.0846,64.0,0.57,0.4,1.0,1274.02,952.0352,3,3.8L V8 - TT,0,0,0,0
1129,226.8,FOR_MustangBoss302_69,1,4,10.5,1,1,0.0,0.1085,75.708,0.57,0.4,1.0,720.68,440.7012,3,4.9L V8,0,1,0,0
1136,140.0,MIN_JCWGP_13,3,1,10.5,3,2,1.36,0.0512,50.0,0.57,0.4,1.0,547.18,351.4335,2,,0,0,0,0
1137,146.0,MAZ_MX5_13,3,1,10.8,3,1,0.0,0.0489,48.075,0.57,0.4,1.0,486.25,342.9027,2,2.0L I4,0,0,0,0
1138,145.0,HON_S2000CR_09,3,1,11.1,2,1,0.0,0.0585,49.967,0.57,0.4,1.0,526.94,441.1934,2,2.2L I4 - VVT,0,0,0,0
1139,270.0,CHE_CorvetteZR1_95,1,4,11.0,1,1,0.0,0.1837,75.708,0.57,0.4,1.0,950.45,615.1279,3,5.7L V8,0,0,0,0
1140,140.0,TOY_GT86_13,5,1,12.5,3,1,0.0,0.0512,49.967,0.57,0.4,1.0,595.33,466.5025,2,2.0L F4,0,0,0,0
2135,240.0,NIS_GTR_12,1,3,9.0,3,3,0.8,0.1134,73.816,0.57,0.4,1.0,1124.83,757.4895,3,3.8L V6 - TT,0,0,0,0
2137,236.0,AUD_RS7_13,1,4,10.1,3,3,1.19,0.1529,75.0,0.57,0.4,1.0,1033.43,640.1984,3,4.0L V8 - TT,0,0,0,0
2138,204.0,AUD_R8Plus_13,1,5,12.5,3,1,0.0,0.189,75.0,0.57,0.4,1.0,849.94,669.0942,3,5.2L V10,0,0,0,0
2139,190.0,FOR_FiestaST_14,3,1,10.0,3,2,1.428,0.0548,46.939,0.57,0.4,1.0,515.86,314.9986,2,1.6L I4 - Turbo,0,0,0,0
2146,240.0,BMW_M6_13,1,4,10.0,3,3,1.476,0.1547,79.872,0.57,0.4,1.0,924.74,623.4574,3,,0,0,0,0
2147,190.0,FOR_FocusRS_03,3,1,12.0,3,2,1.088,0.0646,54.888,0.57,0.4,1.0,590.38,343.6186,2,,0,0,0,0
2149,254.0,MER_E63AMG_13,1,4,10.0,3,3,1.0,0.1646,66.0,0.57,0.4,1.0,1104.89,669.5267,3,5.5L V8TT,0,0,0,0
2150,135.0,REN_ClioRS_13,3,1,9.5,3,2,0.646,0.0445,45.0,0.57,0.4,1.0,509.26,345.6767,2,,0,0,0,0
2154,130.0,FOR_43_FiestaRSWRC_11_EN,3,1,15.5,1,2,2.5,0.0364,999.99,0.57,0.4,1.0,925.69,497.9337,2,1.6L I4 - Turbo Rally,0,0,0,0
2162,232.0,FER_LaFerrari_13,1,6,13.5,3,1,0.0,0.161,68.137,0.57,0.4,1.0,1243.66,1023.339,3,6.3L V12,0,0,0,0
2168,160.0,BAC_Mono_14,3,1,14.0,3,1,0.0,0.0662,35.0,0.57,0.4,1.0,482.67,375.6016,1,,0,0,0,0
2170,234.0,LAM_Veneno_13,1,6,11.8,3,1,0.0,0.1663,90.0,0.57,0.4,1.0,1372.41,1097.8568,3,,0,0,0,0
2177,110.0,JEE_WillysMB_45,3,1,6.48,1,1,0.0,0.0748,68.137,0.57,0.4,1.0,391.0,162.7565,2,,0,1,0,0
2194,173.0,BUG_Type35_24,3,4,9.0,1,5,0.408,0.1218,100.0,0.57,0.4,1.0,293.7,172.294,5,,0,1,0,0
2196,270.0,MAS_8CTF_39,3,4,6.5,1,5,1.7,0.2124,150.0,0.57,0.4,1.0,658.63,395.4522,5,,0,1,0,0
2197,500.0,MER_W154_47,1,6,7.5,1,5,2.584,0.2521,420.0,0.57,0.4,1.0,561.71,434.1391,5,Vintage 3.0L DSC V12,0,1,0,0
2221,80.0,PG_BikeEngine_16,3,1,12.5,1,1,0.0,0.03,999.99,0.57,0.4,1.0,232.03,219.8622,2,I4 Motorbike Engine,0,0,0,0
2224,200.0,AUD_TypeD_39,1,6,10.0,1,5,2.482,0.1456,272.55,0.57,0.4,1.0,612.25,418.4346,5,,0,1,0,0
2233,183.0,DON_D8GTO_13,3,2,10.0,3,2,1.2,0.0881,48.0,0.57,0.4,1.0,980.46,643.5466,2,2.5L I5 Turbo,0,0,0,0
2236,275.0,JEE_Cherokee_14,1,4,10.9,1,1,0.0,0.1942,93.121,0.57,0.4,1.0,1125.65,706.9311,3,,0,0,0,0
2247,125.0,HON_CRXMugen_84,3,1,8.7,1,1,0.0,0.0492,41.0,0.57,0.4,1.0,427.34,320.7703,2,,0,0,0,0
2249,146.0,HON_Prelude_94,3,1,9.8,1,1,0.0,0.064,60.188,0.57,0.4,1.0,630.7,422.5658,2,,0,0,0,0
2259,200.0,HOL_HSVGTS_14,1,4,9.1,1,5,0.612,0.1461,71.0,0.57,0.4,1.0,1054.65,696.6777,5,,0,0,0,0
2261,210.0,BMW_i8_15,3,11,9.5,3,2,1.496,0.0591,42.018,0.57,0.4,1.0,803.19,460.8128,2,,0,0,0,0
2262,200.0,CHE_SS_14,1,4,10.7,1,1,0.0,0.1461,71.166,0.57,0.4,1.0,1156.68,758.6006,3,6.2L V8,0,0,0,0
2263,220.0,LR_Defender_97,1,4,9.35,1,1,0.0,0.0927,59.052,0.57,0.4,1.0,627.32,341.4784,5,3.9L V8,0,0,0,0
2270,152.0,VW_GolfR_14,3,1,9.3,3,2,1.1,0.0628,55.0,0.57,0.4,1.0,667.42,428.0169,2,,0,0,0,0
2273,201.395,FOR_RangerT6_14,1,4,11.0,3,1,0.0,0.15,500.0,0.57,0.4,1.0,1013.55,537.0531,3,,0,0,0,0
2274,225.0,LOC_RallyFighter_14,1,4,10.7,1,1,0.0,0.1581,93.121,0.57,0.4,1.0,1178.26,740.674,3,,0,0,0,0
2275,175.0,MG_Metro6R4_86,1,3,12.0,1,1,0.0,0.0668,110.0,0.57,0.4,1.0,801.42,702.0169,3,,0,0,0,0
2276,172.0,MIN_XRaidCountryman_13,3,3,16.5,3,3,2.7,0.0952,416.395,0.36,0.4,1.0,1099.33,359.502,3,,0,0,1,0
2277,160.0,REN_ClioWilliams_93,3,1,10.0,1,1,0.0,0.0648,50.0,0.57,0.4,1.0,464.89,328.5778,2,,0,0,0,0
2279,128.0,VW_Type2_63,5,1,7.8,1,1,0.0,0.0313,40.125,0.57,0.4,1.0,369.58,161.5634,2,,1,1,0,0
2282,168.0,BMW_M4_14,3,3,10.2,3,3,1.3,0.0938,60.0,0.57,0.4,1.0,877.81,550.1253,3,,0,0,0,0
2286,135.0,FOR_Fiesta_81,3,1,9.0,1,1,0.0,0.0413,40.0,0.57,0.4,1.0,373.63,215.5595,2,,0,1,0,0
2290,156.0,JAG_FTypeCoupe_15,1,4,9.5,3,5,0.479,0.1277,70.03,0.57,0.4,1.0,968.58,666.3948,5,,0,0,0,0
2291,160.0,HON_CivicTypeR_15,3,1,9.8,3,2,1.38,0.0554,50.0,0.57,0.4,1.0,694.51,449.2395,2,2.0L Turbo - VVT,0,0,0,0
2292,208.0,LAM_Huracan_15,1,5,12.7,1,1,0.0,0.1915,80.0,0.57,0.4,1.0,1129.8,905.8018,3,5.2L V10,0,0,0,0
2296,140.0,SUB_WRXSTI_15,5,1,8.2,3,2,1.0,0.0432,60.188,0.57,0.4,1.0,682.17,442.0882,2,,0,0,0,0
2299,146.0,MAZ_MX5_05,3,1,9.5,3,2,0.578,0.0513,48.075,0.57,0.4,1.0,537.61,353.8123,2,,0,0,0,0
2301,140.0,MG_MG3_15,3,1,10.5,3,1,0.0,0.05,45.0,0.57,0.4,1.0,421.69,270.786,2,1.5L I4,0,0,0,0
2303,240.0,LEX_RCF_15,1,4,12.3,3,1,0.0,0.1582,66.0,0.57,0.4,1.0,956.64,704.0676,2,,0,0,0,0
2304,280.0,LAM_LM002_86,1,6,9.5,1,1,0.0,0.184,291.477,0.57,0.4,1.0,721.62,534.1002,3,,0,1,0,0
2305,250.0,CHE_CorvetteZ06_15,1,4,10.0,3,5,0.646,0.1701,70.03,0.57,0.4,1.0,1185.77,743.6941,5,,0,0,0,0
2306,235.0,AUD_RS4_01,1,3,9.0,3,3,1.088,0.1068,62.0,0.57,0.4,1.0,705.22,501.5354,3,,0,0,0,0
2307,160.0,AUD_S1_15,3,1,9.3,3,2,1.4,0.0648,45.0,0.57,0.4,1.0,621.09,336.6314,2,,0,0,0,0
2308,224.0,AUD_RS6_15,1,4,10.1,3,3,1.2,0.1475,75.0,0.57,0.4,1.0,971.42,635.7838,3,,0,0,0,0
2309,260.0,AST_V12VantageS_14,1,6,10.7,1,1,0.0,0.1984,79.872,0.57,0.4,1.0,932.78,671.0927,5,,0,0,0,0
2310,160.0,AUD_TTS_15,3,1,9.3,3,2,1.2,0.0648,55.0,0.57,0.4,1.0,659.31,446.2045,2,,0,0,0,0
2311,206.0,CHE_CamaroZ28_15,1,4,11.0,1,1,0.0,0.1831,71.923,0.57,0.4,1.0,1476.56,943.4373,3,7.0L V8,0,0,0,0
2312,195.0,FER_458Speciale_15,1,4,14.0,1,1,0.0,0.1114,86.0,0.57,0.4,1.0,873.4,755.409,3,,0,0,0,0
2313,156.0,JAG_XFRS_15,1,4,12.0,3,5,0.479,0.1277,69.652,0.57,0.4,1.0,980.67,674.5677,5,,0,0,0,0
2315,260.0,FOR_Bronco_75,1,4,8.6,1,1,0.0,0.1194,46.182,0.57,0.4,1.0,815.24,405.7503,5,,0,1,0,0
2316,197.0,KOE_One_15,1,4,9.0,3,3,1.8,0.1542,74.0,0.57,0.4,1.0,1370.99,999.939,3,5.1L V8 TT,0,0,0,0
2317,230.0,MCL_650S_15,1,4,8.7,3,3,1.2,0.0929,72.0,0.57,0.4,1.0,918.48,681.7935,3,,0,0,0,0
2337,145.0,MAZ_323GTR_92,3,1,8.2,1,2,0.6,0.0511,60.0,0.57,0.4,1.0,500.72,342.7386,2,1.8L I4-T,0,0,0,0
2364,232.0,JAG_XKRSGT_15,1,4,9.5,3,5,0.694,0.165,70.6,0.57,0.4,1.0,993.05,631.4364,5,,0,0,0,0
2388,128.0,VW_Baja_70,5,1,13.5,1,1,0.0,0.0313,56.781,0.57,0.4,1.0,316.23,192.0401,1,,0,1,0,0
2392,220.0,CAD_ATSV_16,1,3,10.2,3,3,1.224,0.0997,60.567,0.57,0.4,1.0,1060.03,681.9427,3,,0,0,0,0
2394,222.0,DOD_ChallengerHellcat_15,1,4,9.5,3,5,0.789,0.1533,70.03,0.57,0.4,1.0,1220.9,782.6569,5,,0,0,0,0
2397,146.0,MAZ_MX5_16,3,1,13.0,3,1,0.0,0.0601,45.0,0.57,0.4,1.0,586.93,379.099,2,,0,0,0,0
2400,199.0,NIS_SkylineGTR_73,3,3,9.51,1,1,0.0,0.0512,55.0,0.57,0.4,1.0,439.78,326.1543,2,,0,1,0,0
2419,240.0,POR_911TurboS_14,5,3,9.8,3,3,1.333,0.0891,67.759,0.57,0.4,1.0,1140.3,680.4885,3,3.8L F6TT,0,0,0,0
2420,240.0,POR_918Spyder_14,1,4,13.5,3,1,0.0,0.1281,70.03,0.57,0.4,1.0,1444.42,1074.3002,3,4.6L V8 Hybrid,0,0,0,0
2423,179.0,POR_CaymanGTS_15,5,3,12.5,3,1,0.0,0.0733,63.973,0.57,0.4,1.0,768.05,571.8848,2,,0,0,0,0
2427,250.0,POR_911GT3RS_12,5,3,12.6,3,1,0.0,0.0965,67.002,0.57,0.4,1.0,955.71,799.9571,3,4.0L F6,0,0,0,0
2482,220.0,ACU_NSX_16,1,3,14.0,3,3,1.05,0.1093,59.052,0.2816,0.4,1.0,1267.62,756.6842,3,3.5L TT Hybrid,0,0,0,0
2487,190.0,FOR_FocusRS_17,3,1,9.37,3,2,1.578,0.0737,52.617,0.57,0.4,1.0,740.92,434.8326,2,,0,0,0,0
2493,230.0,FOR_Phoenix_16,1,3,9.0,3,3,1.632,0.1076,64.35,0.57,0.4,1.0,1005.98,679.0046,3,3.5L V6TT,0,0,0,0
2501,232.0,FER_FXXK_16,1,6,13.5,1,1,0.0,0.161,68.137,0.4665,0.4,1.0,1236.32,1059.9454,3,6.3L V12 Hybrid,0,0,0,0
2502,238.0,FOR_Coupe_32,1,4,5.5,1,1,0.0,0.1752,41.64,0.57,0.4,1.0,483.79,182.1223,3,,0,1,0,0
2527,220.0,FOR_F150Raptor_17,1,3,10.0,3,3,1.2,0.1044,98.42,0.57,0.4,1.0,1215.64,685.1492,3,3.5L V6TT,0,0,0,0
2530,235.0,FOR_ShelbyGT350R_16,1,4,12.0,3,1,0.0,0.1665,60.567,0.57,0.4,1.0,1118.79,799.0996,3,5.2L V8,0,0,0,0
2542,70.0,BMW_Isetta_62,3,14,12.0,1,1,0.0,0.019,12.87,0.57,0.4,1.0,76.24,46.2409,5,,0,1,0,0
2546,130.0,MEY_Manx_71,5,1,7.5,1,1,0.0,0.0316,40.125,0.57,0.4,1.0,337.64,170.4074,2,,0,1,0,0
2547,265.0,HOL_MonaroGTS_73,1,4,8.5,1,1,0.0,0.1622,75.1,0.57,0.4,1.0,1010.21,533.2128,3,,0,1,0,0
2550,160.0,OPE_Manta400_84,3,1,11.2,1,1,0.0,0.0541,110.0,0.57,0.4,1.0,703.66,507.859,2,,0,1,0,0
2551,250.0,CAD_CTSVSedan_16,1,4,10.0,3,5,0.639,0.1701,71.923,0.57,0.4,1.0,1042.35,661.8237,5,,0,0,0,0
2552,200.0,HOL_HSVGTSMaloo_16,1,4,9.1,1,5,0.612,0.1461,71.0,0.57,0.4,1.0,1054.65,696.6777,5,,0,0,0,0
2553,250.0,LOL_6_T70_69,1,4,12.0,1,1,0.0,0.1161,227.125,0.57,0.4,1.0,665.99,478.292,1,,0,0,0,0
2554,1156.0,MER_24_RaceTruck_15,3,3,13.0,1,2,3.0,1.4789,112.0,0.36,0.4,1.0,7448.08,1199.6001,2,12.8L I6T Diesel,0,0,1,0
2557,110.0,VAU_CorsaVXR_16,3,1,8.8,3,2,1.3,0.0408,45.0,0.57,0.4,1.0,528.09,322.9254,2,,0,0,0,0
2560,160.0,ARI_Nomad_16,3,1,11.0,2,1,0.0,0.0734,50.0,0.57,0.4,1.0,648.5,433.8259,2,,0,0,0,0
2561,240.0,BMW_X6M_16,1,4,10.0,3,3,1.496,0.1547,84.793,0.57,0.4,1.0,1006.05,645.4332,3,,0,0,0,0
2567,205.0,INF_Q60_16,1,3,9.8,3,3,1.0,0.0906,75.708,0.57,0.4,1.0,959.21,604.5614,3,,0,0,0,0
2597,200.0,FER_488GTB_16,1,4,9.4,3,3,1.768,0.1189,78.0,0.57,0.4,1.0,1030.06,714.7535,3,3.9L V8TT,0,0,0,0
2598,222.0,DOD_ChargerSRTHellcat_15,1,4,9.5,3,5,0.789,0.1533,70.03,0.57,0.4,1.0,1225.49,782.6569,5,6.2L V8 DSC,0,0,0,0
2600,165.5,AST_Vulcan_16,1,6,12.5,3,1,0.0,0.1737,120.0,0.57,0.4,1.0,901.91,739.5927,1,7.0L V12,0,0,0,0
2601,254.0,MER_C63AMGCoupe_16,1,4,10.5,3,3,1.2,0.172,66.0,0.57,0.4,1.0,1072.66,617.969,3,,0,0,0,0
2602,230.0,MCL_570S_16,1,4,8.7,3,3,1.0,0.0929,72.0,0.57,0.4,1.0,874.17,644.2848,3,,0,0,0,0
2603,208.0,AUD_R8V10Plus_16,1,5,12.7,3,1,0.0,0.1915,74.951,0.57,0.4,1.0,836.48,708.7655,3,,0,0,0,0
2604,255.0,ZEN_ST1_16,1,4,9.0,1,3,1.4,0.1998,69.0,0.57,0.4,1.0,1927.73,1091.8689,3,,0,0,0,0
2607,168.0,BMW_M2_16,3,3,10.2,3,2,1.0,0.0917,52.0,0.57,0.4,1.0,877.14,546.7547,2,,0,0,0,0
2609,234.0,LAM_LP7504SV_16,1,6,11.8,3,1,0.0,0.1663,90.0,0.57,0.4,1.0,1340.32,1072.1898,3,,0,0,0,0
2616,130.0,RAD_RXC_15,1,3,9.0,3,3,1.2,0.0754,100.0,0.57,0.4,1.0,1062.47,613.7036,3,,0,0,0,0
2622,233.5,JAG_FTypeProject7_16,1,4,9.5,3,5,0.68,0.1657,72.0,0.57,0.4,1.0,1005.13,692.7478,5,,0,0,0,0
2623,260.0,AST_VantageGT12_16,1,6,11.0,3,1,0.0,0.1984,79.872,0.57,0.4,1.0,938.89,702.5911,5,,0,0,0,0
2624,232.0,LR_RangeRoverSVR_15,1,4,9.5,3,5,0.476,0.165,104.856,0.57,0.4,1.0,969.52,667.0436,5,5.0 V8 DSC,0,0,0,0
2637,257.0,CHE_150UtilitySedan_55,1,4,8.0,1,1,0.0,0.1184,60.567,0.57,0.4,1.0,649.22,319.786,3,,0,1,0,0
2640,240.0,HOL_SandmanHQ_74,1,4,9.0,1,1,0.0,0.1188,70.4,0.57,0.4,1.0,816.79,430.4852,3,,0,1,0,0
2641,225.0,JEE_CJ5Renegade_76,1,4,8.4,1,1,0.0,0.1414,58.674,0.57,0.4,1.0,685.57,304.8794,3,,0,1,0,0
2642,226.0,NIS_SkylineGTSR_87,3,3,8.5,1,2,0.68,0.0689,65.0,0.57,0.4,1.0,544.2,380.5083,2,,0,0,0,0
2645,127.0,PEN_Cholla_11,3,1,11.2,3,1,0.0,0.063,83.279,0.57,0.4,1.0,463.11,295.3494,1,,0,0,0,0
2647,263.0,FOR_11_F150TrophyTruck_14,1,4,12.0,1,1,0.0,0.2001,321.76,0.57,0.4,1.0,1600.55,1141.5399,3,,0,0,0,0
2651,85.0,POL_RZR1000_15,3,11,10.5,1,1,0.0,0.03,35.961,0.57,0.4,1.0,274.74,255.9541,2,,0,0,0,0
2656,189.0,KOE_Regera_16,1,4,9.3,3,3,1.4,0.1501,82.0,0.27,0.4,1.0,1959.19,1118.5053,3,,0,0,0,0
2657,300.0,AST_DB11_17,1,6,9.2,3,3,0.7,0.1686,78.0,0.57,0.4,1.0,1133.76,812.3134,3,5.2L V12 - TT,0,0,0,0
2658,225.0,POR_911GT3RS_16,5,3,12.9,3,1,0.0,0.0942,63.973,0.57,0.4,1.0,852.7,713.9779,3,4.0L F6,0,0,0,0
2659,185.0,POR_CaymanGT4_16,5,3,12.5,3,1,0.0,0.0749,53.753,0.57,0.4,1.0,967.98,735.5361,3,,1,0,0,0
2664,195.0,POR_968TurboS_93,3,1,8.0,1,2,1.0,0.0657,74.0,0.57,0.4,1.0,876.29,465.5032,2,,0,0,0,0
2671,163.0,LOT_3Eleven_16,1,3,10.0,3,5,0.82,0.0783,60.0,0.57,0.4,1.0,717.11,572.5186,5,,0,0,0,0
2674,232.7,DOD_ViperACR_16,1,5,10.2,3,1,0.0,0.2438,60.567,0.57,0.4,1.0,1351.19,846.8244,3,,0,0,0,0
2679,175.0,POR_3_917LH_70,5,6,10.5,1,1,0.0,0.1164,140.0,0.57,0.4,1.0,998.08,794.163,3,,0,0,0,0
2681,198.0,FOR_PursuitUte_15,1,4,9.25,3,5,0.34,0.1483,81.0,0.57,0.4,1.0,1060.04,694.7836,5,,0,0,0,0
2682,127.0,AC_Class10_15,3,1,11.2,3,1,0.0,0.063,151.416,0.57,0.4,1.0,463.11,295.3494,1,,0,0,0,0
2688,318.0,INT_Scout800A_70,1,4,8.2,1,1,0.0,0.1572,37.854,0.57,0.4,1.0,763.88,381.7537,5,,0,1,0,0
2689,269.0,JAG_MkII38_59,3,3,8.0,1,1,0.0,0.1785,50.0,0.57,0.4,1.0,656.46,377.3615,2,,0,1,0,0
2690,150.0,LR_SeriesIII_72,3,1,8.0,1,1,0.0,0.0571,45.0,0.57,0.4,1.0,420.1,176.9844,2,,0,1,0,0
2692,80.0,MOR_3Wheeler_14,1,13,9.75,1,1,0.0,0.0322,42.0,0.57,0.4,1.0,335.27,183.0619,1,,0,0,0,0
2693,75.0,REL_SupervanIII_72,3,1,7.8,1,1,0.0,0.03,27.276,0.57,0.4,1.0,226.71,129.0881,1,,0,1,0,0
2696,282.0,TOY_FJ40_75,3,3,7.8,1,1,0.0,0.171,70.03,0.57,0.4,1.0,555.36,255.3873,5,,0,1,0,0
2698,109.0,VW_Class5Bug_69,5,1,8.0,1,1,0.0,0.03,68.137,0.57,0.4,1.0,404.87,183.4049,2,,1,1,0,0
2699,230.0,ULT_EvolutionCoupe_15,1,4,8.5,1,5,1.2,0.1973,68.137,0.57,0.4,1.0,1248.43,760.5618,5,,0,0,0,0
2700,189.0,JAG_XES_15,1,3,10.5,3,5,0.79,0.0988,63.0,0.57,0.4,1.0,785.27,506.8299,5,,0,0,0,0
2701,189.0,JAG_FPace_17,1,3,10.5,3,5,0.9,0.0988,63.0,0.57,0.4,1.0,717.05,505.1745,5,,0,0,0,0
2704,200.0,343_Warthog_15,1,4,9.0,3,3,1.0,0.2051,321.76,0.57,0.4,1.0,1560.13,721.6213,3,,1,0,0,0
2705,265.0,HOT_BoneShaker_11,1,4,11.0,3,1,0.0,0.155,38.0,0.57,0.4,1.0,719.73,451.7525,1,,0,0,0,0
2707,268.0,FER_F12tdf_15,1,6,13.5,3,1,0.0,0.1782,91.986,0.57,0.4,1.0,1308.44,1114.829,3,,0,0,0,0
2710,198.0,FOR_FalconGTF_15,1,4,9.3,3,5,0.524,0.1483,68.0,0.57,0.4,1.0,863.38,596.7986,5,,0,0,0,0
2715,272.0,FOR_FalconXAStreet_72,1,4,11.0,1,1,0.0,0.1691,136.275,0.57,0.4,1.0,894.25,587.6936,3,,0,1,0,0
2743,240.0,GMC_Jimmy_70,1,4,10.1,1,1,0.0,0.1653,88.957,0.57,0.4,1.0,888.58,530.7818,3,,0,0,0,0
2744,295.0,FOR_MustangGT390_68,1,4,10.5,1,1,0.0,0.2088,64.352,0.57,0.4,1.0,1111.95,587.2164,3,,0,1,0,0
2746,234.0,LAM_Bellissima_17,1,6,11.8,3,1,0.0,0.1663,90.0,0.57,0.4,1.0,1354.49,1161.6515,3,,0,0,0,0
2748,240.0,NIS_GTR_17,1,3,9.0,3,3,0.884,0.1134,73.8,0.57,0.4,1.0,1049.33,734.0969,3,,0,0,0,0
2753,410.0,BUG_Chiron_17,2,7,9.0,3,3,1.822,0.4317,100.0,0.57,0.4,1.0,1601.25,1102.8232,3,,0,0,0,0
2754,370.0,BEN_Bentayga_16,2,6,10.5,3,3,1.836,0.327,85.172,0.57,0.4,1.0,1185.02,682.047,3,,0,0,0,0
2758,168.0,BMW_M4GTS_16,3,3,10.2,3,3,1.5,0.0938,60.0,0.57,0.4,1.0,881.76,572.1607,3,,0,0,0,0
2766,160.0,TOY_1_BajaTruck_93,1,3,13.0,1,1,0.0,0.0756,162.773,0.57,0.4,1.0,715.59,565.0393,3,Racing V6,0,0,0,0
2777,225.0,PAG_Huayra_16,1,6,9.0,1,3,1.108,0.2423,85.0,0.57,0.4,1.0,1312.38,774.0739,3,,0,0,0,0
2779,225.0,FOR_CrownVictoria_10,1,4,9.4,1,1,0.0,0.1513,71.923,0.57,0.4,1.0,806.89,457.9418,3,,0,0,0,0
2780,260.0,VOL_V60Polestar_15,3,3,9.3,3,2,1.2,0.1341,67.38,0.57,0.4,1.0,856.72,501.8412,2,,0,0,0,0
2785,254.0,MER_AMGGTR_17,1,4,10.6,3,3,1.333,0.172,65.0,0.57,0.4,1.0,1034.96,672.2262,3,,0,0,0,0
2787,259.9,TOY_HiluxArctic_14,3,1,15.0,1,2,0.986,0.1096,180.0,0.36,0.4,1.0,1270.65,503.1387,2,,0,0,1,0
2790,149.0,NIS_SilviaKs_98,3,1,8.5,3,2,0.72,0.0531,65.0,0.57,0.4,1.0,780.14,514.2049,2,,1,0,0,0
2793,408.0,NIS_Titan_17,1,4,16.3,1,2,1.5,0.2355,98.421,0.36,0.4,1.0,1976.88,606.7463,2,5.0L V8T Diesel,0,0,1,0
2794,180.0,RJ_37_Pro2Truck_16,1,4,12.0,1,1,0.0,0.1548,75.708,0.57,0.4,1.0,1385.48,1011.1095,3,Racing 7.2L V8,0,0,0,0
2796,300.0,BEN_ContinentalSS_17,2,6,9.0,3,3,1.4,0.2787,90.0,0.57,0.4,1.0,1368.03,806.4447,3,,0,0,0,0
2838,225.0,TOY_SupraRZHE_98,3,3,10.0,1,2,1.2,0.1036,70.0,0.57,0.4,1.0,1223.13,946.8824,2,Racing 3.0L I6T,0,0,0,0
2839,240.0,BMW_X5M_Traffic_11,1,4,9.3,3,3,1.183,0.1513,85.172,0.57,0.4,1.0,922.19,607.9245,3,,0,0,0,0
2841,172.0,FOR_Transit_Traffic_11,3,1,17.5,1,2,1.0,0.0707,100.0,0.36,0.4,1.0,546.73,193.278,2,,0,0,1,0
2842,155.0,MAZ_Mazdaspeed3_Traffic_10,3,1,9.5,3,2,1.061,0.065,60.0,0.57,0.4,1.0,772.37,473.3704,2,,0,0,0,0
2843,170.0,MIT_GalantVR4_Traffic_92,3,1,7.8,1,2,0.755,0.0602,62.081,0.57,0.4,1.0,735.75,400.2023,2,,0,0,0,0
2844,250.0,PG_BoxTruck_14,1,4,22.0,1,3,3.0,0.5472,70.03,0.36,0.4,1.0,4301.44,774.2081,3,16.1L I6 TD,1,0,1,0
2845,250.0,PG_Bus_14,1,4,22.0,1,3,3.0,0.5472,56.781,0.36,0.4,1.0,4301.44,774.2081,3,16.1L I6 TD,1,0,1,0
2846,130.0,SUB_199_WRXSTIVT15r_16,5,1,11.0,3,2,1.75,0.0374,75.708,0.57,0.4,1.0,1147.87,433.632,2,2.0L F4 - Turbo Rally,0,0,0,0
2859,260.0,CHE_HooniganBelair_55,1,4,10.0,1,1,0.0,0.16,60.56,0.57,0.4,1.0,883.61,607.6709,3,,0,1,0,0
2860,310.0,CHE_HooniganNova_72,1,4,11.25,1,1,0.0,0.2446,83.279,0.57,0.4,1.0,1284.78,784.7971,3,,0,0,0,0
2861,83.0,FOR_HooniganEscort_78,3,1,12.0,1,1,0.0,0.0411,20.0,0.57,0.4,1.0,714.77,531.6617,2,,0,0,0,0
2863,270.0,MAZ_Twerkstallion_92,1,4,9.0,1,2,0.68,0.1797,70.03,0.57,0.4,1.0,1167.94,733.4332,2,,0,0,0,0
2865,227.0,FOR_Hoonicorn_65,1,4,10.0,3,3,1.428,0.1955,57.0,0.57,0.4,1.0,1628.39,1044.0322,3,6.7L TT,0,0,0,0
2867,253.0,POR_Hoonigan_91,5,3,7.0,1,2,1.0,0.0832,76.844,0.57,0.4,1.0,905.85,543.1157,2,,0,0,0,0
2869,246.0,NIS_GTRLM_95,3,3,8.5,3,3,0.4,0.0816,90.0,0.57,0.4,1.0,1067.17,684.7838,2,,0,0,0,0
2870,250.0,CHE_CamaroZL1_17,1,4,10.0,3,5,0.646,0.1701,71.923,0.57,0.4,1.0,1185.77,743.6941,5,,0,0,0,0
2872,230.0,POR_Panamera_17,1,4,10.1,3,3,1.278,0.1403,90.0,0.57,0.4,1.0,1046.75,634.5758,3,,0,0,0,0
2873,222.0,JEE_Trailcat_17,1,4,9.5,3,5,0.789,0.1533,60.567,0.57,0.4,1.0,1220.9,782.6569,5,,0,0,0,0
2874,259.9,TOY_LandCruiserArctic_16,3,1,17.0,1,2,0.986,0.1096,93.121,0.36,0.4,1.0,1166.13,407.9501,2,,0,0,1,0
2875,186.0,NIS_Dakar_04,1,3,10.3,3,1,0.0,0.081,500.0,0.57,0.4,1.0,805.73,507.9559,2,,0,0,0,0
2881,562.5,HOT_TwinMill_69,1,7,8.75,1,5,0.476,0.7875,136.275,0.57,0.4,1.0,2433.48,1430.4241,5,,0,1,0,0
2886,240.0,POR_Raymond_17,5,3,9.0,3,3,1.5,0.0891,64.0,0.57,0.4,1.0,1146.4,827.5406,3,3.8 F6TT,0,0,0,0
2904,230.0,POR_Cayenne_18,1,4,10.1,3,3,1.278,0.1403,90.0,0.57,0.4,1.0,1046.19,636.1418,3,,0,0,0,0
2923,250.0,FOR_2_GT40_66,1,4,10.5,1,1,0.0,0.1852,158.987,0.57,0.4,1.0,1166.0,699.0192,3,7.0L V8,0,1,0,0
2924,202.0,FER_24_330P4_67,1,6,11.0,1,1,0.0,0.1314,114.0,0.57,0.4,1.0,628.26,433.0727,1,4.0L V12,0,0,0,0
2956,211.0,LOT_EliseGT1_97,1,4,11.0,1,3,0.68,0.1173,100.0,0.57,0.4,1.0,1076.37,810.4193,3,,0,0,0,0
2969,220.0,RAM_PowerWagon_17,1,4,10.0,3,1,0.0,0.1625,117.348,0.57,0.4,1.0,1185.14,705.2681,3,,0,0,0,0
2970,220.0,DOD_Durango_18,1,4,10.9,3,1,0.0,0.1625,93.121,0.57,0.4,1.0,1161.93,729.6451,3,,0,0,0,0
2972,222.0,JEE_Trackhawk_18,1,4,9.5,3,5,0.789,0.1533,93.121,0.57,0.4,1.0,1212.9,782.2915,5,,0,0,0,0
2975,190.0,VUH_05_17,3,1,9.37,3,2,1.632,0.0737,40.0,0.57,0.4,1.0,699.71,451.1187,2,,0,0,0,0
2977,230.0,MCL_720S_18,1,4,12.0,3,3,1.2,0.1038,72.0,0.57,0.4,1.0,1008.04,767.4968,3,,0,0,0,0
2978,186.0,CHE_ColoradoZR2_17,1,3,11.5,3,1,0.0,0.0913,79.494,0.57,0.4,1.0,791.93,546.7174,3,,0,0,0,0
2996,200.0,MAS_LevanteS_17,1,3,9.7,3,3,1.217,0.0935,80.0,0.57,0.4,1.0,1043.5,643.2706,3,,0,0,0,0
3002,160.0,HON_CivicTypeR_18,3,1,9.8,3,2,1.578,0.0554,46.901,0.57,0.4,1.0,692.92,448.2179,2,,0,0,0,0
3003,100.0,CAN_Maverick_18,3,11,9.1,1,2,1.088,0.03,40.0,0.57,0.4,1.0,354.54,293.0601,2,,0,0,0,0
3004,169.0,HYU_VelosterN_19,3,1,9.5,3,2,1.15,0.0573,50.0,0.57,0.4,1.0,627.26,408.1738,2,,0,0,0,0
3026,140.0,FOR_Fiesta_Traffic_09,3,1,11.0,3,1,0.0,0.0454,42.0,0.57,0.4,1.0,447.64,290.8081,2,,0,0,0,0
3034,250.0,PG_FlatBed_14,1,4,22.0,1,3,3.0,0.5472,70.03,0.36,0.4,1.0,4301.44,774.2081,3,16.1L I6 TD,1,0,1,0
3035,145.0,SUB_LegacyB4GT_Traffic_05,5,1,9.5,3,2,0.966,0.0398,64.0,0.57,0.4,1.0,687.13,462.7665,2,,0,0,0,0
3037,199.0,VW_BoraVR6_Traffic_03,1,3,10.5,1,1,0.0,0.1045,62.0,0.57,0.4,1.0,650.8,434.8251,2,,0,0,0,0
3038,164.0,VW_GTIVR6_Traffic_98,1,3,10.0,1,1,0.0,0.0924,54.888,0.57,0.4,1.0,643.98,419.7471,2,,0,0,0,0
3041,235.0,DOD_Demon_18,1,4,9.5,3,5,0.986,0.1594,70.03,0.57,0.4,1.0,1385.61,837.8461,5,,0,0,0,0
3042,197.0,KOE_AgeraRS_17,1,4,9.0,3,3,1.8,0.1542,82.0,0.57,0.4,1.0,1370.99,999.939,3,,0,0,0,0
3043,145.0,MRS_Minor_53,3,1,8.3,1,1,0.0,0.0408,27.27,0.57,0.4,1.0,341.05,181.7047,2,,0,1,0,0
3062,226.0,FOR_Coupe_HE_32,1,4,13.0,1,1,0.0,0.1082,41.64,0.57,0.4,1.0,1418.61,971.9827,3,,0,1,0,0
3067,280.0,FUN_F9_18,1,4,10.0,1,3,1.496,0.2543,95.0,0.57,0.4,1.0,2001.57,1305.2211,3,7.4L V8TT,0,0,0,0
3069,130.0,FOR_14_FiestaGRC_17,3,1,12.5,1,2,4.0,0.0469,20.0,0.57,0.4,1.0,900.41,447.2261,2,,0,0,0,0
3073,208.0,LAM_SestoElemento_HE_11,1,5,13.0,3,1,0.0,0.1915,90.093,0.57,0.4,1.0,924.94,765.8861,3,,0,0,0,0
3079,1156.0,MER_24_RaceTruck_HE_15,3,3,13.0,1,2,3.0,1.4789,112.0,0.36,0.4,1.0,7448.08,1936.3816,2,,0,0,1,0
3080,225.0,MER_CLKGTR_HE_98,1,6,13.0,1,1,0.0,0.2372,90.0,0.57,0.4,1.0,1117.44,1041.5266,3,,0,0,0,0
3083,240.0,NIS_FairladyZ_HE_03,1,3,9.0,3,3,0.8,0.1134,80.0,0.57,0.4,1.0,1268.83,854.1621,3,3.5L V6,0,0,0,0
3096,145.0,MRS_Minor_HE_53,1,4,12.0,1,1,0.0,0.0713,27.27,0.57,0.4,1.0,811.49,472.5128,3,,0,1,0,0
3105,135.0,REN_AlpineA110_17,3,1,9.0,3,2,1.2,0.055,45.0,0.57,0.4,1.0,619.2,401.3805,2,,0,0,0,0
3106,268.0,FER_812Superfast_18,1,6,13.6,3,1,0.0,0.1928,91.986,0.57,0.4,1.0,1139.77,976.084,3,,0,0,0,0
3108,400.0,BEN_Blower_31,3,1,6.1,1,5,0.748,0.2805,94.635,0.57,0.4,1.0,713.5,247.4009,5,,0,1,0,0
3111,128.0,FOR_Anglia_59,3,1,8.9,1,1,0.0,0.03,26.498,0.57,0.4,1.0,274.03,143.5547,2,,0,1,0,0
3112,227.0,FOR_GT40_64,1,4,10.0,1,1,0.0,0.1001,140.0,0.57,0.4,1.0,767.16,548.9843,3,,0,1,0,0
3113,126.0,FOR_EscortRS_86,3,1,8.3,1,2,0.55,0.0418,48.0,0.57,0.4,1.0,482.67,295.3867,2,,0,0,0,0
3115,190.0,FOR_HooniganF150_77,1,3,15.0,1,3,1.5,0.0947,68.0,0.57,0.4,1.0,1445.84,1088.6101,3,Racing V6TT,1,0,0,0
3116,138.0,FOR_HooniganEscortCosworth_91,3,1,15.0,1,2,3.4,0.0407,70.0,0.57,0.4,1.0,1100.28,624.7475,2,,0,0,0,0
3117,220.0,LR_RangeRover_70,1,4,8.15,1,1,0.0,0.0927,86.0,0.57,0.4,1.0,579.78,300.5693,5,,0,1,0,0
3118,495.0,MER_Unimog_17,3,1,17.6,1,2,0.795,0.31,240.0,0.36,0.4,1.0,2937.55,554.8306,2,,0,0,1,0
3119,40.0,PEE_P50_62,3,14,15.0,1,1,0.0,0.03,9.464,0.57,0.4,1.0,58.26,24.0637,1,,0,1,0,0
3120,230.0,MCL_Wellington_18,1,4,12.0,3,3,1.4,0.1038,72.0,0.57,0.4,1.0,1095.57,879.9409,3,4.0L V8TT,0,0,0,0
3121,446.0,NAP_Railton_33,2,6,10.0,1,1,0.0,0.7917,56.781,0.57,0.4,1.0,2037.44,570.3412,1,,0,1,0,0
3123,1156.0,VOL_IronKnight_16,3,3,17.0,1,3,4.0,1.3398,113.562,0.36,0.4,1.0,6000.0,1789.5681,3,2400BHP 12.8L I6T Diesel,0,0,1,0
3124,269.0,JAG_EtypeLightweight_64,3,3,9.0,1,1,0.0,0.1785,63.6,0.57,0.4,1.0,809.48,541.2813,2,,0,1,0,0
3125,235.0,TVR_Griffith_18,1,4,11.0,3,1,0.0,0.1665,60.0,0.57,0.4,1.0,1101.14,765.0957,3,,0,0,0,0
3127,140.0,VW_GolfGTI_83,3,1,10.0,1,1,0.0,0.0512,52.0,0.57,0.4,1.0,414.03,262.6281,2,,0,0,0,0
3128,247.0,FOR_13_MustangFD_15,1,4,9.5,1,5,1.292,0.1687,75.708,0.57,0.4,1.0,1298.85,846.2129,5,5.0L V8 FD,0,0,0,0
3129,250.0,HOL_530_MalooFD_16,1,4,10.0,1,5,1.7,0.1701,75.708,0.57,0.4,1.0,1385.93,846.1682,5,,0,0,0,0
3132,280.0,NIS_777_240SXFD_97,1,4,10.5,1,5,1.5,0.2268,75.708,0.57,0.4,1.0,1517.12,932.811,5,,0,0,0,0
3135,295.0,DOD_43_ViperFD_06,1,5,10.0,1,3,1.496,0.2832,75.708,0.57,0.4,1.0,2444.03,1295.005,2,8.2L V10 FD,0,0,0,0
3137,22.0,PEE_Trident_65,3,14,6.0,1,1,0.0,0.03,9.464,0.57,0.4,1.0,168.36,69.5142,1,,0,1,0,0
3138,227.0,FOR_HoonicornV2_65,1,4,10.0,3,3,1.428,0.1955,57.0,0.57,0.4,1.0,1628.39,1044.0322,3,,0,0,0,0
3139,130.0,VW_34_BeetleGRC_17,3,1,12.5,1,2,4.08,0.0503,20.0,0.57,0.4,1.0,674.89,442.0659,2,,0,0,0,0
3158,450.0,MER_SSK_29,3,3,5.2,1,5,0.68,0.5309,120.0,0.57,0.4,1.0,772.64,283.6345,5,,0,1,0,0
3163,236.0,POR_186_959_86,5,3,7.0,1,3,0.986,0.065,330.0,0.57,0.4,1.0,808.13,564.562,3,,0,0,0,0
3168,113.0,POR_356ACoupe_59,5,1,8.5,1,1,0.0,0.0337,52.0,0.57,0.4,1.0,390.75,211.7564,2,,0,1,0,0
3169,280.0,BMW_98_325iFD_89,1,4,9.5,1,5,1.4,0.1845,75.708,0.57,0.4,1.0,1291.76,709.8095,5,I6 6.2L FD,0,0,0,0
3178,235.0,FOR_MustangGT_18,1,4,12.0,3,1,0.0,0.1665,60.567,0.57,0.4,1.0,1100.24,707.2741,3,,0,0,0,0
3183,130.0,FOR_MSportFiesta_17,3,1,15.5,1,2,2.5,0.0364,75.0,0.57,0.4,1.0,903.66,562.2429,2,,0,0,0,0
3187,150.0,JAG_CX75_10,3,1,13.0,3,2,1.44,0.0343,45.425,0.57,0.4,1.0,1439.11,953.6459,2,,0,0,0,0
3194,220.0,MER_XClass_18,3,1,15.4,1,3,1.224,0.0938,73.0,0.36,0.4,1.0,1500.02,466.6441,3,,0,0,1,0
3195,254.0,MER_AMGGT4_18,1,4,8.6,3,3,1.5,0.172,79.872,0.57,0.4,1.0,1228.79,685.9172,3,,0,0,0,0
3200,130.0,HON_CivicGRC_H4_16,3,1,12.5,3,2,3.5,0.0491,20.0,0.57,0.4,1.0,719.99,447.3902,2,,0,0,0,0
3202,240.0,BMW_M5_18,1,4,10.0,3,3,1.666,0.1513,76.087,0.57,0.4,1.0,1008.63,668.0875,3,,0,0,0,0
3203,225.0,POR_911GT3RS_18,5,3,13.3,3,1,0.0,0.0942,63.973,0.57,0.4,1.0,823.42,700.779,3,,0,0,0,0
3205,206.0,POR_MacanTurbo_19,1,3,10.5,3,3,1.4,0.0976,75.0,0.57,0.4,1.0,1054.25,690.4809,3,,0,0,0,0
3213,232.0,MAS_MC12Corsa_06,1,6,11.2,3,1,0.0,0.161,115.0,0.57,0.4,1.0,1375.75,1141.7711,3,6.0L V12,0,0,0,0
3220,249.0,CHE_DebertiDriftTruck_18,1,4,10.5,1,5,1.088,0.2168,113.562,0.57,0.4,1.0,1693.8,1026.1951,5,,0,0,0,0
3221,150.0,EXO_ExocetOffRoad_18,3,1,9.0,1,2,1.156,0.0521,71.923,0.57,0.4,1.0,583.19,391.0227,2,,0,0,0,0
3223,254.0,AST_Vantage_18,1,4,10.5,3,3,1.183,0.172,73.0,0.57,0.4,1.0,1056.12,617.9765,3,,0,0,0,0
3225,177.0,FOR_25_MustangRTRFD_18,1,4,12.5,1,1,0.0,0.1532,75.708,0.57,0.4,1.0,1875.0,1398.6647,3,7.2L V8,0,0,0,0
3239,254.0,MER_G63AMG6x6_14,1,4,10.0,3,3,0.816,0.1683,158.987,0.57,0.4,1.0,1113.63,664.7543,3,,0,0,0,0
3240,235.0,FOR_MustangRTRSpec5_18,1,4,12.0,3,1,0.0,0.1665,60.567,0.57,0.4,1.0,1100.24,707.028,3,,0,0,0,0
3241,280.0,FOR_DebertiF150_18,1,4,12.0,3,3,0.68,0.1886,227.125,0.57,0.4,1.0,1281.01,703.9035,3,,0,0,0,0
3242,222.0,JEE_DebertiWrangler_13,1,4,9.5,3,5,0.789,0.1533,60.567,0.57,0.4,1.0,1315.41,868.4124,5,,0,0,0,0
3247,130.0,FOR_FocusRSRXG10_16,3,1,12.5,1,2,4.08,0.0503,24.0,0.57,0.4,1.0,899.69,447.3902,2,,0,0,0,0
3249,190.0,POR_718CaymanGTS_18,5,1,11.5,3,2,1.231,0.0482,64.0,0.57,0.4,1.0,884.05,584.8973,2,,0,0,0,0
3250,250.0,CHE_CorvetteZR1_19,1,4,13.0,3,5,0.952,0.1701,70.03,0.57,0.4,1.0,1344.6,830.0088,3,,0,0,0,0
3251,130.0,FOR_HooniganRS200_86,3,1,7.2,1,2,2.0,0.0469,116.0,0.57,0.4,1.0,1092.41,806.8027,2,2.1L I4T,0,0,0,0
3252,370.0,LAM_Urus_19,1,4,10.1,3,3,1.36,0.1991,85.0,0.57,0.4,1.0,1133.66,678.9375,3,,0,0,0,0
3254,223.0,FER_GTC4Lusso_17,1,6,13.5,3,1,0.0,0.1566,91.0,0.57,0.4,1.0,1301.29,999.4393,3,,0,0,0,0
3255,230.0,POR_992_19,5,3,12.0,3,3,1.25,0.0821,64.0,0.57,0.4,1.0,878.5,580.3634,3,,0,0,0,0
3258,130.0,FOR_Transit_65,1,1,7.7,1,1,0.0,0.03,42.018,0.57,0.4,1.0,351.91,192.8156,2,,0,1,0,0
3260,209.0,FOR_25_Ultra4Bronco_17,1,4,11.1,1,1,0.0,0.1849,151.416,0.57,0.4,1.0,1323.0,832.0073,3,,0,0,0,0
3261,160.0,REN_MeganeR26R_08,3,1,9.0,1,2,0.9,0.0648,60.0,0.57,0.4,1.0,609.13,373.8791,2,,1,0,0,0
3263,150.0,MIN_Countryman_18,3,1,10.2,3,2,1.2,0.0651,60.945,0.57,0.4,1.0,659.06,367.481,2,,0,0,0,0
3264,172.0,MIN_JCWBuggy_18,3,3,16.5,3,3,2.9,0.0952,325.0,0.36,0.4,1.0,1185.09,375.5569,3,,0,0,1,0
3266,160.0,REN_MeganeRS_18,3,1,9.2,3,2,1.7,0.0607,50.0,0.57,0.4,1.0,682.88,410.7166,2,,0,0,0,0
3268,190.0,LR_Velar_18,1,3,10.5,3,5,0.476,0.0992,62.838,0.57,0.4,1.0,722.15,506.9269,5,,0,0,0,0
3273,268.0,APO_Intensa_18,1,6,13.5,3,1,0.0,0.1782,100.0,0.57,0.4,1.0,1407.21,1135.4774,3,,0,0,0,0
3281,250.0,CHE_Camaro1LE_18,1,4,10.0,3,5,0.646,0.1701,72.0,0.57,0.4,1.0,1295.6,812.5744,3,,0,0,0,0
3283,177.0,FOR_88_MustangRTRFD_18,1,4,12.5,1,1,0.0,0.1532,75.708,0.57,0.4,1.0,1875.0,1398.6647,3,,0,0,0,0
3285,230.0,MCL_600LT_19,1,4,10.0,3,3,1.1,0.0929,72.0,0.57,0.4,1.0,914.33,684.8583,3,,0,0,0,0
3286,230.0,MCL_720Spider_19,1,4,12.0,3,3,1.2,0.1038,72.0,0.57,0.4,1.0,929.98,708.5269,3,,0,0,0,0
3288,230.0,MCL_Speedtail_19,1,4,13.0,3,3,1.2,0.1038,72.0,0.57,0.4,1.0,1518.96,1067.8275,3,,0,0,0,0
3299,120.0,FOR_GT70_70,3,1,10.0,1,1,0.0,0.0387,54.553,0.57,0.4,1.0,508.99,395.2657,2,,0,1,0,0
3300,410.0,BUG_Divo_19,2,7,9.0,3,3,1.821,0.4317,100.0,0.57,0.4,1.0,1601.26,1102.8232,3,,0,0,0,0
3302,160.0,FOR_Supervan3_94,1,3,7.8,1,5,0.4,0.0583,100.0,0.57,0.4,1.0,584.0,386.4367,5,,0,0,0,0
3305,168.0,BMW_Z4_19,3,3,11.0,3,2,1.3,0.1045,52.0,0.57,0.4,1.0,1027.44,621.1979,2,3.0 I6 Turbo,0,0,0,0
3306,205.0,FOR_RangerRaptor_19,3,1,16.0,1,3,1.5,0.0711,80.0,0.36,0.4,1.0,1379.9,433.2592,3,,0,0,1,0
3308,234.0,MER_AMGHammer_87,1,4,9.8,1,1,0.0,0.1732,70.03,0.57,0.4,1.0,1005.29,539.3052,3,,0,0,0,0
3312,150.0,PEU_205Rallye_91,3,1,9.6,1,1,0.0,0.0384,50.0,0.57,0.4,1.0,355.02,249.3024,2,,0,1,0,0
3315,98.0,FOR_1_EscortMk1_67,3,1,10.5,1,1,0.0,0.0349,100.0,0.57,0.4,1.0,286.34,196.8499,1,,0,1,0,0
3316,98.0,FOR_5_EscortMk2_77,3,1,11.5,1,1,0.0,0.0349,100.0,0.57,0.4,1.0,269.7,216.3798,1,,0,1,0,0
3317,300.0,AST_DBSSuperleggera_19,1,6,9.3,3,3,0.999,0.1686,78.0,0.57,0.4,1.0,1171.5,782.0902,3,,0,0,0,0
3319,205.0,POR_00_MacanRR_18,1,4,12.0,3,1,0.0,0.1517,400.0,0.57,0.4,1.0,1159.3,528.239,5,,0,0,0,0
3320,238.0,POR_65_911Desert_85,5,3,11.3,1,1,0.0,0.0841,75.708,0.57,0.4,1.0,573.39,378.0923,1,,0,0,0,0
3321,220.0,HEN_Velociraptor6x6_18,1,3,9.0,3,3,1.428,0.1044,136.275,0.57,0.4,1.0,1207.19,729.8091,3,,0,0,0,0
3323,202.0,LAM_Espada400GT_73,1,6,10.7,1,1,0.0,0.1002,93.0,0.57,0.4,1.0,703.72,522.3032,3,3.9L V12,0,1,0,0
3326,208.0,ITA_Zerouno_18,1,5,12.7,3,1,0.0,0.1915,73.0,0.57,0.4,1.0,877.86,736.4981,3,,0,0,0,0
3338,298.0,MRC_CycloneSpoiler_70,1,4,11.3,1,1,0.0,0.189,83.279,0.57,0.4,1.0,1092.65,617.4172,3,,0,1,0,0
3343,165.0,AST_VulcanAMRPro_19,1,6,12.5,3,1,0.0,0.1734,120.0,0.57,0.4,1.0,901.91,739.5927,1,,0,0,0,0
3344,230.0,ZEN_TSRS_19,1,4,12.0,1,5,1.7,0.1338,69.0,0.57,0.4,1.0,1518.35,1211.4195,5,,0,0,0,0
3349,208.0,LAM_HuracanP_18,1,5,12.7,3,1,0.0,0.1915,80.0,0.57,0.4,1.0,1215.77,996.6131,3,,0,0,0,0
3357,200.0,FER_Portofino_18,1,4,9.45,3,3,1.36,0.1161,80.0,0.57,0.4,1.0,1015.35,637.5064,3,,0,0,0,0
3358,200.0,FER_J50_17,1,4,9.4,3,3,1.768,0.1189,78.0,0.57,0.4,1.0,1023.87,730.9128,3,3.9L V8-TT,0,0,0,0
3359,200.0,FER_488Pista_19,1,4,9.6,3,3,1.469,0.1189,78.0,0.57,0.4,1.0,1110.9,813.0069,3,,0,0,0,0
3360,95.0,FOR_RacingPuma_99,3,1,10.0,3,1,0.0,0.0399,40.0,0.57,0.4,1.0,461.93,357.3022,2,,0,0,0,0
3364,250.0,CHE_777_CorvetteFD_13,1,4,13.0,1,5,1.2,0.2091,75.708,0.57,0.4,1.0,1742.77,1182.9561,3,,0,0,0,0
3379,235.0,NIS_64_370ZFD_18,1,3,11.0,3,3,2.04,0.1222,75.708,0.57,0.4,1.0,1341.69,885.5635,3,Racing 4.0 V6TT,0,0,0,0
3381,250.0,FER_117_599FD_18,1,6,11.2,3,5,0.476,0.1696,75.708,0.57,0.4,1.0,1622.83,1154.9327,3,,0,0,0,0
3382,254.0,MER_E63SAMG_18,1,4,8.6,3,3,1.5,0.172,79.872,0.57,0.4,1.0,1217.76,695.9096,3,,0,0,0,0
3387,150.0,JEE_Gladiator_20,1,3,11.3,3,1,0.0,0.0745,83.279,0.57,0.4,1.0,698.87,477.3897,5,,0,0,0,0
3389,149.0,NIS_PulsarGTIR_90,3,1,8.3,1,2,0.721,0.0531,50.0,0.57,0.4,1.0,778.82,521.4904,2,,0,0,0,0
3393,136.0,REN_4L_68,3,1,8.5,1,1,0.0,0.0436,26.0,0.57,0.4,1.0,282.89,136.3736,5,,0,1,0,0
3403,210.0,MG_SVR_05,1,4,11.4,1,1,0.0,0.1444,56.0,0.57,0.4,1.0,1175.17,745.6851,2,5.0L V8,0,0,0,0
3408,190.0,SAL_S1_18,3,1,9.3,3,2,1.8,0.0903,60.0,0.57,0.4,1.0,976.57,616.6492,2,,0,0,0,0
3409,309.0,FOR_MustangGT500_20,1,4,9.5,3,5,0.816,0.2028,60.567,0.57,0.4,1.0,1244.15,879.5084,3,,0,0,0,0
3411,250.0,pg_flatbedtruck_stories_19,3,3,17.6,1,3,3.0,0.4104,70.3,0.36,0.4,1.0,1469.25,272.9709,3,16.1L I6 TD,1,0,1,0
3418,157.0,AUD_TTRS_18,3,2,10.0,3,2,1.35,0.0801,55.0,0.57,0.4,1.0,863.42,570.1697,2,2.5L I5-T,0,0,0,0
3419,299.0,JAG_XJR15_91,1,6,11.0,1,1,0.0,0.2422,100.0,0.57,0.4,1.0,899.91,594.7703,3,6.0L V12,0,0,0,0
3421,234.0,LAM_AventadorSVJ_19,1,6,11.8,3,1,0.0,0.1663,85.0,0.57,0.4,1.0,1408.23,1163.3367,3,6.5L V12,0,0,0,0
3425,194.0,JAG_XJ220S_93,1,3,8.3,1,3,1.5,0.0895,100.0,0.57,0.4,1.0,918.23,684.5004,3,,0,0,0,0
3443,232.0,FER_FXXKEvo_18,1,6,13.5,1,1,0.0,0.161,68.137,0.57,0.4,1.0,994.58,853.6848,1,,0,0,0,0
3444,268.0,FER_MonzaSP2_19,1,6,13.6,3,1,0.0,0.1928,91.986,0.57,0.4,1.0,1143.89,990.1479,3,6.5L V12,0,0,0,0
3447,189.0,KOE_Jesko_20,1,4,8.6,1,3,1.7,0.1501,72.0,0.57,0.4,1.0,1497.87,1193.1125,3,,0,0,0,0
3496,180.0,AST_Valhalla_21,1,3,9.5,3,2,2.0,0.0813,72.0,0.57,0.4,1.0,1519.99,874.803,2,3.0L V6-TT,0,0,0,0
3501,250.0,CHE_Corvette_20,1,4,11.5,3,1,0.0,0.1701,70.03,0.57,0.4,1.0,1305.6,854.8034,3,,0,0,0,0
3502,138.0,FOR_HooniganEscortCosworthV2_94,3,1,7.5,1,2,1.4,0.0407,80.0,0.57,0.4,1.0,833.16,494.7347,2,2.0L I4-T,0,0,0,0
3503,208.0,LAM_HuracanEVO_20,1,5,12.7,3,1,0.0,0.1915,80.0,0.57,0.4,1.0,1215.77,996.6131,3,5.2L V10,0,0,0,0
3527,110.0,REN_8Gordini_67,3,1,10.5,1,1,0.0,0.0315,63.0,0.57,0.4,1.0,356.47,247.2667,2,1.3L I4,0,1,0,0
3532,205.0,MAZ_99_RX8FD_19,4,9,9.4,1,2,2.04,0.077,75.708,0.57,0.4,1.0,767.99,745.6553,2,2.0L R3-T,0,0,0,1
3534,168.0,TOY_SupraGR_20,3,3,11.0,3,2,1.0,0.1045,51.86,0.57,0.4,1.0,1124.55,615.8662,2,3.0L I6-T,0,0,0,0
3536,215.0,FOR_2069_BroncoR_20,1,3,10.3,3,3,1.02,0.0936,264.979,0.57,0.4,1.0,1217.36,589.3043,3,,0,0,0,0
3543,225.0,TOY_34_SupraMkIV_95,3,3,9.0,1,2,2.5,0.1238,75.708,0.57,0.4,1.0,1290.44,851.3135,2,3.4L I6-T,0,0,0,0
3544,140.0,SUB_WRXSTiS209_19,5,1,8.1,3,2,1.285,0.0432,60.188,0.57,0.4,1.0,847.3,545.2036,2,2.5L F4-T,0,0,0,0
3545,152.0,VW_GolfR_19,3,1,9.6,3,2,1.1,0.0615,55.0,0.57,0.4,1.0,844.75,532.8623,2,,0,0,0,0
3546,200.0,LR_Defender_20,3,3,10.5,3,2,0.9,0.1096,90.093,0.57,0.4,1.0,985.24,595.4489,2,,0,0,0,0
3547,230.0,JAG_XJ13_66,1,6,10.4,1,1,0.0,0.1394,155.202,0.57,0.4,1.0,789.98,606.1795,3,5.0L V12,0,0,0,0
3569,230.0,MCL_GT_20,1,4,8.7,3,3,1.0,0.1038,72.0,0.57,0.4,1.0,945.48,751.9341,3,4.0L V8-TT,0,0,0,0
3573,210.0,TOY_TacomaDeberti_19,1,4,14.0,1,1,0.0,0.17,100.0,0.57,0.4,1.0,1302.62,1028.4396,3,6.9L V8,0,1,0,0
3578,250.0,CHE_357_CorvetteFD_17,1,4,10.0,3,5,0.646,0.1701,70.03,0.57,0.4,1.0,1372.54,874.0723,5,6.2L V8-PDSC,0,0,0,0
3608,449.0,FOR_F450DRW_20,1,4,15.8,1,2,2.04,0.3663,181.7,0.36,0.4,1.0,3147.03,782.2766,2,6.7L V8T Diesel,0,0,1,0
3615,186.0,CHE_ColoradoZR2_Traffic_17,1,3,11.5,3,1,0.0,0.0913,79.494,0.57,0.4,1.0,577.1,398.4051,1,,0,0,0,0
3616,260.0,FOR_Bronco_Traffic_75,1,4,8.6,1,1,0.0,0.1194,46.182,0.57,0.4,1.0,636.72,310.8525,1,,0,1,0,0
3617,220.0,FOR_F150Raptor_Traffic_17,1,3,10.0,3,3,1.2,0.1044,136.275,0.57,0.4,1.0,1236.18,684.7017,3,,0,0,0,0
3618,159.0,JEE_Wrangler_Traffic_12,1,3,10.2,3,1,0.0,0.0771,70.409,0.57,0.4,1.0,559.86,377.2422,1,,0,0,0,0
3619,220.0,MER_XClass_Traffic_18,3,1,15.4,1,3,1.224,0.0938,73.0,0.36,0.4,1.0,1063.31,330.7851,3,,0,0,1,0
3620,128.0,VW_Beetle_Traffic_66,5,1,7.0,1,1,0.0,0.03,40.125,0.57,0.4,1.0,301.29,132.4139,1,1.2L F4,0,1,0,0
3621,215.0,FOR_Bronco_21,1,3,10.0,3,3,1.244,0.0936,63.973,0.57,0.4,1.0,1033.08,518.4628,3,2.7L V6-TT,0,0,0,0
3646,320.0,HOT_BoneShakerMT_20,1,4,14.0,1,5,1.5,0.2808,121.133,0.57,0.4,1.0,1492.7,1118.4829,5,8.9L V8 DSC,1,0,0,0
3655,168.0,TOY_151_SupraGRFD_20,3,3,10.5,3,2,2.856,0.1045,75.708,0.57,0.4,1.0,1610.83,1065.8738,2,3.0L I6-T,0,0,0,0
3656,100.0,TOY_411_CorollaFD_19,3,1,10.5,3,2,2.04,0.0638,75.708,0.57,0.4,1.0,1176.51,883.5948,2,2.7L I4-T,0,0,0,0
3660,225.0,TOY_11_Camry2JZ_11,3,3,9.0,1,2,2.04,0.1291,67.191,0.57,0.4,1.0,1488.02,939.3285,2,3.4L I6-T,0,0,0,0
3661,207.0,DAT_GoldLegend280Z_78,3,3,9.0,1,2,1.088,0.0687,60.188,0.57,0.4,1.0,1001.9,731.8896,2,2.5L I6-T,0,0,0,0
3672,99.0,SIE_00_RX3_21,3,1,12.5,1,1,0.0,0.03,18.17,0.57,0.4,1.0,261.43,244.5523,2,1.3L I4,0,0,0,0
3679,70.0,WUL_HongguangS_20,3,1,9.8,1,1,0.0,0.0308,50.0,0.57,0.4,1.0,409.72,281.1811,2,1.2L I4,0,0,0,0
3683,206.0,BMW_91_M2FD_20,1,4,12.0,1,1,0.0,0.149,75.708,0.57,0.4,1.0,1480.59,1047.7532,3,6.2L V8,0,0,0,0
3688,180.0,BMW_X5M_HE_11,1,6,13.0,3,1,0.0,0.136,85.172,0.57,0.4,1.0,1604.54,1426.7329,3,4.4L V8 - TT,0,0,0,0
3691,295.0,CHE_Corvette_HE_53,1,4,11.25,1,1,0.0,0.2357,68.137,0.57,0.4,1.0,1423.36,822.8128,5,,0,1,0,0
3693,250.0,DOD_ChargerRT_HE_69,1,4,12.0,1,1,0.0,0.1814,68.137,0.57,0.4,1.0,1310.7,944.8168,3,V8    -   Charger '69,0,0,0,0
3694,130.0,EXO_ExocetOffRoad_HE_18,3,1,15.5,1,2,2.5,0.048,71.923,0.57,0.4,1.0,925.69,497.9337,2,,0,0,0,0
3696,130.0,FOR_RacingPuma_HE_99,3,1,7.2,3,2,1.5,0.0469,40.0,0.57,0.4,1.0,837.04,644.8441,2,,0,0,0,0
3700,195.0,MAS_GranTurismoS_HE_10,1,4,11.25,1,1,0.0,0.1226,85.929,0.57,0.4,1.0,1127.19,849.5909,3,4.7L V8,0,0,0,0
3702,130.0,MEY_Manx_HE_71,5,1,12.9,1,1,0.0,0.0447,40.125,0.57,0.4,1.0,511.29,333.9767,1,,0,1,0,0
3704,225.0,PAG_Huayra_HE_16,1,6,12.0,1,3,1.2,0.2423,85.0,0.57,0.4,1.0,1511.73,944.7721,3,,0,0,0,0
3705,250.0,PON_TransAmGTA_HE_87,1,4,13.0,1,1,0.0,0.1385,58.674,0.57,0.4,1.0,1133.36,897.9123,3,V8    -   Trans Am '87,0,0,0,0
3706,225.0,POR_911GT3RS_HE_18,5,3,12.5,3,3,2.0,0.0942,63.973,0.57,0.4,1.0,1390.03,752.4784,3,,0,0,0,0
3709,128.0,VW_Beetle_HE_66,5,1,12.9,1,1,0.0,0.0443,40.125,0.57,0.4,1.0,306.68,245.3204,1,1.2L F4,0,1,0,0
3764,150.0,PG_CarnivalFloatPlayer_20,1,4,14.0,1,5,3.0,0.1682,70.03,0.57,0.4,1.0,3719.23,1987.9169,5,2500BHP V8DSC,0,0,0,0
3765,320.0,PG_CarnivalFloatAmbient_20,1,4,14.0,1,5,3.0,0.2808,70.03,0.57,0.4,1.0,3719.23,1987.9169,5,2500BHP V8DSC,0,0,0,0
3766,128.0,VW_Beetle_Stories_66,5,1,7.0,1,1,0.0,0.03,40.125,0.57,0.4,1.0,301.29,132.4139,1,1.2L F4,0,1,0,0
3769,143.0,MG_Metro6R4_Stories_86,1,3,11.5,1,1,0.0,0.0592,110.0,0.57,0.4,1.0,482.33,333.9319,1,,0,0,0,0
3770,190.0,FOR_FocusRS_Stories_17,3,1,9.37,3,2,1.578,0.0737,52.617,0.57,0.4,1.0,895.95,525.8154,2,,0,0,0,0
3780,166.0,MER_AMGOne_21,1,3,7.0,1,2,3.0,0.0323,55.0,0.57,0.4,1.0,1045.35,983.8169,2,1.6L V6-T,0,0,0,0
3794,128.0,VW_Beetle_Traffic_Taxi_66,5,1,7.0,1,1,0.0,0.03,40.125,0.57,0.4,1.0,301.29,132.4139,1,1.2L F4,0,1,0,0
3815,225.0,TOY_SupraRZWP_98,3,3,8.5,3,3,0.78,0.1036,70.0,0.57,0.4,1.0,1368.69,907.4125,3,3.0L I6 - TT,0,0,0,0
3816,268.0,APO_IntensaWP_18,1,6,13.5,3,1,0.0,0.1782,100.0,0.57,0.4,1.0,1490.29,1201.6956,3,,0,0,0,0
3817,197.0,MIT_LancerEvoXGSRWP_08,3,1,9.0,3,2,2.8,0.0632,54.888,0.57,0.4,1.0,1024.87,629.2739,2,2.0L I4 - Turbo VVT,0,0,0,0
3818,215.0,FOR_2069_BroncoRWP_20,1,3,10.3,3,3,2.6,0.0936,264.979,0.57,0.4,1.0,1249.99,596.5227,3,2.7L V6-TT,0,0,0,0
3833,230.0,FOR_GTOPI_17,1,3,9.0,3,3,1.632,0.1076,64.35,0.57,0.4,1.0,1005.98,679.0046,3,3.5L V6TT,0,0,0,0
9000,160.0,PEU_205T16_Stories_84,3,1,6.5,1,2,0.952,0.0504,75.0,0.57,0.4,1.0,571.84,381.5747,2,1.8L I4T,0,0,0,0
9003,166.0,MER_AMGOneIE_21,1,3,9.0,1,2,3.0,0.03,999.99,0.57,0.4,1.0,918.99,827.8016,2,,0,0,0,0