Id,Ordinal,Level,IsStock,Sequence,ManufacturerId,PartsStringId,MassDiff,DragScale,WindInstabilityScale,Price,AeroPhysicsID,RequiresGraphics,releaseOrder
247000,247,0,1,1,0,55,0.0,1.0,1.0,0,5,1,0
247001,247,3,0,2,492,81,4.0,0.99,0.9,5000,247902,1,0
249000,249,0,1,1,0,55,0.0,1.0,1.0,0,5,1,0
249001,249,3,0,2,492,81,4.0,0.99,0.9,5000,249902,1,0
251000,251,0,1,1,0,55,0.0,1.0,1.0,0,5,1,0
251001,251,3,0,2,492,81,4.0,0.99,0.9,5000,251902,1,0
253000,253,0,1,1,0,55,0.0,1.0,1.0,0,5,1,0
253001,253,3,0,2,492,81,4.0,0.99,0.9,5000,253902,1,0
257000,257,0,1,1,0,55,0.0,1.0,1.0,0,5,1,0
257001,257,3,0,2,492,81,4.0,0.99,0.9,5000,257902,1,0
260000,260,0,1,1,0,55,0.0,1.0,1.0,0,260901,1,0
260001,260,3,0,2,492,81,1.0,0.99,0.9,5000,260902,1,0
261000,261,0,1,1,0,55,0.0,1.0,1.0,0,261901,1,0
261001,261,3,0,2,492,57,4.0,0.99,0.9,5000,261902,1,0
262000,262,0,1,1,0,55,0.0,1.0,1.0,0,262901,1,0
262001,262,3,0,2,492,81,4.0,0.99,0.9,5000,262902,1,0
265000,265,0,1,1,0,55,0.0,1.0,1.0,0,5,1,0
265001,265,1,0,2,238,56,-2.0,0.995,0.99,1000,6,1,0
265002,265,2,0,3,238,58,2.0,0.992,0.95,2500,7,1,0
265003,265,3,0,4,492,58,0.75,0.99,0.9,5000,265904,1,0
266000,266,0,1,1,0,55,0.0,1.0,1.0,0,5,1,0
266001,266,3,0,2,492,81,4.0,0.99,0.9,5000,266902,1,0
268000,268,0,1,1,0,55,0.0,1.0,1.0,0,5,1,0
268001,268,3,0,2,492,81,4.0,0.99,0.9,5000,268902,1,0
269000,269,0,1,1,0,55,0.0,1.0,1.0,0,269901,1,0
269001,269,3,0,2,492,81,4.0,0.99,0.9,5000,269902,1,0
289000,289,0,1,1,0,55,0.0,1.0,1.0,0,5,1,0
289001,289,3,0,2,492,81,4.0,0.99,0.9,5000,289902,1,0
291000,291,0,1,1,0,55,0.0,1.0,1.0,0,5,1,0
291001,291,3,0,2,492,81,4.0,0.99,0.9,5000,291902,1,0
291002,291,4,0,3,81,81,-2.0,1.0,1.0,1000,19,0,0
292000,292,0,1,1,0,55,0.0,1.0,1.0,0,292901,1,0
292001,292,3,0,2,492,81,4.0,0.99,0.9,5000,292902,1,0
294000,294,0,1,1,0,55,0.0,1.0,1.0,0,294901,1,0
294001,294,3,0,2,492,81,4.0,0.99,0.9,5000,294902,1,0
295000,295,0,1,1,0,55,0.0,1.0,1.0,0,295901,1,0
295001,295,1,0,2,255,62,1.0,0.995,0.99,1000,295901,1,0
295002,295,1,0,3,47,64,1.0,0.995,0.99,1000,295901,1,0
295003,295,1,0,4,90,60,1.0,0.995,0.99,1000,295901,1,0
295004,295,1,0,5,47,61,1.0,0.995,0.99,1000,295901,1,0
295005,295,2,0,6,45,58,2.0,0.992,0.95,2500,295901,1,0
295006,295,2,0,7,45,57,2.0,0.992,0.95,2500,295901,1,0
295007,295,2,0,8,45,59,2.0,0.992,0.95,2500,295901,1,0
295008,295,2,0,9,45,56,2.0,0.992,0.95,2500,295901,1,0
295009,295,3,0,10,82,75,2.0,0.992,0.95,5000,295912,1,0
295010,295,3,0,11,8,71,2.0,0.992,0.95,5000,295912,1,0
295011,295,3,0,12,492,81,4.0,0.99,0.9,5000,295912,1,0
295012,295,4,0,13,255,80,-2.0,1.0,1.0,1000,19,0,0
296000,296,0,1,1,0,55,0.0,1.0,1.0,0,5,1,0
296001,296,3,0,2,492,81,4.0,0.99,0.9,5000,296902,1,0
297000,297,0,1,1,0,55,0.0,1.0,1.0,0,5,1,0
297001,297,3,0,2,492,81,4.0,0.99,0.9,5000,297902,1,0
299000,299,0,1,1,0,55,0.0,1.0,1.0,0,5,1,0
299001,299,3,0,2,492,81,4.0,0.99,0.9,5000,299902,1,0
302000,302,0,1,1,0,55,0.0,1.0,1.0,0,302901,1,0
302001,302,1,0,2,47,60,1.0,0.995,0.99,1000,302901,1,0
302002,302,1,0,3,55,56,1.0,0.995,0.99,1000,302901,1,0
302003,302,1,0,4,90,63,1.0,0.995,0.99,1000,302901,1,0
302004,302,2,0,5,44,62,2.0,0.992,0.95,2500,302901,1,0
302005,302,3,0,6,492,81,4.0,0.99,0.9,5000,302906,1,0
306000,306,0,1,1,0,55,0.0,1.0,1.0,0,5,1,0
306001,306,3,0,2,492,81,4.0,0.99,0.9,5000,306902,1,0
309000,309,0,1,1,0,55,0.0,1.0,1.0,0,5,1,0
309001,309,3,0,2,492,81,4.0,0.99,0.9,5000,309902,1,0
312000,312,0,1,1,0,55,0.0,1.0,1.0,0,5,1,0
312001,312,3,0,2,492,81,4.0,0.99,0.9,5000,312902,1,0
314000,314,0,1,1,0,55,0.0,1.0,1.0,0,5,1,0
314001,314,3,0,2,492,81,4.0,0.99,0.9,5000,314902,1,0
315000,315,0,1,1,0,55,0.0,1.0,1.0,0,5,1,0
315001,315,3,0,2,492,81,4.0,0.99,0.9,5000,315902,1,0
316000,316,0,1,1,0,55,0.0,1.0,1.0,0,316901,1,0
316001,316,3,0,2,492,81,4.0,0.99,0.9,5000,316902,1,0
320000,320,0,1,1,0,55,0.0,1.0,1.0,0,5,1,0
320001,320,1,0,2,55,58,1.0,0.995,0.99,1000,6,1,0
320002,320,2,0,3,90,57,2.0,0.992,0.95,2500,7,1,0
320003,320,3,0,4,492,81,4.0,0.99,0.9,5000,320904,1,0
324000,324,3,1,1,0,55,0.0,0.99,0.9,0,324901,1,0
324001,324,4,0,2,54,55,-10.0,0.97,1.0,1000,19,0,0
325000,325,0,1,1,0,55,0.0,1.0,1.0,0,5,1,0
325001,325,3,0,2,492,81,4.0,0.99,0.9,5000,325902,1,0
326000,326,0,1,1,0,55,0.0,1.0,1.0,0,5,1,0
326001,326,3,0,2,492,81,4.0,0.99,0.9,5000,326902,1,0
327000,327,0,1,1,0,55,0.0,1.0,1.0,0,5,1,0
327001,327,3,0,2,492,81,4.0,0.99,0.9,5000,327902,1,0
330000,330,0,1,1,0,55,0.0,1.0,1.0,0,5,1,0
330001,330,3,0,2,492,81,4.0,0.99,0.9,5000,330902,1,0
333000,333,0,1,1,0,55,0.0,1.0,1.0,0,333901,1,0
333001,333,3,0,2,492,81,4.0,0.99,0.9,5000,333902,1,0
336000,336,0,1,1,0,55,0.0,1.0,1.0,0,5,1,0
336001,336,3,0,2,492,81,4.0,0.99,0.9,5000,336902,1,0
338000,338,0,1,1,0,55,0.0,1.0,1.0,0,338901,1,0
338001,338,3,0,2,492,81,4.0,0.99,0.9,5000,338902,1,0
340000,340,0,1,1,0,55,0.0,1.0,1.0,0,340901,1,0
342000,342,0,1,1,0,55,0.0,1.0,1.0,0,342901,1,0
342001,342,3,0,2,492,0,4.0,0.99,0.9,5000,342902,1,0
343000,343,0,1,1,0,55,0.0,1.0,1.0,0,5,1,0
343002,343,3,0,3,492,81,4.0,0.99,0.9,5000,343903,1,0
344000,344,0,1,1,0,55,0.0,1.0,1.0,0,5,1,0
344001,344,2,0,2,56,55,2.0,0.992,0.95,2500,7,1,0
344004,344,3,0,5,492,81,4.0,0.99,0.9,5000,344905,1,0
344005,344,4,0,6,206,81,-2.0,1.0,1.0,1000,19,0,0
344006,344,3,0,7,763,81,4.0,0.99,0.9,5000,344905,1,0
345000,345,0,1,1,0,55,0.0,1.0,1.0,0,5,1,0
345001,345,1,0,2,28,57,1.0,0.995,0.99,1000,6,1,0
345002,345,2,0,3,73,56,2.0,0.992,0.95,2500,7,1,0
345003,345,3,0,4,492,81,4.0,0.99,0.9,5000,345904,1,0
345004,345,4,0,5,206,81,-2.0,1.0,1.0,1000,19,0,0
348000,348,0,1,1,0,55,0.0,1.0,1.0,0,348901,1,0
348001,348,3,0,2,492,81,4.0,0.99,0.9,5000,348902,1,0
353000,353,0,1,1,0,55,0.0,1.0,1.0,0,5,1,0
353001,353,3,0,2,492,81,4.0,0.99,0.9,5000,353902,1,0
354000,354,0,1,1,0,55,0.0,1.0,1.0,0,5,1,0
354001,354,1,0,2,57,57,1.0,0.995,0.99,1000,6,1,0
354002,354,1,0,3,19,58,1.0,0.995,0.99,1000,6,1,0
354003,354,1,0,4,90,56,1.0,0.995,0.99,1000,6,1,0
354004,354,2,0,5,90,60,2.0,0.992,0.95,2500,7,1,0
354005,354,3,0,6,492,81,4.0,0.99,0.9,5000,354906,1,0
357000,357,0,1,1,0,55,0.0,1.0,1.0,0,5,1,0
357001,357,1,0,2,13,56,1.0,0.995,0.99,1000,6,1,0
357002,357,2,0,3,84,58,2.0,0.992,0.95,2500,7,1,0
357003,357,3,0,4,492,81,4.0,0.99,0.9,5000,357904,1,0
358000,358,0,1,1,0,55,0.0,1.0,1.0,0,5,1,0
358001,358,3,0,2,492,81,4.0,0.99,0.9,5000,358902,1,0
363000,363,0,1,1,0,55,0.0,1.0,1.0,0,363901,1,0
363001,363,1,0,2,28,56,1.0,0.995,0.99,1000,363901,1,0
363002,363,1,0,3,76,58,1.0,0.995,0.99,1000,363901,1,0
363003,363,2,0,4,15,57,2.0,0.992,0.95,2500,363901,1,0
363004,363,3,0,5,492,81,4.0,0.99,0.9,5000,363905,1,0
363005,363,4,0,6,297,80,-2.0,1.0,1.0,1000,19,0,0
364000,364,0,1,1,0,55,0.0,1.0,1.0,0,364901,1,0
364001,364,1,0,2,492,80,1.0,0.995,0.99,1000,364901,1,0
364002,364,3,0,3,492,81,4.0,0.99,0.9,5000,364903,1,0
364003,364,4,0,4,297,80,-2.0,1.0,1.0,1000,19,0,0
365000,365,0,1,1,0,55,0.0,1.0,1.0,0,365901,1,0
365001,365,1,0,2,492,80,1.0,0.995,0.99,1000,365901,1,0
365002,365,2,0,3,297,80,2.0,0.992,0.95,2500,365901,1,0
365003,365,3,0,4,492,81,4.0,0.99,0.9,5000,365904,1,0
365004,365,4,0,5,297,80,-2.0,1.0,1.0,1000,19,0,0
368000,368,0,1,1,0,55,0.0,1.0,1.0,0,368901,1,0
368001,368,3,0,2,492,81,4.0,0.99,0.9,5000,368902,1,0
368002,368,4,0,3,99,80,-2.0,1.0,1.0,1000,19,0,0
374000,374,0,1,1,0,55,0.0,1.0,1.0,0,374901,1,0
374001,374,1,0,2,492,80,1.0,0.995,0.99,1000,374901,1,0
374002,374,2,0,3,24,80,2.0,0.992,0.95,2500,374901,1,0
374003,374,2,0,4,116,80,2.0,0.992,0.95,2500,374901,1,0
374004,374,3,0,5,492,81,18.18,1.01,0.9,5000,374905,1,0
374005,374,4,0,6,116,80,-2.0,1.0,1.0,1000,19,0,0
374006,374,3,0,7,763,81,18.18,1.01,0.9,5000,374905,1,0
375000,375,0,1,1,0,55,0.0,1.0,1.0,0,375901,1,0
375001,375,1,0,2,70,66,1.0,0.995,0.99,1000,375901,1,0
375002,375,1,0,3,70,64,1.0,0.995,0.99,1000,375901,1,0
375003,375,2,0,4,84,57,2.0,0.992,0.95,2500,375901,1,0
375004,375,2,0,5,46,59,2.0,0.992,0.95,2500,375901,1,0
375005,375,2,0,6,492,80,15.0,1.05,0.95,2500,375901,1,0
375006,375,3,0,7,492,81,4.0,0.99,0.9,5000,375907,1,0
375007,375,4,0,8,116,80,-2.0,0.975,1.0,1000,19,0,0
378000,378,0,1,1,0,55,0.0,1.0,1.0,0,378901,1,0
378001,378,1,0,2,492,80,1.0,0.995,0.99,1000,378901,1,0
378002,378,2,0,3,24,80,2.0,0.992,0.95,2500,378901,1,0
378003,378,2,0,4,116,80,2.0,0.992,0.95,2500,378901,1,0
378004,378,3,0,5,492,81,18.18,1.01,0.9,5000,378905,1,0
378005,378,4,0,6,116,80,-2.0,1.0,1.0,1000,19,0,0
378006,378,3,0,7,763,81,18.18,1.01,0.9,5000,378905,1,0
382000,382,0,1,1,0,55,0.0,1.0,1.0,0,382901,1,0
382002,382,3,0,3,492,81,4.0,0.99,0.9,5000,382903,1,0
382003,382,4,0,4,118,80,-2.0,1.0,1.0,1000,19,0,0
382004,382,3,0,5,763,81,4.0,0.99,0.9,5000,382903,1,0
383000,383,0,1,1,0,55,0.0,1.0,1.0,0,5,1,0
383001,383,1,0,2,118,56,1.0,0.995,0.99,1000,6,1,0
383003,383,3,0,4,492,81,4.0,0.99,0.9,5000,383904,1,0
383004,383,3,0,5,763,81,4.0,0.99,0.9,5000,383904,1,0
383005,383,2,0,4,765,81,2.0,0.992,0.95,2500,7,1,0
397000,397,0,1,1,0,55,0.0,1.0,1.0,0,5,1,0
397001,397,3,0,2,492,81,4.0,0.99,0.9,5000,397902,1,0
397002,397,4,0,3,81,81,-2.0,1.0,1.0,1000,19,0,0
405000,405,0,1,1,0,55,0.0,1.0,1.0,0,405901,1,0
405001,405,3,0,2,492,81,4.0,0.99,0.9,5000,405902,1,0
405002,405,4,0,3,167,80,-2.0,0.98,1.0,1000,19,0,0
411000,411,0,1,1,0,55,0.0,1.0,1.0,0,411901,1,0
411001,411,3,0,2,492,81,4.0,0.99,0.9,5000,411902,1,0
412000,412,0,1,1,0,55,0.0,1.0,1.0,0,5,1,0
412002,412,3,0,3,492,81,4.0,0.99,0.9,5000,412903,1,0
417000,417,0,1,1,0,55,0.0,1.0,1.0,0,5,1,0
417001,417,3,0,2,492,81,4.0,0.99,0.9,5000,417902,1,0
419000,419,0,1,1,0,55,0.0,1.0,1.0,0,5,1,0
419001,419,3,0,2,492,81,4.0,0.99,0.9,5000,419902,1,0
420000,420,0,1,1,0,55,0.0,1.0,1.0,0,5,1,0
420001,420,3,0,2,492,81,4.0,0.99,0.9,5000,420902,1,0
420002,420,4,0,3,121,81,-2.0,1.0,1.0,1000,19,0,0
422000,422,0,1,1,0,55,0.0,1.0,1.0,0,5,1,0
422001,422,1,0,2,99,61,1.0,0.995,0.99,1000,6,1,0
422002,422,2,0,3,55,58,2.0,0.992,0.95,2500,7,1,0
422003,422,2,0,4,41,57,2.0,0.992,0.95,2500,7,1,0
422004,422,3,0,5,492,81,4.0,0.99,0.9,5000,422905,1,0
422005,422,4,0,6,99,80,-2.0,1.0,1.0,1000,19,0,0
423000,423,0,1,1,0,55,0.0,1.0,1.0,0,5,1,0
423001,423,1,0,2,22,65,1.0,0.995,0.99,1000,6,1,0
423002,423,3,0,3,492,81,4.0,0.99,0.9,5000,423903,1,0
423003,423,4,0,4,149,81,-2.0,1.0,1.0,1000,19,0,0
423004,423,3,0,5,763,81,4.0,0.99,0.9,5000,423903,1,0
424000,424,0,1,1,0,55,0.0,1.0,1.0,0,5,1,0
424002,424,3,0,3,492,81,4.0,0.99,0.9,5000,424903,1,0
424300,424,2,0,4,760,68,2.0,0.992,0.95,2500,7,1,0
424400,424,3,0,3,773,81,4.0,0.99,0.9,5000,424903,1,0
425000,425,0,1,1,0,55,0.0,1.0,1.0,0,5,1,0
425001,425,1,0,2,70,66,1.0,0.995,0.99,1000,6,1,0
425002,425,1,0,3,70,67,1.0,0.995,0.99,1000,6,1,0
425003,425,2,0,4,70,68,2.0,0.992,0.95,2500,7,1,0
425004,425,2,0,5,24,59,2.0,0.992,0.95,2500,7,1,0
425005,425,3,0,6,492,81,4.0,0.99,0.9,5000,425906,1,0
425006,425,4,0,7,149,81,-2.0,1.0,1.0,1000,19,0,0
427000,427,0,1,1,0,55,0.0,1.0,1.0,0,5,1,0
427001,427,1,0,2,180,80,1.0,0.995,0.99,1000,6,1,0
427002,427,2,0,3,80,57,2.0,0.992,0.95,2500,7,1,0
427004,427,3,0,5,44,56,4.0,0.99,0.9,5000,427905,1,0
427005,427,3,0,6,492,81,4.0,0.99,0.9,5000,427906,1,0
432000,432,0,1,1,0,55,0.0,1.0,1.0,0,432901,1,0
432001,432,3,0,2,492,81,4.0,0.99,0.9,5000,432902,1,0
433000,433,0,1,1,0,55,0.0,1.0,1.0,0,433901,1,0
433001,433,3,0,2,492,81,4.0,0.99,0.9,5000,433902,1,0
439000,439,0,1,1,0,55,0.0,1.0,1.0,0,5,1,0
439002,439,3,0,3,492,81,4.0,0.99,0.9,5000,439903,1,0
439003,439,3,0,4,763,81,4.0,0.99,0.9,5000,439903,1,0
440000,440,0,1,1,0,55,0.0,1.0,1.0,0,5,1,0
440001,440,1,0,2,28,57,1.0,0.995,0.99,1000,6,1,0
440002,440,1,0,3,13,56,1.0,0.995,0.99,1000,6,1,0
440004,440,2,0,5,82,61,2.0,0.992,0.95,2500,7,1,0
440005,440,2,0,6,14,58,2.0,0.992,0.95,2500,7,1,0
440006,440,2,0,7,41,60,2.0,0.992,0.95,2500,7,1,0
440007,440,3,0,8,492,81,4.0,0.99,0.9,5000,440908,1,0
440008,440,4,0,9,206,81,-2.0,1.0,1.0,1000,19,0,0
440009,440,1,0,10,206,55,0.0,1.0,1.0,1000,5,1,0
440010,440,3,0,11,763,81,4.0,0.99,0.9,5000,440908,1,0
441000,441,0,1,1,0,55,0.0,1.0,1.0,0,441901,1,0
441001,441,1,0,2,24,61,1.0,0.995,0.99,1000,441901,1,0
441002,441,2,0,3,56,56,2.0,0.992,0.95,2500,441901,1,0
441003,441,2,0,4,82,60,2.0,0.992,0.95,2500,441901,1,0
441005,441,3,0,6,492,81,4.0,0.99,0.9,5000,441906,1,0
441006,441,4,0,7,206,80,-2.0,1.0,1.0,1000,19,0,0
444000,444,0,1,1,0,55,0.0,1.0,1.0,0,444901,1,0
444001,444,2,0,2,206,80,2.0,0.992,0.95,2500,444901,1,0
444003,444,3,0,4,492,81,4.0,0.99,0.9,5000,444904,1,0
444004,444,4,0,5,206,80,-2.0,1.0,1.0,1000,19,0,0
444005,444,3,0,6,763,81,4.0,0.99,0.9,5000,444904,1,0
445000,445,0,1,1,0,55,0.0,1.0,1.0,0,445901,1,0
445001,445,2,0,2,80,56,2.0,0.992,0.95,2500,445901,1,0
445002,445,3,0,3,492,81,4.0,0.99,0.9,5000,445903,1,0
445003,445,4,0,4,206,80,-2.0,1.0,1.0,1000,19,0,0
455000,455,0,1,1,0,55,0.0,1.0,1.0,0,5,1,0
455001,455,1,0,2,58,56,1.0,0.995,0.99,1000,6,1,0
455002,455,3,0,3,492,81,4.0,0.99,0.9,5000,455903,1,0
460000,460,0,1,1,0,55,0.0,1.0,1.0,0,5,1,0
460001,460,1,0,2,3,56,1.0,0.995,0.99,1000,6,1,0
460002,460,1,0,3,28,58,1.0,0.995,0.99,1000,6,1,0
460003,460,2,0,4,13,57,2.0,0.992,0.95,2500,7,1,0
460004,460,3,0,5,492,81,4.0,0.99,0.9,5000,460905,1,0
460005,460,4,0,6,255,80,-2.0,1.0,1.0,1000,19,0,0
461000,461,0,1,1,0,55,0.0,1.0,1.0,0,5,1,0
461001,461,1,0,2,24,60,1.0,0.995,0.99,1000,6,1,0
461002,461,2,0,3,82,63,2.0,0.992,0.95,2500,7,1,0
461003,461,2,0,4,46,61,2.0,0.992,0.95,2500,7,1,0
461004,461,3,0,6,492,81,4.0,0.99,0.9,5000,461906,1,0
461005,461,4,0,7,255,80,-2.0,1.0,1.0,1000,19,0,0
461007,461,2,0,8,8,61,2.0,0.992,0.95,2500,7,1,0
461008,461,3,0,9,763,81,4.0,0.99,0.9,5000,461906,1,0
461009,461,3,0,10,760,81,12.0,0.99,0.9,5000,461906,1,0
461010,461,2,0,11,760,61,2.0,0.992,0.95,2500,7,1,0
483000,483,0,1,1,0,55,0.0,1.0,1.0,0,5,1,0
483001,483,3,0,2,492,81,4.0,0.99,0.9,5000,483902,1,0
489000,489,0,1,1,0,55,0.0,1.0,1.0,0,489901,1,0
489001,489,3,0,2,492,81,4.0,0.99,0.9,5000,489902,1,0
489002,489,4,0,3,492,81,-2.0,1.0,1.0,1000,19,0,0
513000,513,0,1,1,0,55,0.0,1.0,1.0,0,5,1,0
513001,513,3,0,2,492,81,4.0,0.99,0.9,5000,513902,1,0
565000,565,0,1,1,0,55,0.0,1.0,1.0,0,565901,1,0
565001,565,3,0,2,492,55,4.0,0.99,0.9,5000,565902,1,0
565002,565,4,0,3,118,55,-2.0,1.0,1.0,1000,19,0,0
565003,565,4,0,4,118,81,-2.0,1.0,1.0,1000,19,0,0
567000,567,0,1,1,0,55,0.0,1.0,1.0,0,5,1,0
567001,567,3,0,2,492,81,4.0,0.99,0.9,5000,567902,1,0
568000,568,3,1,1,0,55,0.0,0.99,0.9,0,568901,1,0
568001,568,3,0,2,492,55,0.0,0.99,0.9,5000,568902,1,0
568002,568,4,0,3,25,55,-6.0,0.98,1.0,1000,19,0,0
569000,569,0,1,1,0,55,0.0,1.0,1.0,0,569901,1,0
569001,569,3,0,2,492,81,0.5,0.99,0.9,5000,569902,1,0
615000,615,3,1,1,0,55,0.0,0.99,0.9,0,615901,1,0
625000,625,0,1,1,0,55,0.0,1.0,1.0,0,625901,1,0
625001,625,1,0,2,404,56,1.0,0.995,0.99,1000,625901,1,0
625002,625,3,0,3,492,81,4.0,0.99,0.9,5000,625903,1,0
633000,633,0,1,1,0,55,0.0,1.0,1.0,0,633901,1,0
633001,633,1,0,2,121,55,1.0,0.995,0.99,1000,633901,1,0
633002,633,3,0,3,492,81,4.0,0.99,0.9,5000,633903,1,0
634000,634,0,1,1,0,55,0.0,1.0,1.0,0,5,1,0
634001,634,1,0,2,237,0,1.0,0.995,0.99,1000,6,1,0
634002,634,1,0,3,237,0,1.0,0.995,0.99,1000,6,1,0
634003,634,3,0,4,492,81,4.0,0.99,0.9,5000,634904,1,0
637000,637,0,1,1,0,55,0.0,1.0,1.0,0,5,1,0
637001,637,3,0,2,492,81,4.0,0.99,0.9,5000,637902,1,0
639000,639,0,1,1,0,55,0.0,1.0,1.0,0,5,1,0
639001,639,3,0,2,492,81,4.0,0.99,0.9,5000,639902,1,0
641000,641,2,1,1,0,55,0.0,0.992,0.95,0,641901,1,0
641001,641,3,0,2,492,55,2.0,0.99,0.9,5000,641902,1,0
642000,642,0,1,1,0,55,0.0,1.0,1.0,0,642901,1,0
642001,642,1,0,2,118,56,1.0,0.995,0.99,1000,642901,1,0
642002,642,1,0,3,118,57,1.0,0.995,0.99,1000,642901,1,0
642003,642,3,0,4,492,81,4.0,0.99,0.9,5000,642904,1,0
642004,642,4,0,5,118,80,-2.0,1.0,1.0,1000,19,0,0
642005,642,3,0,6,763,81,4.0,0.99,0.9,5000,642904,1,0
1006000,1006,3,1,1,0,55,0.0,0.99,0.9,0,1006901,1,0
1007000,1007,3,1,1,0,55,0.0,0.99,0.9,0,1007901,1,0
1009000,1009,0,1,1,0,55,0.0,1.0,1.0,0,1009901,1,0
1009001,1009,1,0,2,84,56,1.0,0.995,0.99,1000,1009901,1,0
1009003,1009,3,0,4,765,81,4.0,0.99,0.9,5000,1009904,1,0
1009004,1009,3,0,5,492,81,4.0,0.99,0.9,5000,1009905,1,0
1009005,1009,4,0,6,116,80,-2.0,1.0,1.0,1000,19,0,0
1011000,1011,0,1,1,0,55,0.0,1.0,1.0,0,5,1,0
1011001,1011,2,0,2,660,81,2.0,0.992,0.95,2500,7,1,0
1011002,1011,3,0,3,492,81,4.0,0.99,0.9,5000,1011903,1,0
1011003,1011,3,0,4,763,81,4.0,0.99,0.9,5000,1011903,1,0
1020000,1020,3,1,1,0,55,0.0,0.99,0.9,0,1020901,1,0
1022000,1022,0,1,1,0,55,0.0,1.0,1.0,0,5,1,0
1022001,1022,3,0,2,492,81,4.0,0.99,0.9,5000,1022902,1,0
1023000,1023,3,1,1,0,55,0.0,0.99,0.9,0,1023901,1,0
1034000,1034,0,1,1,0,55,0.0,1.0,1.0,0,1034901,1,0
1034001,1034,1,0,2,255,59,1.0,0.995,0.99,1000,1034901,1,0
1034002,1034,1,0,3,84,57,1.0,0.995,0.99,1000,1034901,1,0
1034003,1034,3,0,4,492,81,4.0,0.99,0.9,5000,1034904,1,0
1034004,1034,4,0,5,255,80,-2.0,1.0,1.0,1000,19,0,0
1040000,1040,0,1,1,0,55,0.0,1.0,1.0,0,5,1,0
1040001,1040,3,0,2,492,81,4.0,0.99,0.9,5000,1040902,1,0
1041000,1041,0,1,1,0,55,0.0,1.0,1.0,0,1041901,1,0
1041001,1041,3,0,2,492,81,4.0,0.99,0.9,5000,1041902,1,0
1042000,1042,0,1,1,0,55,0.0,1.0,1.0,0,5,1,0
1042001,1042,3,0,2,492,81,4.0,0.99,0.9,5000,1042902,1,0
1043000,1043,0,1,1,0,55,0.0,1.0,1.0,0,1043901,1,0
1043001,1043,1,0,2,3,56,1.0,0.995,0.99,1000,1043901,1,0
1043002,1043,1,0,3,46,58,1.0,0.995,0.99,1000,1043901,1,0
1043003,1043,3,0,4,492,81,4.0,0.99,0.9,5000,1043904,1,0
1043004,1043,4,0,5,206,80,-2.0,1.0,1.0,1000,19,0,0
1045000,1045,0,1,1,0,55,0.0,1.0,1.0,0,5,1,0
1045001,1045,3,0,2,492,81,4.0,0.99,0.9,5000,1045902,1,0
1046000,1046,3,1,1,0,55,0.0,0.99,0.9,0,1046901,1,0
1046001,1046,4,0,2,160,56,-6.0,1.0,1.0,1000,19,0,0
1059000,1059,0,1,1,0,55,0.0,1.0,1.0,0,5,1,0
1059001,1059,3,0,2,492,81,4.0,0.99,0.9,5000,1059902,1,0
1060000,1060,0,1,1,0,55,0.0,1.0,1.0,0,1060901,1,0
1060001,1060,3,0,2,492,81,4.0,0.99,0.9,5000,1060902,1,0
1063000,1063,3,1,1,0,55,0.0,0.99,0.9,0,1063901,1,0
1063001,1063,4,0,2,160,55,-6.0,1.0,1.0,1000,19,0,0
1064000,1064,0,1,1,0,55,0.0,1.0,1.0,0,5,1,0
1064001,1064,3,0,2,492,81,4.0,0.99,0.9,5000,1064902,1,0
1069000,1069,0,1,1,0,55,0.0,1.0,1.0,0,5,1,0
1069001,1069,3,0,2,492,81,4.0,0.99,0.9,5000,1069902,1,0
1086000,1086,0,1,1,0,55,0.0,1.0,1.0,0,1086901,1,0
1086001,1086,3,0,2,492,81,4.0,0.99,0.9,5000,1086902,1,0
1093000,1093,0,1,1,0,55,0.0,1.0,1.0,0,5,1,0
1093001,1093,3,0,2,492,56,4.0,0.99,0.9,5000,1093902,1,0
1098000,1098,0,1,1,0,55,0.0,1.0,1.0,0,5,1,0
1098001,1098,2,0,2,660,81,2.0,0.992,0.95,2500,7,1,0
1098002,1098,3,0,3,492,81,4.0,0.99,0.9,5000,1098903,1,0
1103000,1103,0,1,1,0,55,0.0,1.0,1.0,0,5,1,0
1103001,1103,1,0,2,56,57,1.0,0.995,0.99,1000,6,1,0
1103002,1103,1,0,3,56,56,1.0,0.995,0.99,1000,6,1,0
1103003,1103,3,0,4,492,81,4.0,0.99,0.9,5000,1103904,1,0
1103004,1103,3,0,5,763,81,4.0,0.99,0.9,5000,1103904,1,0
1104000,1104,0,1,1,0,55,0.0,1.0,1.0,0,5,1,0
1104001,1104,3,0,2,492,81,4.0,0.99,0.9,5000,1104902,1,0
1105000,1105,0,1,1,0,55,0.0,1.0,1.0,0,5,1,0
1105001,1105,3,0,2,492,81,4.0,0.99,0.9,5000,1105902,1,0
1108000,1108,0,1,1,0,55,0.0,1.0,1.0,0,1108901,1,0
1108001,1108,3,0,2,492,81,4.0,0.99,0.9,5000,1108902,1,0
1110000,1110,0,1,1,0,55,0.0,1.0,1.0,0,5,1,0
1110001,1110,1,0,2,62,56,1.0,0.995,0.99,1000,6,1,0
1110003,1110,3,0,4,492,81,4.0,0.99,0.9,5000,1110904,1,0
1110004,1110,4,0,5,149,81,-2.0,1.0,1.0,1000,19,0,0
1125000,1125,0,1,1,0,55,0.0,1.0,1.0,0,1125901,1,0
1125001,1125,3,0,2,492,81,4.0,0.99,0.9,5000,1125902,1,0
1126000,1126,0,1,1,0,55,0.0,1.0,1.0,0,5,1,0
1126001,1126,3,0,2,492,81,4.0,0.99,0.9,5000,1126902,1,0
1131000,1131,0,1,1,0,55,0.0,1.0,1.0,0,5,1,0
1131002,1131,3,0,3,492,81,4.0,0.99,0.9,5000,1131903,1,0
1154000,1154,0,1,1,0,55,0.0,1.0,1.0,0,5,1,0
1154001,1154,3,0,2,492,81,4.0,0.99,0.9,5000,1154902,1,0
1155000,1155,0,1,1,0,55,0.0,1.0,1.0,0,5,1,0
1155001,1155,3,0,2,492,81,4.0,0.99,0.9,5000,1155902,1,0
1173000,1173,0,1,1,0,55,0.0,1.0,1.0,0,1173901,1,0
1173001,1173,2,0,2,660,81,2.0,0.992,0.95,2500,1173901,1,0
1173002,1173,3,0,3,492,81,4.0,0.99,0.9,5000,1173903,1,0
1175000,1175,3,1,1,0,55,0.0,0.99,0.9,0,1175901,1,0
1184000,1184,0,1,1,0,55,0.0,1.0,1.0,0,5,1,0
1184001,1184,3,0,2,492,81,4.0,0.99,0.9,5000,1184902,1,0
1202000,1202,0,1,1,0,55,0.0,1.0,1.0,0,5,1,0
1202001,1202,3,0,2,492,81,4.0,0.99,0.9,5000,1202902,1,0
1215000,1215,0,1,1,0,55,0.0,1.0,1.0,0,5,1,0
1216000,1216,0,1,1,0,55,0.0,1.0,1.0,0,5,1,0
1216001,1216,3,0,2,492,81,4.0,0.99,0.9,5000,1216902,1,0
1219000,1219,3,1,1,0,55,0.0,0.99,0.9,0,1219901,1,0
1220000,1220,0,1,1,0,55,0.0,1.0,1.0,0,5,1,0
1220001,1220,1,0,2,292,56,1.0,0.995,0.99,1000,6,1,0
1220002,1220,1,0,3,43,57,1.0,0.995,0.99,1000,6,1,0
1220003,1220,3,0,4,492,81,4.0,0.99,0.9,5000,1220904,1,0
1231000,1231,0,1,1,0,55,0.0,1.0,1.0,0,5,1,0
1231001,1231,3,0,2,492,81,4.0,0.99,0.9,5000,1231902,1,0
1234000,1234,0,1,1,0,55,0.0,1.0,1.0,0,1234901,1,0
1234001,1234,3,0,2,492,81,4.0,0.99,0.9,5000,1234902,1,0
1246000,1246,3,1,1,0,55,0.0,0.99,0.9,0,1246901,1,0
1260000,1260,0,1,1,0,55,0.0,1.0,1.0,0,1260901,1,0
1260001,1260,3,0,2,492,81,4.0,0.99,0.9,5000,1260902,1,0
1268000,1268,0,1,1,0,55,0.0,1.0,1.0,0,5,1,0
1268001,1268,3,0,2,492,81,4.0,0.99,0.9,5000,1268902,1,0
1269000,1269,0,1,1,0,55,0.0,1.0,1.0,0,1269901,1,0
1269001,1269,3,0,2,492,81,4.0,0.99,0.9,5000,1269902,1,0
1270000,1270,0,1,1,0,55,0.0,1.0,1.0,0,5,1,0
1270001,1270,3,0,2,492,81,4.0,0.99,0.9,5000,1270902,1,0
1271000,1271,0,1,1,0,55,0.0,1.0,1.0,0,5,1,0
1271001,1271,3,0,2,492,81,4.0,0.99,0.9,5000,1271902,1,0
1272000,1272,0,1,1,0,55,0.0,1.0,1.0,0,1272901,1,0
1272001,1272,1,0,2,492,1,1.0,0.995,0.99,1000,1272901,1,0
1272002,1272,1,0,3,492,1,1.0,0.995,0.99,1000,1272901,1,0
1272003,1272,2,0,4,167,1,2.0,0.992,0.95,2500,1272901,1,0
1272004,1272,3,0,5,492,81,4.0,0.99,0.9,5000,1272905,1,0
1272005,1272,4,0,6,167,80,-2.0,1.0,1.0,1000,19,0,0
1273000,1273,0,1,1,0,55,0.0,1.0,1.0,0,5,1,0
1273001,1273,1,0,2,40,58,1.0,0.995,0.99,1000,6,1,0
1273002,1273,1,0,3,46,59,1.0,0.995,0.99,1000,6,1,0
1273003,1273,3,0,4,492,81,4.0,0.99,0.9,5000,1273904,1,0
1276000,1276,0,1,1,0,55,0.0,1.0,1.0,0,5,1,0
1276001,1276,3,0,2,492,81,4.0,0.99,0.9,5000,1276902,1,0
1277000,1277,0,1,1,0,55,0.0,1.0,1.0,0,5,1,0
1277001,1277,3,0,2,492,81,4.0,0.99,0.9,5000,1277902,1,0
1282000,1282,0,1,1,0,55,0.0,1.0,1.0,0,1282901,1,0
1282001,1282,1,0,2,24,56,1.0,0.995,0.99,1000,1282901,1,0
1282003,1282,3,0,4,492,81,4.0,0.99,0.9,5000,1282904,1,0
1282004,1282,3,0,5,763,81,4.0,0.99,0.9,5000,1282904,1,0
1285000,1285,0,1,1,0,55,0.0,1.0,1.0,0,5,1,0
1285001,1285,3,0,2,492,81,4.0,0.99,0.9,5000,1285902,1,0
1291000,1291,0,1,1,0,55,0.0,1.0,1.0,0,5,1,0
1291001,1291,3,0,2,492,81,4.0,0.99,0.9,5000,1291902,1,0
1293000,1293,0,1,1,0,55,0.0,1.0,1.0,0,1293901,1,0
1293001,1293,3,0,2,492,81,4.0,0.99,0.9,5000,1293902,1,0
1293002,1293,4,0,3,167,80,-2.0,1.0,1.0,1000,19,0,0
1296000,1296,3,1,1,0,55,0.0,0.99,0.9,0,1296901,1,0
1296001,1296,4,0,2,25,80,-6.0,1.0,1.0,1000,19,0,0
1297000,1297,0,1,1,0,55,0.0,1.0,1.0,0,1297901,1,0
1297001,1297,3,0,2,492,81,4.0,0.99,0.9,5000,1297902,1,0
1299000,1299,0,1,1,0,55,0.0,1.0,1.0,0,1299901,1,0
1299001,1299,3,0,2,492,81,4.0,0.99,0.9,5000,1299902,1,0
1299002,1299,4,0,3,262,80,-2.0,1.0,1.0,1000,19,0,0
1300000,1300,0,1,1,0,55,0.0,1.0,1.0,0,5,1,0
1300001,1300,3,0,2,492,81,4.0,0.99,0.9,5000,1300902,1,0
1301000,1301,0,1,1,0,55,0.0,1.0,1.0,0,5,1,0
1301001,1301,3,0,2,492,81,4.0,0.99,0.9,5000,1301902,1,0
1302000,1302,0,1,1,0,55,0.0,1.0,1.0,0,5,1,0
1302001,1302,3,0,2,492,81,4.0,0.99,0.9,5000,1302902,1,0
1302002,1302,4,0,3,167,80,-2.0,1.0,1.0,1000,19,0,0
1304000,1304,0,1,1,0,55,0.0,1.0,1.0,0,5,1,0
1304001,1304,3,0,2,492,81,4.0,0.99,0.9,5000,1304902,1,0
1314000,1314,0,1,1,0,55,0.0,1.0,1.0,0,1314901,1,0
1314001,1314,3,0,2,492,81,4.0,0.99,0.9,5000,1314902,1,0
1318000,1318,0,1,1,0,55,0.0,1.0,1.0,0,5,1,0
1318001,1318,3,0,2,492,81,4.0,0.99,0.9,5000,1318902,1,0
1319000,1319,0,1,1,0,55,0.0,1.0,1.0,0,1319901,1,0
1319001,1319,3,0,2,492,81,4.0,0.99,0.9,5000,1319902,1,0
1320000,1320,0,1,1,0,55,0.0,1.0,1.0,0,5,1,0
1320001,1320,3,0,2,492,81,4.0,0.99,0.9,5000,1320902,1,0
1320002,1320,4,0,3,167,81,-2.0,1.0,1.0,1000,19,0,0
1322000,1322,0,1,1,0,55,0.0,1.0,1.0,0,1322901,1,0
1322001,1322,3,0,2,492,81,4.0,0.99,0.9,5000,1322902,1,0
1323000,1323,0,1,1,0,55,0.0,1.0,1.0,0,1323901,1,0
1323001,1323,3,0,2,492,81,4.0,0.99,0.9,5000,1323902,1,0
1323002,1323,4,0,3,297,80,-2.0,1.0,1.0,1000,19,0,0
1328000,1328,0,1,1,0,55,0.0,1.0,1.0,0,1328901,1,0
1328001,1328,3,0,2,492,81,4.0,0.99,0.9,5000,1328902,1,0
1329000,1329,0,1,1,0,55,0.0,1.0,1.0,0,5,1,0
1329001,1329,3,0,2,492,81,-0.5,0.99,0.9,5000,1329902,1,0
1329002,1329,4,0,3,18,81,-2.0,1.0,1.0,1000,19,0,0
1330000,1330,0,1,1,0,55,0.0,1.0,1.0,0,5,1,0
1330001,1330,3,0,2,492,81,4.0,0.99,0.9,5000,1330902,1,0
1332000,1332,0,1,1,0,55,0.0,1.0,1.0,0,5,1,0
1332001,1332,3,0,2,492,81,4.0,0.99,0.9,5000,1332902,1,0
1345000,1345,0,1,1,0,55,0.0,1.0,1.0,0,5,1,0
1345001,1345,3,0,2,492,81,4.0,0.99,0.9,5000,1345902,1,0
1350000,1350,0,1,1,0,55,0.0,1.0,1.0,0,1350901,1,0
1350001,1350,3,0,2,492,81,4.0,0.99,0.9,5000,1350902,1,0
1351000,1351,0,1,1,0,55,0.0,1.0,1.0,0,5,1,0
1351001,1351,1,0,2,626,57,1.0,0.995,0.99,1000,6,1,0
1351002,1351,3,0,3,492,81,4.0,0.99,0.9,5000,1351903,1,0
1355000,1355,0,1,1,0,55,0.0,1.0,1.0,0,5,1,0
1355001,1355,3,0,2,492,81,4.0,0.99,0.9,5000,1355902,1,0
1367000,1367,0,1,1,0,55,0.0,1.0,1.0,0,5,1,0
1367001,1367,3,0,2,492,81,4.0,0.99,0.9,5000,1367902,1,0
1368000,1368,0,1,1,0,55,0.0,1.0,1.0,0,5,1,0
1368001,1368,3,0,2,492,81,4.0,0.99,0.9,5000,1368902,1,0
1368002,1368,4,0,3,118,55,-2.0,1.0,1.0,1000,19,0,0
1369000,1369,3,1,1,0,55,0.0,0.99,0.9,0,1369901,1,0
1370000,1370,0,1,1,0,55,0.0,1.0,1.0,0,5,1,0
1370001,1370,3,0,2,492,81,4.0,0.99,0.9,5000,1370902,1,0
1372000,1372,0,1,1,0,55,0.0,1.0,1.0,0,5,1,0
1372001,1372,3,0,2,492,81,4.0,0.99,0.9,5000,1372902,1,0
1376000,1376,0,1,1,0,55,0.0,1.0,1.0,0,5,1,0
1376001,1376,3,0,2,492,81,4.0,0.99,0.9,5000,1376902,1,0
1379000,1379,0,1,1,0,55,0.0,1.0,1.0,0,5,1,0
1379001,1379,3,0,2,492,81,4.0,0.99,0.9,5000,1379902,1,0
1380000,1380,0,1,1,0,55,0.0,1.0,1.0,0,5,1,0
1380001,1380,3,0,2,492,81,4.0,0.99,0.9,5000,1380902,1,0
1383000,1383,0,1,1,0,55,0.0,1.0,1.0,0,5,1,0
1383001,1383,3,0,2,492,81,4.0,0.99,0.9,5000,1383902,1,0
1383002,1383,4,0,3,294,55,-2.0,1.0,1.0,1000,19,0,0
1385000,1385,0,1,1,0,55,0.0,1.0,1.0,0,5,1,0
1385001,1385,3,0,2,492,81,4.0,0.99,0.9,5000,1385902,1,0
1387000,1387,0,1,1,0,55,0.0,1.0,1.0,0,5,1,0
1387001,1387,3,0,2,492,81,4.0,0.99,0.9,5000,1387902,1,0
1387002,1387,4,0,3,262,80,-2.0,1.0,1.0,1000,19,0,0
1388000,1388,0,1,1,0,55,0.0,1.0,1.0,0,5,1,0
1388001,1388,3,0,2,492,81,4.0,0.99,0.9,5000,1388902,1,0
1392000,1392,2,1,1,0,55,0.0,0.992,0.95,0,1392901,1,0
1392001,1392,3,0,2,492,81,2.0,0.99,0.9,5000,1392902,1,0
1395000,1395,0,1,1,0,55,0.0,1.0,1.0,0,5,1,0
1395001,1395,3,0,2,492,81,4.0,0.99,0.9,5000,1395902,1,0
1398000,1398,0,1,1,0,55,0.0,1.0,1.0,0,1398901,1,0
1398001,1398,3,0,2,660,81,4.0,0.99,0.9,5000,1398902,1,0
1398002,1398,3,0,3,492,81,4.0,0.99,0.9,5000,1398903,1,0
1417000,1417,0,1,1,0,55,0.0,1.0,1.0,0,1417901,1,0
1417001,1417,3,0,2,492,81,4.0,0.99,0.9,5000,1417902,1,0
1418000,1418,0,1,1,0,55,0.0,1.0,1.0,0,5,1,0
1418001,1418,1,0,2,64,59,1.0,0.995,0.99,1000,6,1,0
1418002,1418,3,0,3,492,81,4.0,0.99,0.9,5000,1418903,1,0
1426000,1426,0,1,1,0,55,0.0,1.0,1.0,0,5,1,0
1426001,1426,3,0,2,492,81,4.0,0.99,0.9,5000,1426902,1,0
1426002,1426,4,0,3,149,65,-2.0,1.0,1.0,1000,19,0,0
1426003,1426,3,0,4,763,81,4.0,0.99,0.9,5000,1426902,1,0
1428000,1428,0,1,1,0,55,0.0,1.0,1.0,0,5,1,0
1428001,1428,1,0,2,292,57,1.0,0.995,0.99,1000,6,1,0
1428002,1428,3,0,3,294,56,4.0,0.99,0.9,5000,1428903,1,0
1428003,1428,3,0,4,492,81,4.0,0.99,0.9,5000,1428904,1,0
1429000,1429,0,1,1,0,55,0.0,1.0,1.0,0,5,1,0
1429001,1429,3,0,2,492,81,4.0,0.99,0.9,5000,1429902,1,0
1435000,1435,0,1,1,0,55,0.0,1.0,1.0,0,5,1,0
1435001,1435,1,0,2,294,57,1.0,0.995,0.99,1000,6,1,0
1435002,1435,3,0,3,492,81,4.0,0.99,0.9,5000,1435903,1,0
1459000,1459,0,1,1,0,55,0.0,1.0,1.0,0,5,1,0
1459001,1459,3,0,2,492,81,4.0,0.99,0.9,5000,1459902,1,0
1460000,1460,0,1,1,0,55,0.0,1.0,1.0,0,5,1,0
1460001,1460,1,0,2,167,57,1.0,0.995,0.99,1000,6,1,0
1460002,1460,3,0,3,492,81,4.0,0.99,0.9,5000,1460903,1,0
1460003,1460,4,0,4,167,56,-2.0,1.0,1.0,1000,19,0,0
1477000,1477,0,1,1,0,55,0.0,1.0,1.0,0,5,1,0
1477001,1477,3,0,2,492,81,4.0,0.99,0.9,5000,1477902,1,0
1482000,1482,0,1,1,0,55,0.0,1.0,1.0,0,5,1,0
1482001,1482,3,0,2,492,81,4.0,0.99,0.9,5000,1482902,1,0
1486000,1486,0,1,1,0,55,0.0,1.0,1.0,0,5,1,0
1486001,1486,3,0,2,492,81,4.0,0.99,0.9,5000,1486902,1,0
1496000,1496,0,1,1,0,55,0.0,1.0,1.0,0,5,1,0
1496001,1496,3,0,2,492,81,4.0,0.99,0.9,5000,1496902,1,0
1500000,1500,0,1,1,0,55,0.0,1.0,1.0,0,1500901,1,0
1500001,1500,2,0,2,660,56,2.0,0.992,0.95,2500,1500901,1,0
1500002,1500,3,0,3,25,56,4.0,0.99,0.9,5000,1500903,1,0
1500003,1500,4,0,4,25,80,-2.0,1.0,1.0,1000,19,0,0
1517000,1517,0,1,1,0,55,0.0,1.0,1.0,0,5,1,0
1517001,1517,1,0,2,255,64,1.0,0.995,0.99,1000,6,1,0
1517002,1517,1,0,3,86,59,1.0,0.995,0.99,1000,6,1,0
1517003,1517,3,0,4,492,81,4.0,0.99,0.9,5000,1517904,1,0
1517004,1517,4,0,5,255,81,-2.0,1.0,1.0,1000,19,0,0
1522000,1522,0,1,1,0,55,0.0,1.0,1.0,0,5,1,0
1522001,1522,3,0,2,492,81,4.0,0.99,0.9,5000,1522902,1,0
1523000,1523,0,1,1,0,55,0.0,1.0,1.0,0,5,1,0
1523001,1523,3,0,2,492,81,4.0,0.99,0.9,5000,1523902,1,0
1525000,1525,0,1,1,0,55,0.0,1.0,1.0,0,5,1,0
1525001,1525,3,0,2,492,81,4.0,0.99,0.9,5000,1525902,1,0
1529000,1529,0,1,1,0,55,0.0,1.0,1.0,0,5,1,0
1529001,1529,3,0,2,492,81,4.0,0.99,0.9,5000,1529902,1,0
1529002,1529,4,0,3,167,81,-2.0,1.0,1.0,1000,19,0,0
1530000,1530,0,1,1,0,55,0.0,1.0,1.0,0,5,1,0
1530001,1530,3,0,2,492,81,4.0,0.99,0.9,5000,1530902,1,0
1531000,1531,0,1,1,0,55,0.0,1.0,1.0,0,5,1,0
1531001,1531,1,0,2,70,56,1.0,0.995,0.99,1000,6,1,0
1531002,1531,3,0,3,492,81,4.0,0.99,0.9,5000,1531903,1,0
1532000,1532,0,1,1,0,55,0.0,1.0,1.0,0,1532901,1,0
1532001,1532,3,0,2,492,81,4.0,0.99,0.9,5000,1532902,1,0
1532002,1532,4,0,3,179,56,-2.0,1.0,1.0,1000,19,0,0
1533000,1533,0,1,1,0,55,0.0,1.0,1.0,0,5,1,0
1533001,1533,3,0,2,492,81,4.0,0.99,0.9,5000,1533902,1,0
1536000,1536,0,1,1,0,55,0.0,1.0,1.0,0,5,1,0
1536001,1536,2,0,2,237,56,2.0,0.992,0.95,2500,7,1,0
1536002,1536,3,0,3,492,81,4.0,0.99,0.9,5000,1536903,1,0
1539000,1539,2,1,1,0,55,0.0,0.992,0.95,0,1539901,1,0
1539001,1539,3,0,2,492,81,2.0,0.99,0.9,5000,1539902,1,0
1562000,1562,0,1,1,0,55,0.0,1.0,1.0,0,1562901,1,0
1562001,1562,3,0,2,492,81,4.0,0.99,0.9,5000,1562902,1,0
1564000,1564,0,1,1,0,55,0.0,1.0,1.0,0,5,1,0
1564001,1564,1,0,2,35,56,4.0,0.995,0.99,1000,6,1,0
1564002,1564,3,0,3,492,81,4.0,0.99,0.9,5000,1564903,1,0
1568000,1568,0,1,1,0,55,0.0,1.0,1.0,0,5,1,0
1568001,1568,2,0,2,492,81,2.0,0.992,0.95,2500,7,1,0
1568002,1568,3,0,3,492,81,4.0,0.99,0.9,5000,1568903,1,0
1574000,1574,0,1,1,0,55,0.0,1.0,1.0,0,5,1,0
1574001,1574,3,0,2,492,81,4.0,0.99,0.9,5000,1574902,1,0
1575000,1575,0,1,1,0,55,0.0,1.0,1.0,0,5,1,0
1575001,1575,3,0,2,492,81,4.0,0.99,0.9,5000,1575902,1,0
1575002,1575,4,0,3,35,81,-2.0,1.0,1.0,1000,19,0,0
1580000,1580,0,1,1,0,55,0.0,1.0,1.0,0,5,1,0
1580001,1580,3,0,2,492,81,4.0,0.99,0.9,5000,1580902,1,0
1581000,1581,0,1,1,0,55,0.0,1.0,1.0,0,5,1,0
1581001,1581,3,0,2,492,81,4.0,0.99,0.9,5000,1581902,1,0
1583000,1583,0,1,1,0,55,0.0,1.0,1.0,0,1583901,1,0
1583001,1583,3,0,2,492,81,4.0,0.99,0.9,5000,1583902,1,0
1591000,1591,0,1,1,0,55,0.0,1.0,1.0,0,1591901,1,0
1591001,1591,1,0,2,239,0,1.0,0.995,0.99,1000,1591901,1,0
1591002,1591,1,0,3,239,0,1.0,0.995,0.99,1000,1591901,1,0
1591003,1591,3,0,4,492,81,4.0,0.99,0.9,5000,1591904,1,0
1592000,1592,0,1,1,0,55,0.0,1.0,1.0,0,5,1,0
1592001,1592,3,0,2,492,81,4.0,0.99,0.9,5000,1592902,1,0
1599000,1599,3,1,1,0,55,0.0,0.99,0.9,0,1599901,1,0
1601000,1601,0,1,1,0,55,0.0,1.0,1.0,0,1601901,1,0
1601001,1601,3,0,2,492,81,4.0,0.99,0.9,5000,1601902,1,0
1607000,1607,0,1,1,0,55,0.0,1.0,1.0,0,5,1,0
1607001,1607,1,0,2,292,0,1.0,0.995,0.99,1000,6,1,0
1607002,1607,1,0,3,19,0,1.0,0.995,0.99,1000,6,1,0
1607003,1607,3,0,4,492,81,4.0,0.99,0.9,5000,1607904,1,0
1627000,1627,0,1,1,0,55,0.0,1.0,1.0,0,5,1,0
1627002,1627,3,0,3,492,81,4.0,0.99,0.9,5000,1627903,1,0
1627003,1627,4,0,4,25,80,-2.0,1.0,1.0,1000,19,0,0
1651000,1651,3,1,1,0,55,0.0,0.99,0.9,0,1651901,1,0
1651001,1651,4,0,2,636,81,-6.0,1.0,1.0,1000,19,0,0
1652000,1652,0,1,1,0,55,0.0,1.0,1.0,0,5,1,0
1652001,1652,3,0,2,492,81,4.0,0.99,0.9,5000,1652902,1,0
1653000,1653,0,1,1,0,55,0.0,1.0,1.0,0,1653901,1,0
1653001,1653,3,0,2,492,81,4.0,0.99,0.9,5000,1653902,1,0
1654000,1654,0,1,1,0,55,0.0,1.0,1.0,0,1654901,1,0
1654001,1654,3,0,2,492,81,4.0,0.99,0.9,5000,1654902,1,0
1654002,1654,3,0,3,763,81,4.0,0.99,0.9,5000,1654902,1,0
1655000,1655,0,1,1,0,55,0.0,1.0,1.0,0,5,1,0
1655002,1655,1,0,3,41,67,1.0,0.995,0.99,1000,6,1,0
1655005,1655,3,0,6,492,81,4.0,0.99,0.9,5000,1655906,1,0
1655006,1655,4,0,7,297,80,-2.0,1.0,1.0,1000,19,0,0
1655007,1655,3,0,8,763,81,4.0,0.99,0.9,5000,1655906,1,0
1658000,1658,0,1,1,0,55,0.0,1.0,1.0,0,5,1,0
1658001,1658,1,0,2,25,0,1.0,0.995,0.99,1000,6,1,0
1658002,1658,3,0,3,492,81,4.0,0.99,0.9,5000,1658903,1,0
1662000,1662,0,1,1,0,55,0.0,1.0,1.0,0,5,1,0
1662001,1662,2,0,2,492,81,2.0,0.992,0.95,2500,7,1,0
1662002,1662,3,0,3,492,81,4.0,0.99,0.9,5000,1662903,1,0
1667000,1667,0,1,1,0,55,0.0,1.0,1.0,0,1667901,1,0
1667001,1667,3,0,2,492,81,4.0,0.99,0.9,5000,1667902,1,0
1668000,1668,0,1,1,0,55,0.0,1.0,1.0,0,5,1,0
1668001,1668,3,0,2,492,81,4.0,0.99,0.9,5000,1668902,1,0
2002000,2002,0,1,1,0,55,0.0,1.0,1.0,0,2002901,1,0
2002001,2002,2,0,2,660,0,2.0,0.992,0.95,2500,2002901,1,0
2002002,2002,3,0,3,492,81,4.0,0.99,0.9,5000,2002903,1,0
2002003,2002,3,0,4,763,81,4.0,0.99,0.9,5000,2002903,1,0
2002004,2002,4,0,5,206,0,-2.0,1.0,1.0,1000,19,0,0
2003000,2003,0,1,1,0,55,0.0,1.0,1.0,0,5,1,0
2003001,2003,3,0,2,492,81,4.0,0.99,0.9,5000,2003902,1,0
2004000,2004,0,1,1,0,55,0.0,1.0,1.0,0,5,1,0
2004001,2004,3,0,2,492,81,4.0,0.99,0.9,5000,2004902,1,0
2005000,2005,0,1,1,0,55,0.0,1.0,1.0,0,5,1,0
2005001,2005,3,0,2,492,81,4.0,0.99,0.9,5000,2005902,1,0
2006000,2006,0,1,1,0,55,0.0,1.0,1.0,0,5,1,0
2006001,2006,3,0,2,492,81,4.0,0.99,0.9,5000,2006902,1,0
2007000,2007,0,1,1,0,55,0.0,1.0,1.0,0,5,1,0
2007002,2007,1,0,3,41,67,1.0,0.995,0.99,1000,6,1,0
2007005,2007,3,0,6,492,81,4.0,0.99,0.9,5000,2007906,1,0
2007006,2007,4,0,7,255,80,-2.0,1.0,1.0,1000,19,0,0
2007007,2007,3,0,8,763,81,4.0,0.99,0.9,5000,2007906,1,0
2009000,2009,0,1,1,0,55,0.0,1.0,1.0,0,5,1,0
2009001,2009,3,0,2,492,55,4.0,0.99,0.9,5000,2009902,1,0
2009002,2009,3,0,3,492,55,4.0,0.99,0.9,5000,2009903,1,0
2010000,2010,0,1,1,0,55,0.0,1.0,1.0,0,2010901,1,0
2010001,2010,2,0,2,492,55,2.0,0.992,0.95,2500,2010901,1,0
2010002,2010,2,0,3,492,55,2.0,0.992,0.95,2500,2010901,1,0
2010003,2010,2,0,4,660,55,2.0,0.992,0.95,2500,2010901,1,0
2010004,2010,3,0,5,492,55,4.0,0.99,0.9,5000,2010905,1,0
2011000,2011,0,1,1,0,55,0.0,1.0,1.0,0,5,1,0
2011001,2011,3,0,2,492,56,4.0,0.99,0.9,5000,2011902,1,0
2018000,2018,0,1,1,0,0,0.0,1.0,1.0,0,5,1,0
2018001,2018,3,0,2,492,0,4.0,0.99,0.9,5000,2018902,1,0
2019000,2019,0,1,1,0,0,0.0,1.0,1.0,0,5,1,0
2019001,2019,1,0,2,90,0,1.0,0.995,0.99,1000,6,1,0
2019002,2019,1,0,3,20,0,1.0,0.995,0.99,1000,6,1,0
2019003,2019,1,0,4,47,0,1.0,0.995,0.99,1000,6,1,0
2019004,2019,3,0,5,492,0,4.0,0.99,0.9,5000,2019905,1,0
2021000,2021,0,1,1,0,0,0.0,1.0,1.0,0,5,1,0
2021001,2021,3,0,2,492,0,4.0,0.99,0.9,5000,2021902,1,0
2022000,2022,0,1,1,0,0,0.0,1.0,1.0,0,5,1,0
2022001,2022,3,0,2,492,0,4.0,0.99,0.9,5000,2022902,1,0
2034000,2034,0,1,1,0,0,0.0,1.0,1.0,0,2034901,1,0
2034001,2034,3,0,2,492,0,4.0,0.99,0.9,5000,2034902,1,0
2040000,2040,3,1,1,0,0,0.0,0.99,0.9,0,2040901,1,0
2042000,2042,3,1,1,0,0,0.0,0.99,0.9,0,2042901,1,0
2049000,2049,0,1,1,0,0,0.0,1.0,1.0,0,5,1,0
2049001,2049,3,0,2,492,0,4.0,0.99,0.9,5000,2049902,1,0
2066000,2066,0,1,1,0,55,0.0,1.0,1.0,0,5,1,0
2068000,2068,0,1,1,0,55,0.0,1.0,1.0,0,5,1,0
2069000,2069,0,1,1,0,55,0.0,1.0,1.0,0,5,1,0
2096000,2096,0,1,1,0,55,0.0,1.0,1.0,0,5,1,0
2105000,2105,0,1,1,0,0,0.0,1.0,1.0,0,5,1,0
2105001,2105,3,0,2,492,0,4.0,0.99,0.9,5000,2105902,1,0
2108000,2108,0,1,1,0,0,0.0,1.0,1.0,0,5,1,0
2108001,2108,1,0,2,621,0,2.0,1.01,0.99,1000,6,1,0
2108002,2108,3,0,3,492,0,4.0,0.99,0.9,5000,2108903,1,0
2119000,2119,0,1,1,0,0,0.0,1.0,1.0,0,2119901,1,0
2119001,2119,3,0,2,492,0,4.0,0.99,0.9,5000,2119902,1,0
2121000,2121,0,1,1,0,0,0.0,1.0,1.0,0,5,1,0
2121001,2121,3,0,2,492,0,4.0,0.99,0.9,5000,2121902,1,0
2121002,2121,4,0,3,180,0,-2.0,1.0,1.0,1000,19,0,0
2131000,2131,0,1,1,0,0,0.0,1.0,1.0,0,2131901,1,0
2131001,2131,3,0,2,492,0,4.0,0.99,0.9,5000,2131902,1,0
2131002,2131,4,0,3,629,80,-2.0,1.0,1.0,1000,19,0,0
2133000,2133,0,1,1,0,0,0.0,1.0,1.0,0,5,1,0
2133001,2133,3,0,2,492,0,4.0,0.99,0.9,5000,2133902,1,0
2135000,2135,0,1,1,0,0,0.0,1.0,1.0,0,5,1,0
2135001,2135,3,0,2,492,0,3.0,0.99,0.9,5000,2135902,1,0
2142000,2142,0,1,1,0,0,0.0,1.0,1.0,0,5,1,0
2142002,2142,3,0,3,492,0,4.0,0.99,0.9,5000,2142903,1,0
2145000,2145,0,1,1,0,0,0.0,1.0,1.0,0,5,1,0
2146000,2146,0,1,1,0,0,0.0,1.0,1.0,0,5,1,0
2146001,2146,3,0,2,492,0,4.0,0.99,0.9,5000,2146902,1,0
2147000,2147,3,1,1,0,0,0.0,0.99,0.9,0,2147901,1,0
2148000,2148,0,1,1,0,0,0.0,1.0,1.0,0,5,1,0
2149000,2149,0,1,1,0,0,0.0,1.0,1.0,0,5,1,0
2149001,2149,2,0,2,492,0,15.0,0.992,0.95,2500,7,1,0
2149002,2149,3,0,3,492,0,4.0,0.99,0.9,5000,2149903,1,0
2151000,2151,0,1,1,0,0,0.0,1.0,1.0,0,5,1,0
2151001,2151,1,0,2,294,0,1.0,0.995,0.99,1000,6,1,0
2151002,2151,3,0,3,492,0,4.0,0.99,0.9,5000,2151903,1,0
2154000,2154,0,1,1,0,0,0.0,1.0,1.0,0,2154901,1,0
2154001,2154,3,0,2,492,0,4.0,0.99,0.9,5000,2154905,1,0
2154002,2154,2,0,3,660,0,2.0,0.992,0.95,2500,2154901,1,0
2154003,2154,2,0,4,94,0,2.0,0.992,0.95,2500,2154901,1,0
2154004,2154,2,0,5,765,0,2.0,0.992,0.95,2500,2154901,1,0
2158000,2158,0,1,1,0,0,0.0,1.0,1.0,0,5,1,0
2158001,2158,3,0,2,492,0,4.0,0.99,0.9,5000,2158902,1,0
2158002,2158,4,0,3,167,0,-2.0,1.0,1.0,1000,19,0,0
2162000,2162,0,1,1,0,0,0.0,1.0,1.0,0,5,1,0
2162001,2162,3,0,2,492,0,4.0,0.99,0.9,5000,2162902,1,0
2162002,2162,3,0,2,492,0,6.0,0.99,0.9,5000,2162902,1,0
2163000,2163,2,1,1,0,0,0.0,0.992,0.95,0,2163901,1,0
2163001,2163,3,0,2,492,0,2.0,0.99,0.9,5000,2163902,1,0
2164000,2164,0,1,1,0,0,0.0,1.0,1.0,0,5,1,0
2164001,2164,2,0,2,758,0,2.0,0.992,0.95,2500,7,1,0
2164002,2164,2,0,3,660,0,2.0,0.992,0.95,2500,7,1,0
2164003,2164,3,0,4,492,0,4.0,0.99,0.9,5000,2164904,1,0
2168000,2168,0,1,1,0,0,0.0,1.0,1.0,0,5,1,0
2168001,2168,3,0,2,492,0,4.0,0.99,0.9,5000,2168902,1,0
2168002,2168,4,0,3,297,0,-2.0,1.0,1.0,1000,19,0,0
2171000,2171,0,1,1,0,0,0.0,1.0,1.0,0,5,1,0
2171001,2171,3,0,2,492,0,4.0,0.99,0.9,5000,2171902,1,0
2171002,2171,4,0,3,149,0,-2.0,1.0,1.0,1000,19,0,0
2173000,2173,0,1,1,0,0,0.0,1.0,1.0,0,5,1,0
2173001,2173,3,0,2,492,0,4.0,0.99,0.9,5000,2173902,1,0
2175000,2175,0,1,1,0,0,0.0,1.0,1.0,0,2175901,1,0
2175002,2175,3,0,3,492,0,4.0,0.99,0.9,5000,2175903,1,0
2176000,2176,0,1,1,0,0,0.0,1.0,1.0,0,5,1,0
2176001,2176,3,0,2,492,0,4.0,0.99,0.9,5000,2176902,1,0
2177000,2177,3,1,1,0,0,0.0,0.99,0.9,0,2177901,1,0
2177001,2177,3,0,2,492,0,0.0,0.99,0.9,5000,2177902,1,0
2177002,2177,4,0,3,35,0,-6.0,1.0,1.0,1000,19,0,0
2178000,2178,0,1,1,0,0,0.0,1.0,1.0,0,5,1,0
2178001,2178,3,0,2,492,0,4.0,0.99,0.9,5000,2178902,1,0
2179000,2179,0,1,1,0,0,0.0,1.0,1.0,0,5,1,0
2179001,2179,3,0,2,492,0,4.0,0.99,0.9,5000,2179902,1,0
2180000,2180,0,1,1,0,0,0.0,1.0,1.0,0,5,1,0
2180001,2180,3,0,2,492,0,4.0,0.99,0.9,5000,2180902,1,0
2180002,2180,3,0,3,492,0,4.0,0.99,0.9,5000,2180903,1,0
2181000,2181,0,1,1,0,0,0.0,1.0,1.0,0,5,1,0
2181001,2181,3,0,2,492,0,4.0,0.99,0.9,5000,2181902,1,0
2182000,2182,0,1,1,0,0,0.0,1.0,1.0,0,2182901,1,0
2182001,2182,3,0,2,492,0,4.0,0.99,0.9,5000,2182902,1,0
2183000,2183,0,1,1,0,0,0.0,1.0,1.0,0,2183901,1,0
2183001,2183,3,0,2,492,0,4.0,0.99,0.9,5000,2183902,1,0
2184000,2184,0,1,1,0,0,0.0,1.0,1.0,0,5,1,0
2184001,2184,3,0,2,492,0,4.0,0.99,0.9,5000,2184902,1,0
2185000,2185,0,1,1,0,0,0.0,1.0,1.0,0,2185901,1,0
2185001,2185,3,0,2,492,0,4.0,0.99,0.9,5000,2185902,1,0
2185002,2185,4,0,3,220,0,-2.0,1.0,1.0,1000,19,0,0
2187000,2187,0,1,1,0,0,0.0,1.0,1.0,0,5,1,0
2187001,2187,4,0,2,167,0,-50.0,0.995,0.99,1000,19,1,0
2187002,2187,3,0,3,492,0,4.0,0.99,0.9,5000,2187903,1,0
2188000,2188,3,1,1,0,0,0.0,0.99,0.9,0,2188901,1,0
2189000,2189,0,1,1,0,0,0.0,1.0,1.0,0,2189901,1,0
2189001,2189,3,0,2,492,0,7.0,0.99,0.9,5000,2189902,1,0
2189002,2189,3,0,3,492,0,4.0,0.99,0.9,5000,2189903,1,0
2209000,2209,0,1,1,0,0,0.0,1.0,1.0,0,2209901,1,0
2209001,2209,1,0,2,149,0,1.0,0.995,0.99,1000,2209901,1,0
2209002,2209,3,0,3,492,0,4.0,0.99,0.9,5000,2209903,1,0
2209003,2209,4,0,4,149,0,-2.0,1.0,1.0,1000,19,0,0
2235000,2235,0,1,1,0,0,0.0,1.0,1.0,0,2235901,1,0
2235001,2235,3,0,2,492,0,4.0,0.99,0.9,5000,2235902,1,0
2258000,2258,0,1,1,0,55,0.0,1.0,1.0,0,5,1,0
2258001,2258,3,0,2,492,55,4.0,0.99,0.9,5000,2258902,1,0
2262000,2262,0,1,1,0,0,0.0,1.0,1.0,0,5,1,0
2262001,2262,3,0,2,492,0,4.0,0.99,0.9,5000,2262902,1,0
2262002,2262,3,0,3,492,0,4.0,0.99,0.9,5000,2262903,1,0
2263000,2263,0,1,1,0,0,0.0,1.0,1.0,0,5,1,0
2263001,2263,1,0,2,660,0,1.0,0.995,0.99,1000,6,1,0
2263002,2263,3,0,3,492,0,4.0,0.99,0.9,5000,2263903,1,0
2267000,2267,0,1,1,0,0,0.0,1.0,1.0,0,5,1,0
2267001,2267,3,0,2,492,0,4.0,0.99,0.9,5000,2267902,1,0
2270000,2270,0,1,1,0,0,0.0,1.0,1.0,0,5,1,0
2270001,2270,3,0,2,492,0,4.0,0.99,0.9,5000,2270902,1,0
2270002,2270,4,0,3,206,0,-2.0,1.0,1.0,1000,19,0,0
2289000,2289,0,1,1,0,0,0.0,1.0,1.0,0,2289901,1,0
2289001,2289,3,0,2,492,0,4.0,0.99,0.9,5000,2289902,1,0
2290000,2290,2,1,1,0,0,0.0,0.992,0.95,0,2290901,1,0
2290001,2290,3,0,2,492,0,2.0,0.99,0.9,5000,2290902,1,0
2293000,2293,0,1,1,0,0,0.0,1.0,1.0,0,5,1,0
2293001,2293,3,0,2,492,0,4.0,0.99,0.9,5000,2293902,1,0
2297000,2297,2,1,1,0,0,0.0,0.992,0.95,0,2297901,1,0
2297001,2297,3,0,2,492,0,2.0,0.99,0.9,5000,2297902,1,0
2352000,2352,0,1,1,0,0,0.0,1.0,1.0,0,2352901,1,0
2352001,2352,3,0,2,492,0,4.0,0.99,0.9,5000,2352902,1,0
2352002,2352,4,0,3,99,0,-2.0,1.0,1.0,1000,19,0,0
2357000,2357,0,1,1,0,0,0.0,1.0,1.0,0,2357901,1,0
2357001,2357,3,0,2,492,0,4.0,0.99,0.9,5000,2357902,1,0
2357002,2357,3,0,3,492,0,4.0,0.99,0.9,5000,2357903,1,0
2363000,2363,0,1,1,0,0,0.0,1.0,1.0,0,2363901,1,0
2363001,2363,3,0,2,492,0,4.0,0.99,0.9,5000,2363902,1,0
2371000,2371,3,1,1,0,55,0.0,0.99,0.9,0,2371901,1,0
2372000,2372,0,1,1,0,0,0.0,1.0,1.0,0,5,1,0
2372001,2372,1,0,2,167,0,1.0,0.995,0.99,1000,6,1,0
2372002,2372,3,0,3,492,0,4.0,0.99,0.9,5000,2372903,1,0
2397000,2397,0,1,1,0,0,0.0,1.0,1.0,0,5,1,0
2397001,2397,1,0,2,492,0,107.5,1.05,0.99,1000,6,1,0
2397002,2397,1,0,3,757,0,107.5,1.05,0.99,1000,6,1,0
2400000,2400,0,1,1,0,0,0.0,1.0,1.0,0,2400901,1,0
2400001,2400,2,0,2,167,0,2.0,0.992,0.95,2500,2400901,1,0
2400002,2400,3,0,3,492,0,4.0,0.99,0.9,5000,2400903,1,0
2412000,2412,0,1,1,0,0,0.0,1.0,1.0,0,5,1,0
2412001,2412,3,0,2,492,0,-2.0,0.99,0.9,5000,2412902,1,0
2412002,2412,4,0,3,118,0,-3.0,1.0,1.0,1000,19,0,0
2416000,2416,0,1,1,0,0,0.0,1.0,1.0,0,5,1,0
2416001,2416,2,0,2,492,0,2.0,0.992,0.95,2500,7,1,0
2416002,2416,3,0,3,492,0,4.0,0.99,0.9,5000,2416903,1,0
2417000,2417,0,1,1,0,0,0.0,1.0,1.0,0,5,1,0
2417001,2417,3,0,2,492,0,4.0,0.99,0.9,5000,2417902,1,0
2420000,2420,0,1,1,0,0,0.0,1.0,1.0,0,5,1,0
2420001,2420,3,0,2,492,0,4.0,0.99,0.9,5000,2420902,1,0
2421000,2421,0,1,1,0,0,0.0,1.0,1.0,0,2421901,1,0
2421001,2421,3,0,2,492,0,4.0,0.99,0.9,5000,2421902,1,0
2422000,2422,0,1,1,0,0,0.0,1.0,1.0,0,5,1,0
2422001,2422,3,0,2,492,0,4.0,0.99,0.9,5000,2422902,1,0
2423000,2423,3,1,1,0,55,0.0,0.99,0.9,0,2423901,1,0
2424000,2424,0,1,1,0,55,0.0,1.0,1.0,0,5,1,0
2424001,2424,3,0,2,492,55,4.0,0.99,0.9,5000,2424902,1,0
2427000,2427,0,1,1,0,0,0.0,1.0,1.0,0,5,1,0
2427001,2427,3,0,2,492,0,4.0,0.99,0.9,5000,2427902,1,0
2430000,2430,0,1,1,0,0,0.0,1.0,1.0,0,5,1,0
2430001,2430,1,0,2,636,0,13.0,0.995,0.99,1000,6,1,0
2430002,2430,2,0,3,492,0,2.0,0.992,0.95,2500,7,1,0
2431000,2431,0,1,1,0,0,0.0,1.0,1.0,0,5,1,0
2431001,2431,3,0,2,492,0,4.0,0.99,0.9,5000,2431902,1,0
2431002,2431,4,0,3,118,0,-2.0,1.0,1.0,1000,19,0,0
2437000,2437,0,1,1,0,0,0.0,1.0,1.0,0,5,1,0
2437001,2437,3,0,2,492,0,4.0,0.99,0.9,5000,2437902,1,0
2437002,2437,3,0,3,492,0,4.0,0.99,0.9,5000,2437903,1,0
2467000,2467,0,1,1,0,0,0.0,1.0,1.0,0,2467901,1,0
2467001,2467,3,0,2,492,0,4.0,0.99,0.9,5000,2467902,1,0
2468000,2468,0,1,1,0,0,0.0,1.0,1.0,0,2468901,1,0
2468001,2468,3,0,2,492,0,4.0,0.99,0.9,5000,2468902,1,0
2468002,2468,4,0,3,160,0,-2.0,1.0,1.0,1000,19,0,0
2471000,2471,0,1,1,0,0,0.0,1.0,1.0,0,5,1,0
2471001,2471,3,0,2,492,0,4.0,0.99,0.9,5000,2471902,1,0
2471002,2471,4,0,3,102,0,-2.0,1.0,1.0,1000,19,0,0
2472000,2472,0,1,1,0,0,0.0,1.0,1.0,0,2472901,1,0
2472001,2472,2,0,2,758,0,2.0,0.992,0.95,2500,2472901,1,0
2472002,2472,3,0,3,492,0,4.0,0.99,0.9,5000,2472903,1,0
2473000,2473,0,1,1,0,0,0.0,1.0,1.0,0,2473901,1,0
2473001,2473,3,0,2,492,0,4.0,0.99,0.9,5000,2473902,1,0
2473002,2473,4,0,3,121,0,-2.0,1.0,1.0,1000,19,0,0
2474000,2474,2,1,1,0,0,0.0,0.992,0.95,0,2474901,1,0
2474001,2474,3,0,2,492,0,2.0,0.99,0.9,5000,2474902,1,0
2477000,2477,0,1,1,0,0,0.0,1.0,1.0,0,5,1,0
2477001,2477,1,0,2,118,0,1.0,0.995,0.99,1000,6,1,0
2477002,2477,3,0,3,492,0,4.0,0.99,0.9,5000,2477903,1,0
2477003,2477,4,0,4,118,0,-2.0,1.0,1.0,1000,19,0,0
2479000,2479,2,1,1,0,0,0.0,0.992,0.95,0,2479901,1,0
2479001,2479,3,0,2,492,0,2.0,0.99,0.9,5000,2479902,1,0
2479002,2479,4,0,3,54,80,-4.0,1.0,1.0,1000,19,0,0
2486000,2486,3,1,1,0,0,0.0,0.99,0.9,0,2486901,1,0
2492000,2492,0,1,1,0,0,0.0,1.0,1.0,0,2492901,1,0
2492001,2492,3,0,2,492,0,4.0,0.99,0.9,5000,2492902,1,0
2492002,2492,4,0,3,220,80,-2.0,1.0,1.0,1000,19,0,0
2493000,2493,2,1,1,0,0,0.0,0.992,0.95,0,2493901,1,0
2493001,2493,3,0,2,492,0,2.0,0.99,0.9,5000,2493902,1,0
2493002,2493,4,0,3,108,80,-4.0,0.95,1.0,1000,19,0,0
2494000,2494,0,1,1,0,0,0.0,1.0,1.0,0,5,1,0
2494001,2494,3,0,2,492,0,4.0,0.99,0.9,5000,2494902,1,0
2507000,2507,0,1,1,0,0,0.0,1.0,1.0,0,5,1,0
2507001,2507,3,0,2,492,0,4.0,0.99,0.9,5000,2507902,1,0
2510000,2510,0,1,1,0,0,0.0,1.0,1.0,0,5,1,0
2510001,2510,1,0,2,629,0,27.0,1.02,0.99,1000,6,1,0
2510002,2510,3,0,3,492,0,4.0,0.99,0.9,5000,2510903,1,0
2510003,2510,4,0,4,629,0,-45.0,1.05,1.0,1000,19,0,0
2511000,2511,0,1,1,0,0,0.0,1.0,1.0,0,5,1,0
2511001,2511,4,0,2,621,0,-10.0,0.995,0.99,1000,6,1,0
2511002,2511,3,0,3,492,0,4.0,0.99,0.9,5000,2511903,1,0
2512000,2512,0,1,1,0,0,0.0,1.0,1.0,0,2512901,1,0
2512001,2512,3,0,2,492,0,4.0,0.99,0.9,5000,2512902,1,0
2512002,2512,4,0,3,206,0,-2.0,1.0,1.0,1000,19,0,0
2515000,2515,0,1,1,0,0,0.0,1.0,1.0,0,5,1,0
2517000,2517,0,1,1,0,55,0.0,1.0,1.0,0,5,1,0
2517001,2517,1,0,2,492,55,1.0,0.995,0.99,1000,6,1,0
2521000,2521,0,1,1,0,0,0.0,1.0,1.0,0,5,1,0
2526000,2526,3,1,1,0,0,0.0,0.99,0.9,0,2526901,1,0
2527000,2527,0,1,1,0,0,0.0,1.0,1.0,0,2527901,1,0
2527001,2527,3,0,2,492,0,4.0,0.99,0.9,5000,2527902,1,0
2528000,2528,3,1,1,0,0,0.0,0.99,0.9,0,2528901,1,0
2529000,2529,0,1,1,0,0,0.0,1.0,1.0,0,2529901,1,0
2529001,2529,3,0,2,492,0,4.0,0.99,0.9,5000,2529902,1,0
2534000,2534,0,1,1,0,0,0.0,1.0,1.0,0,2534901,1,0
2534001,2534,3,0,2,492,0,4.0,0.99,0.9,5000,2534902,1,0
2541000,2541,3,1,1,0,0,0.0,0.99,0.9,0,2541901,1,0
2541001,2541,4,0,2,199,0,-6.0,1.0,1.0,1000,19,0,0
2544000,2544,3,1,1,0,0,0.0,0.99,0.9,0,2544901,1,0
2544001,2544,4,0,2,160,0,-6.0,1.0,1.0,1000,19,0,0
2549000,2549,3,1,1,0,55,0.0,0.99,0.9,0,2549901,1,0
2551000,2551,0,1,1,0,0,0.0,1.0,1.0,0,5,1,0
2551001,2551,3,0,2,492,0,4.0,0.99,0.9,5000,2551902,1,0
2552000,2552,0,1,1,0,0,0.0,1.0,1.0,0,5,1,0
2558000,2558,0,1,1,0,0,0.0,1.0,1.0,0,5,1,0
2558001,2558,3,0,2,492,0,4.0,0.99,0.9,5000,2558902,1,0
2558002,2558,4,0,3,675,0,-68.0389,0.95,1.0,1000,19,0,0
2559000,2559,0,1,1,0,0,0.0,1.0,1.0,0,5,1,0
2559001,2559,1,0,2,492,0,13.5,1.1,0.99,1000,6,1,0
2559002,2559,3,0,3,492,0,4.0,0.99,0.9,5000,2559903,1,0
2560000,2560,0,1,1,0,0,0.0,1.0,1.0,0,5,1,0
2560001,2560,1,0,2,194,0,25.0,0.995,0.99,1000,6,1,0
2560002,2560,1,0,3,194,0,12.0,0.995,0.99,1000,6,1,0
2560003,2560,3,0,4,492,0,4.0,0.99,0.9,5000,2560904,1,0
2562000,2562,0,1,1,0,0,0.0,1.0,1.0,0,5,1,0
2562001,2562,3,0,2,492,0,4.0,0.99,0.9,5000,2562902,1,0
2563000,2563,0,1,1,0,0,0.0,1.0,1.0,0,5,1,0
2563001,2563,1,0,2,492,0,1.0,0.995,0.99,1000,6,1,0
2563002,2563,3,0,3,492,0,4.0,0.99,0.9,5000,2563903,1,0
2566000,2566,0,1,1,0,0,0.0,1.0,1.0,0,5,1,0
2566001,2566,1,0,2,492,0,1.0,0.995,0.99,1000,6,1,0
2566002,2566,1,0,3,492,0,1.0,0.995,0.99,1000,6,1,0
2566003,2566,3,0,4,492,0,4.0,0.99,0.9,5000,2566904,1,0
2566004,2566,4,0,5,255,0,-2.0,1.0,1.0,1000,19,0,0
2568000,2568,0,1,1,1,55,0.0,1.0,1.0,0,5,1,0
2569000,2569,3,1,1,0,0,0.0,0.99,0.9,0,2569901,1,0
2569001,2569,4,0,2,628,0,-6.0,1.0,1.0,1000,19,0,0
2570000,2570,0,1,1,0,0,0.0,1.0,1.0,0,5,1,0
2570001,2570,3,0,2,492,0,4.0,0.99,0.9,5000,2570902,1,0
2570002,2570,4,0,3,220,0,-2.0,1.0,1.0,1000,19,0,0
2571000,2571,0,1,1,0,0,0.0,1.0,1.0,0,5,1,0
2571001,2571,1,0,2,94,0,1.0,0.995,0.99,1000,6,1,0
2571002,2571,3,0,3,492,0,4.0,0.99,0.9,5000,2571903,1,0
2574000,2574,0,1,1,0,55,0.0,1.0,1.0,0,5,1,0
2575000,2575,0,1,1,0,0,0.0,1.0,1.0,0,2575901,1,0
2575001,2575,3,0,2,492,0,4.0,0.99,0.9,5000,2575902,1,0
2577000,2577,2,1,1,0,0,0.0,0.992,0.95,0,2577901,1,0
2577001,2577,3,0,2,492,0,2.0,0.99,0.9,5000,2577902,1,0
2580000,2580,0,1,1,0,0,0.0,1.0,1.0,0,2580901,1,0
2580001,2580,3,0,2,492,0,4.0,0.99,0.9,5000,2580902,1,0
2580002,2580,4,0,3,167,80,-2.0,1.0,1.0,1000,19,0,0
2585000,2585,0,1,1,0,0,0.0,1.0,1.0,0,5,1,0
2585001,2585,3,0,2,492,0,4.0,0.99,0.9,5000,2585902,1,0
2586000,2586,0,1,1,0,0,0.0,1.0,1.0,0,5,1,0
2586001,2586,3,0,2,492,0,4.0,0.99,0.9,5000,2586902,1,0
2613000,2613,0,1,1,0,0,0.0,1.0,1.0,0,5,1,0
2613001,2613,3,0,2,492,0,4.0,0.99,0.9,5000,2613902,1,0
2614000,2614,0,1,1,0,0,0.0,1.0,1.0,0,5,1,0
2614001,2614,3,0,2,492,0,4.0,0.99,0.9,5000,2614902,1,0
2616000,2616,0,1,1,0,0,0.0,1.0,1.0,0,2616901,1,0
2616001,2616,3,0,2,492,0,4.0,0.99,0.9,5000,2616902,1,0
2618000,2618,0,1,1,0,0,0.0,1.0,1.0,0,2618901,1,0
2618001,2618,3,0,2,492,0,4.0,0.99,0.9,5000,2618902,1,0
2618002,2618,4,0,3,206,80,-2.0,1.0,1.0,1000,19,0,0
2618003,2618,3,0,4,763,0,4.0,0.99,0.9,5000,2618902,1,0
2624000,2624,2,1,1,0,0,0.0,0.992,0.95,0,2624901,1,0
2624001,2624,3,0,2,492,0,2.0,0.99,0.9,5000,2624902,1,0
2625000,2625,0,1,1,0,0,0.0,1.0,1.0,0,5,1,0
2625001,2625,3,0,2,492,0,4.0,0.99,0.9,5000,2625902,1,0
2628000,2628,3,1,1,0,0,0.0,0.99,0.9,0,2628901,1,0
2628001,2628,4,0,2,118,0,-6.0,1.0,1.0,1000,19,0,0
2636000,2636,0,1,1,0,55,0.0,1.0,1.0,0,5,1,0
2647000,2647,0,1,1,0,0,0.0,1.0,1.0,0,2647901,1,0
2647001,2647,3,0,2,492,0,4.0,0.99,0.9,5000,2647902,1,0
2649000,2649,0,1,1,0,0,0.0,1.0,1.0,0,5,1,0
2649001,2649,3,0,2,492,0,4.0,0.99,0.9,5000,2649902,1,0
2654000,2654,3,1,1,0,0,0.0,0.99,0.9,0,2654901,1,0
2656000,2656,0,1,1,0,0,0.0,1.0,1.0,0,5,1,0
2656001,2656,3,0,2,492,0,4.0,0.99,0.9,5000,2656902,1,0
2656002,2656,4,0,3,492,0,-2.0,1.0,1.0,1000,19,0,0
2659000,2659,0,1,1,0,0,0.0,1.0,1.0,0,2659901,1,0
2659002,2659,1,0,3,14,0,1.0,0.995,0.99,1000,2659901,1,0
2659003,2659,1,0,4,82,0,1.0,0.995,0.99,1000,2659901,1,0
2659004,2659,1,0,5,41,0,1.0,0.995,0.99,1000,2659901,1,0
2659005,2659,3,0,6,492,0,4.0,0.99,0.9,5000,2659906,1,0
2659006,2659,4,0,7,206,0,-2.0,1.0,1.0,1000,19,0,0
2659007,2659,3,0,8,763,0,4.0,0.99,0.9,5000,2659906,1,0
2662000,2662,0,1,1,0,0,0.0,1.0,1.0,0,5,1,0
2662001,2662,1,0,2,492,0,1.0,0.995,0.99,1000,6,1,0
2663000,2663,0,1,1,0,55,0.0,1.0,1.0,0,5,1,0
2665000,2665,0,1,1,0,0,0.0,1.0,1.0,0,2665901,1,0
2665001,2665,3,0,2,492,0,4.0,0.99,0.9,5000,2665902,1,0
2665002,2665,4,0,3,115,0,-2.0,1.0,1.0,1000,19,0,0
2708000,2708,0,1,1,0,0,0.0,1.0,1.0,0,2708901,1,0
2708001,2708,3,0,2,492,0,4.0,0.99,0.9,5000,2708902,1,0
2710000,2710,0,1,1,0,0,0.0,1.0,1.0,0,5,1,0
2710001,2710,3,0,2,492,0,4.0,0.99,0.9,5000,2710902,1,0
2711000,2711,0,1,1,0,0,0.0,1.0,1.0,0,2711901,1,0
2711001,2711,3,0,2,492,0,4.0,0.99,0.9,5000,2711902,1,0
2712000,2712,0,1,1,0,0,0.0,1.0,1.0,0,5,1,0
2712001,2712,3,0,2,492,0,4.0,0.99,0.9,5000,2712902,1,0
2713000,2713,2,1,1,0,0,0.0,0.992,0.95,0,7,1,0
2713001,2713,3,0,2,35,55,2.0,0.99,0.9,5000,2713902,1,0
2714000,2714,0,1,1,0,55,0.0,1.0,1.0,0,5,1,0
2728000,2728,0,1,1,0,0,0.0,1.0,1.0,0,5,1,0
2728001,2728,3,0,2,492,0,4.0,0.99,0.9,5000,2728902,1,0
2729000,2729,0,1,1,0,0,0.0,1.0,1.0,0,5,1,0
2729001,2729,3,0,2,492,0,4.0,0.99,0.9,5000,2729902,1,0
2730000,2730,2,1,1,0,0,0.0,0.992,0.95,0,2730901,1,0
2730001,2730,3,0,2,492,0,2.0,0.99,0.9,5000,2730902,1,0
2732000,2732,0,1,1,0,0,0.0,1.0,1.0,0,2732901,1,0
2732001,2732,3,0,2,492,0,4.0,0.99,0.9,5000,2732902,1,0
2734000,2734,3,1,1,0,55,0.0,0.99,0.9,0,2734901,1,0
2736000,2736,3,1,1,0,0,0.0,0.99,0.9,0,2736901,1,0
2738000,2738,2,1,1,0,0,0.0,0.992,0.95,0,2738901,1,0
2738001,2738,3,0,2,492,0,2.0,0.99,0.9,5000,2738902,1,0
2739000,2739,2,1,1,0,0,0.0,0.992,0.95,0,2739901,1,0
2739001,2739,3,0,2,492,0,2.0,0.99,0.9,5000,2739902,1,0
2739002,2739,4,0,3,35,0,-4.0,1.0,1.0,1000,19,0,0
2741000,2741,2,1,1,0,0,0.0,0.992,0.95,0,2741901,1,0
2741001,2741,3,0,2,492,0,2.0,0.99,0.9,5000,2741902,1,0
2742000,2742,0,1,1,0,0,0.0,1.0,1.0,0,5,1,0
2742001,2742,2,0,2,492,0,45.0,0.99,0.9,2500,7,1,0
2743000,2743,0,1,1,0,0,0.0,1.0,1.0,0,5,1,0
2744000,2744,3,1,1,0,55,0.0,0.99,0.9,0,2744901,1,0
2750000,2750,0,1,1,0,0,0.0,1.0,1.0,0,5,1,0
2750001,2750,3,0,2,492,0,4.0,0.99,0.9,5000,2750902,1,0
2755000,2755,3,1,1,0,0,0.0,0.99,0.9,0,2755901,1,0
2755001,2755,3,0,2,758,0,0.0,0.99,0.9,5000,2755902,1,0
2755002,2755,3,0,3,492,0,0.0,0.99,0.9,5000,2755903,1,0
2773000,2773,0,1,1,0,0,0.0,1.0,1.0,0,2773901,1,0
2773001,2773,3,0,2,492,0,4.0,0.99,0.9,5000,2773902,1,0
2792000,2792,2,1,1,0,55,0.0,0.992,0.95,0,7,1,0
2793000,2793,2,1,1,0,55,0.0,0.992,0.95,0,7,1,0
2793001,2793,3,0,2,492,81,2.0,0.99,0.9,5000,2793902,1,0
2825000,2825,3,1,1,0,0,0.0,0.99,0.9,0,2825901,1,0
2838000,2838,0,1,1,0,0,0.0,1.0,1.0,0,5,1,0
2838001,2838,2,0,2,492,0,113.0,0.99,0.9,2500,2838902,1,0
2839000,2839,0,1,1,0,0,0.0,1.0,1.0,0,5,1,0
2839001,2839,3,0,2,492,0,4.0,0.99,0.9,5000,2839902,1,0
2841000,2841,0,1,1,0,0,0.0,1.0,1.0,0,5,1,0
2841001,2841,3,0,2,492,0,4.0,0.99,0.9,5000,2841902,1,0
2844000,2844,2,0,1,685,0,-2.0,0.992,0.95,2500,2844902,1,0
2844001,2844,3,1,2,0,0,0.0,0.99,0.9,0,2844902,1,0
2844002,2844,4,0,3,685,0,-6.0,1.0,1.0,1000,19,0,0
2846000,2846,2,1,1,0,0,0.0,0.992,0.95,0,2846901,1,0
2846001,2846,3,0,2,492,0,2.0,0.99,0.9,5000,2846902,1,0
2847000,2847,0,1,1,0,0,0.0,1.0,1.0,0,5,1,0
2847001,2847,1,0,2,35,0,18.0,0.995,0.99,1000,6,1,0
2847002,2847,1,0,3,35,0,20.0,1.01,0.99,1000,6,1,0
2847003,2847,2,0,4,492,0,80.0,0.99,0.9,2500,2847904,1,0
2865000,2865,0,1,1,0,0,0.0,1.0,1.0,0,5,1,0
2865001,2865,3,0,2,492,0,4.0,0.99,0.9,5000,2865902,1,0
2870000,2870,0,1,1,0,0,0.0,1.0,1.0,0,5,1,0
2870001,2870,3,0,2,492,0,4.0,0.99,0.9,5000,2870902,1,0
2871000,2871,0,1,1,0,0,0.0,1.0,1.0,0,5,1,0
2871001,2871,2,0,2,492,0,15.0,0.992,0.95,2500,7,1,0
2872000,2872,0,1,1,0,0,0.0,1.0,1.0,0,5,1,0
2872001,2872,3,0,2,492,0,4.0,0.99,0.9,5000,2872902,1,0
2894000,2894,0,1,1,0,0,0.0,1.0,1.0,0,5,1,0
2894001,2894,3,0,2,492,0,4.0,0.99,0.9,5000,2894902,1,0
2902000,2902,2,1,1,0,0,0.0,0.992,0.95,0,7,1,0
2902001,2902,3,0,2,35,55,2.0,0.99,0.9,5000,2902902,1,0
2903000,2903,0,1,1,0,0,0.0,1.0,1.0,0,5,1,0
2903001,2903,3,0,2,492,0,4.0,0.99,0.9,5000,2903902,1,0
2905000,2905,0,1,1,0,0,0.0,1.0,1.0,0,5,1,0
2905001,2905,3,0,2,492,0,4.0,0.99,0.9,5000,2905902,1,0
2906000,2906,0,1,1,0,0,0.0,1.0,1.0,0,5,1,0
2906001,2906,3,0,2,492,0,4.0,0.99,0.9,5000,2906902,1,0
2909000,2909,0,1,1,0,0,0.0,1.0,1.0,0,5,1,0
2909001,2909,3,0,2,492,0,4.0,0.99,0.9,5000,2909902,1,0
2910000,2910,3,1,1,0,0,0.0,0.99,0.9,0,2910901,1,0
2911000,2911,0,1,1,0,0,0.0,1.0,1.0,0,5,1,0
2911001,2911,3,0,2,492,0,4.0,0.99,0.9,5000,2911902,1,0
2930000,2930,0,1,1,0,0,0.0,1.0,1.0,0,5,1,0
2935000,2935,0,1,1,0,0,0.0,1.0,1.0,0,5,1,0
2935002,2935,3,0,3,695,0,4.0,0.99,0.9,5000,2935903,1,0
2937000,2937,3,1,1,0,55,0.0,0.99,0.9,0,2937901,1,0
2941000,2941,2,1,1,0,55,0.0,0.992,0.95,0,2941901,1,0
2941001,2941,3,0,2,492,81,2.0,0.99,0.9,5000,2941902,1,0
2947000,2947,0,1,1,0,55,0.0,1.0,1.0,0,5,1,0
2947001,2947,3,0,2,492,55,4.0,0.99,0.9,5000,2947902,1,0
2948000,2948,3,1,1,0,55,0.0,0.99,0.9,0,2948901,1,0
2951000,2951,0,1,1,0,55,0.0,1.0,1.0,0,5,1,0
2964000,2964,0,1,1,0,55,0.0,1.0,1.0,0,5,1,0
2973000,2973,0,1,1,0,0,0.0,1.0,1.0,0,5,1,0
2973001,2973,3,0,2,492,0,4.0,0.99,0.9,5000,2973902,1,0
2974000,2974,0,1,1,0,0,0.0,1.0,1.0,0,2974901,1,0
2974001,2974,3,0,2,492,0,4.0,0.99,0.9,5000,2974902,1,0
2976000,2976,0,1,1,0,0,0.0,1.0,1.0,0,5,1,0
2976001,2976,3,0,2,492,0,4.0,0.99,0.9,5000,2976902,1,0
2979000,2979,0,1,1,0,0,0.0,1.0,1.0,0,5,1,0
2979001,2979,3,0,2,492,0,4.0,0.99,0.9,5000,2979902,1,0
2980000,2980,0,1,1,0,0,0.0,1.0,1.0,0,5,1,0
2980001,2980,3,0,2,492,0,4.0,0.99,0.9,5000,2980902,1,0
2981000,2981,0,1,1,0,0,0.0,1.0,1.0,0,5,1,0
2981001,2981,3,0,2,492,0,4.0,0.99,0.9,5000,2981902,1,0
2981002,2981,4,0,3,167,0,-2.0,1.0,1.0,1000,19,0,0
2982000,2982,3,1,1,0,55,0.0,0.99,0.9,0,2982901,1,0
2984000,2984,3,1,1,0,55,0.0,0.99,0.9,0,2984901,1,0
2985000,2985,0,1,1,0,0,0.0,1.0,1.0,0,5,1,0
2985001,2985,3,0,2,492,0,4.0,0.99,0.9,5000,2985902,1,0
2986000,2986,0,1,1,0,0,0.0,1.0,1.0,0,2986901,1,0
2986001,2986,1,0,2,25,0,-60.0,1.015,0.99,1000,2986901,1,0
2986002,2986,1,0,3,492,0,80.0,1.02,0.9,1000,2986903,1,0
2987000,2987,0,1,1,0,0,0.0,1.0,1.0,0,5,1,0
2987001,2987,3,0,2,492,0,2.0,0.99,0.9,5000,2987902,1,0
2988000,2988,2,1,1,0,0,0.0,0.992,0.95,0,2988901,1,0
2988001,2988,3,0,2,492,0,2.0,0.99,0.9,5000,2988902,1,0
2989000,2989,0,1,1,0,55,0.0,1.0,1.0,0,5,1,0
2992000,2992,0,1,1,0,0,0.0,1.0,1.0,0,5,1,0
2992001,2992,3,0,2,492,0,4.0,0.99,0.9,5000,2992902,1,0
2993000,2993,0,1,1,0,0,0.0,1.0,1.0,0,2993901,1,0
2993001,2993,3,0,2,492,0,4.0,0.99,0.9,5000,2993902,1,0
2995000,2995,0,1,1,0,0,0.0,1.0,1.0,0,5,1,0
2995001,2995,3,0,2,492,0,4.0,0.99,0.9,5000,2995902,1,0
2996000,2996,3,1,1,0,55,0.0,0.99,0.9,0,2996901,1,0
2997000,2997,3,1,1,0,55,0.0,0.99,0.9,0,2997901,1,0
3000000,3000,3,1,1,0,55,0.0,0.99,0.9,0,3000901,1,0
3003000,3003,3,1,1,0,55,0.0,0.99,0.9,0,3003901,1,0
3005000,3005,0,1,1,0,0,0.0,1.0,1.0,0,5,1,0
3005001,3005,3,0,2,492,0,4.0,0.99,0.9,5000,3005902,1,0
3006000,3006,3,1,1,0,55,0.0,0.99,0.9,0,3006901,1,0
3007000,3007,3,1,1,0,55,0.0,0.99,0.9,0,3007901,1,0
3007001,3007,3,0,2,492,55,22.0,1.02,0.9,5000,3007902,1,0
3026000,3026,0,1,1,0,0,0.0,1.0,1.0,0,5,1,0
3026001,3026,3,0,2,492,0,4.0,0.99,0.9,5000,3026902,1,0
3031000,3031,3,1,1,0,55,0.0,0.99,0.9,0,3031901,1,0
3036000,3036,0,1,1,0,0,0.0,1.0,1.0,0,5,1,0
3036001,3036,1,0,2,238,0,1.0,0.995,0.99,1000,6,1,0
3036003,3036,2,0,4,492,0,2.0,0.992,0.95,2500,7,1,0
3036004,3036,3,0,5,492,0,4.0,0.99,0.9,5000,3036905,1,0
3037000,3037,3,1,1,0,55,0.0,0.99,0.9,0,3037901,1,0
3046000,3046,0,1,1,0,0,0.0,1.0,1.0,0,3046901,1,0
3046001,3046,3,0,2,492,0,4.0,0.99,0.9,5000,3046902,1,0
3046002,3046,4,0,3,167,0,-2.0,1.0,1.0,1000,19,0,0
3051000,3051,3,1,1,0,55,0.0,0.99,0.9,0,3051901,1,0
3055000,3055,2,1,1,0,0,0.0,0.992,0.95,0,3055901,1,0
3055001,3055,3,0,2,492,0,4.0,0.99,0.9,5000,3055902,1,0
3063000,3063,0,1,1,0,0,0.0,1.0,1.0,0,5,1,0
3063001,3063,2,0,2,717,0,2.0,0.992,0.95,2500,7,1,0
3063002,3063,3,0,3,492,0,4.0,0.99,0.9,5000,3063903,1,0
3064000,3064,0,1,1,0,0,0.0,1.0,1.0,0,3064901,1,0
3064001,3064,3,0,2,492,0,4.0,0.99,0.9,5000,3064902,1,0
3069000,3069,3,1,1,0,55,0.0,0.99,0.9,0,3069901,1,0
3071000,3071,0,1,1,0,0,0.0,1.0,1.0,0,5,1,0
3071001,3071,3,0,2,492,0,4.0,0.99,0.9,5000,3071902,1,0
3071002,3071,4,0,3,118,0,-2.0,1.0,1.0,1000,19,0,0
3072000,3072,2,1,1,0,0,0.0,0.992,0.95,0,3072901,1,0
3072001,3072,3,0,2,492,0,2.0,0.99,0.9,5000,3072902,1,0
3074000,3074,0,1,1,0,0,0.0,1.0,1.0,0,5,1,0
3074001,3074,3,0,2,492,0,4.0,0.99,0.9,5000,3074902,1,0
3082000,3082,3,1,1,0,55,0.0,0.99,0.9,0,3082901,1,0
3088000,3088,0,1,1,0,55,0.0,1.0,1.0,0,5,1,0
3089000,3089,0,1,1,0,0,0.0,1.0,1.0,0,5,1,0
3089001,3089,3,0,2,8,0,4.0,0.99,0.9,5000,3089902,1,0
3091000,3091,0,1,1,0,0,0.0,1.0,1.0,0,5,1,0
3091001,3091,3,0,2,492,0,4.0,0.99,0.9,5000,3091902,1,0
3093000,3093,1,1,1,0,55,0.0,0.99,0.9,0,3093901,1,0
3107000,3107,0,1,1,0,0,0.0,1.0,1.0,0,5,1,0
3107001,3107,2,0,2,492,0,75.0,1.02,0.9,2500,3107902,1,0
3108000,3108,0,1,1,0,0,0.0,1.0,1.0,0,3108901,1,0
3108001,3108,3,0,2,492,0,4.0,0.99,0.9,5000,3108902,1,0
3108002,3108,4,0,3,167,0,-2.0,1.0,1.0,1000,19,0,0
3109000,3109,0,1,1,0,0,0.0,1.0,1.0,0,5,1,0
3110000,3110,0,1,1,0,0,0.0,1.0,1.0,0,5,1,0
3115000,3115,3,1,1,0,55,0.0,0.99,0.9,0,3115901,1,0
3117000,3117,0,1,1,0,0,0.0,1.0,1.0,0,3117901,1,0
3117001,3117,3,0,2,492,0,4.0,0.99,0.9,5000,3117902,1,0
3118000,3118,2,1,1,0,0,0.0,0.992,0.95,0,3118901,1,0
3118001,3118,3,0,2,492,0,2.0,0.99,0.9,5000,3118902,1,0
3118002,3118,4,0,3,35,0,-4.0,1.0,1.0,1000,19,0,0
3119000,3119,0,1,1,0,0,0.0,1.0,1.0,0,3119901,1,0
3119001,3119,3,0,2,492,0,4.0,0.99,0.9,5000,3119902,1,0
3120000,3120,0,1,1,0,0,0.0,1.0,1.0,0,5,1,0
3120001,3120,3,0,2,492,0,4.0,0.99,0.9,5000,3120902,1,0
3122000,3122,0,1,1,0,0,0.0,1.0,1.0,0,5,1,0
3122001,3122,3,0,2,492,0,4.0,0.99,0.9,5000,3122902,1,0
3123000,3123,0,1,1,0,0,0.0,1.0,1.0,0,3123901,1,0
3123001,3123,3,0,2,492,0,4.0,0.99,0.9,5000,3123902,1,0
3126000,3126,0,1,1,0,0,0.0,1.0,1.0,0,5,1,0
3126001,3126,3,0,2,492,0,4.0,0.99,0.9,5000,3126902,1,0
3128000,3128,0,1,1,0,55,0.0,1.0,1.0,0,5,1,0
3129000,3129,0,1,1,0,0,0.0,1.0,1.0,0,5,1,0
3129001,3129,3,0,2,492,0,4.0,0.99,0.9,5000,3129902,1,0
3131000,3131,0,1,1,0,0,0.0,1.0,1.0,0,5,1,0
3131001,3131,3,0,2,492,0,4.0,0.99,0.9,5000,3131902,1,0
3132000,3132,0,1,1,0,55,0.0,1.0,1.0,0,5,1,0
3134000,3134,0,1,1,0,0,0.0,1.0,1.0,0,5,1,0
3134001,3134,3,0,2,492,0,4.0,0.99,0.9,5000,3134902,1,0
3136000,3136,0,1,1,0,0,0.0,1.0,1.0,0,5,1,0
3136001,3136,3,0,2,492,0,4.0,0.99,0.9,5000,3136902,1,0
3140000,3140,0,1,1,0,0,0.0,1.0,1.0,0,3140901,1,0
3140001,3140,3,0,2,492,0,4.0,0.99,0.9,5000,3140902,1,0
3141000,3141,3,1,1,0,0,0.0,0.99,0.9,0,3141901,1,0
3149000,3149,2,1,1,0,0,0.0,0.992,0.95,0,3149901,1,0
3149001,3149,3,0,2,492,0,2.0,0.99,0.9,5000,3149902,1,0
3149002,3149,4,0,3,35,0,-4.0,1.0,1.0,1000,19,0,0
3151000,3151,1,1,1,0,55,0.0,0.99,0.9,0,3151901,1,0
3153000,3153,0,1,1,0,0,0.0,1.0,1.0,0,3153901,1,0
3153001,3153,3,0,2,492,0,4.0,0.99,0.9,5000,3153902,1,0
3154000,3154,0,1,1,0,0,0.0,1.0,1.0,0,3154901,1,0
3154001,3154,3,0,2,492,0,4.0,0.99,0.9,5000,3154902,1,0
3156000,3156,0,1,1,0,0,0.0,1.0,1.0,0,5,1,0
3164000,3164,0,1,1,0,0,0.0,1.0,1.0,0,5,1,0
3164001,3164,3,0,2,492,0,4.0,0.99,0.9,5000,3164902,1,0
3167000,3167,0,1,1,0,0,0.0,1.0,1.0,0,5,1,0
3167001,3167,3,0,2,492,0,4.0,0.99,0.9,5000,3167902,1,0
3168000,3168,0,1,1,0,0,0.0,1.0,1.0,0,3168901,1,0
3168001,3168,3,0,2,492,0,4.0,0.99,0.9,5000,3168902,1,0
3170000,3170,3,1,1,0,55,0.0,0.99,0.9,0,3170901,1,0
3173000,3173,0,1,1,0,0,0.0,1.0,1.0,0,5,1,0
3173001,3173,1,0,2,94,0,1.0,0.995,0.99,1000,6,1,0
3173002,3173,3,0,3,492,0,4.0,0.99,0.9,5000,3173903,1,0
3174000,3174,0,1,1,0,0,0.0,1.0,1.0,0,5,1,0
3174001,3174,2,0,2,492,0,75.0,1.02,0.9,2500,3174902,1,0
3176000,3176,0,1,1,0,0,0.0,1.0,1.0,0,3176901,1,0
3176001,3176,1,0,2,25,0,1.0,0.995,0.99,1000,3176901,1,0
3176002,3176,3,0,3,492,0,4.0,0.99,0.9,5000,3176903,1,0
3180000,3180,0,1,1,0,0,0.0,1.0,1.0,0,5,1,0
3180001,3180,3,0,2,492,0,4.0,0.99,0.9,5000,3180902,1,0
3183000,3183,3,1,1,0,55,0.0,0.99,0.9,0,3183901,1,0
3184000,3184,2,1,1,0,55,0.0,1.0,1.0,0,3184901,1,0
3185000,3185,0,1,1,0,0,0.0,1.0,1.0,0,3185901,1,0
3185001,3185,3,0,2,492,0,4.0,0.99,0.9,5000,3185902,1,0
3185002,3185,4,0,3,108,0,-2.0,1.0,1.0,1000,19,0,0
3187000,3187,0,1,1,0,55,0.0,1.0,1.0,0,5,1,0
3188000,3188,0,1,1,0,55,0.0,1.0,1.0,0,3188901,1,0
3189000,3189,0,1,1,0,0,0.0,1.0,1.0,0,5,1,0
3189001,3189,2,0,2,492,0,120.0,0.992,0.95,2500,7,1,0
3191000,3191,0,1,1,0,0,0.0,1.0,1.0,0,5,1,0
3191001,3191,1,0,2,492,0,1.0,0.995,0.99,1000,6,1,0
3191002,3191,3,0,3,492,0,4.0,0.99,0.9,5000,3191903,1,0
3194000,3194,0,1,1,0,0,0.0,1.0,1.0,0,3194901,1,0
3194001,3194,2,0,2,722,0,5.0,1.005,0.95,2500,3194901,1,0
3194002,3194,3,0,3,492,0,4.0,0.99,0.9,5000,3194903,1,0
3194003,3194,4,0,4,722,0,-2.0,1.0,1.0,1000,19,0,0
3196000,3196,3,1,1,0,0,0.0,0.99,0.9,0,3196901,1,0
3206000,3206,0,1,1,0,0,0.0,1.0,1.0,0,5,1,0
3206001,3206,3,0,2,492,0,4.0,0.99,0.9,5000,3206902,1,0
3206002,3206,4,0,3,610,0,-2.0,1.0,1.0,1000,19,0,0
3211000,3211,3,1,1,0,55,0.0,0.99,0.9,0,3211901,1,0
3212000,3212,3,1,1,0,0,0.0,0.99,0.9,0,3212901,1,0
3217000,3217,0,1,1,0,0,0.0,1.0,1.0,0,3217901,1,0
3217001,3217,3,0,2,492,0,4.0,0.99,0.9,5000,3217902,1,0
3225000,3225,0,1,1,0,0,0.0,1.0,1.0,0,5,1,0
3225001,3225,3,0,2,492,0,4.0,0.99,0.9,5000,3225902,1,0
3226000,3226,0,1,1,0,0,0.0,1.0,1.0,0,3226901,1,0
3226001,3226,3,0,2,492,0,4.0,0.99,0.9,5000,3226902,1,0
3227000,3227,0,1,1,0,0,0.0,1.0,1.0,0,3227901,1,0
3227001,3227,3,0,2,492,0,4.0,0.99,0.9,5000,3227902,1,0
3228000,3228,0,1,1,0,0,0.0,1.0,1.0,0,5,1,0
3228001,3228,2,0,2,167,0,2.0,0.992,0.95,2500,7,1,0
3228002,3228,3,0,3,492,0,4.0,0.99,0.9,5000,3228903,1,0
3232000,3232,3,1,1,0,55,0.0,0.99,0.9,0,3232901,1,0
3247000,3247,3,1,1,0,55,0.0,0.99,0.9,0,3247901,1,0
3249000,3249,3,1,1,0,55,0.0,0.99,0.9,0,3249901,1,0
3250000,3250,0,1,1,0,0,0.0,1.0,1.0,0,5,1,0
3250001,3250,1,0,2,123,0,1.0,0.995,0.99,1000,6,1,0
3250002,3250,3,0,3,492,0,4.0,0.99,0.9,5000,3250903,1,0
3250003,3250,4,0,4,25,0,-2.0,1.0,1.0,1000,19,0,0
3255000,3255,0,1,1,0,0,0.0,1.0,1.0,0,5,1,0
3255001,3255,2,0,2,757,0,2.0,0.992,0.95,2500,7,1,0
3255002,3255,2,0,3,492,0,2.0,0.992,0.95,2500,7,1,0
3255003,3255,2,0,4,492,0,2.0,0.992,0.95,2500,7,1,0
3257000,3257,0,1,1,0,0,0.0,1.0,1.0,0,5,1,0
3257001,3257,3,0,2,492,0,4.0,0.99,0.9,5000,3257902,1,0
3261000,3261,0,1,1,0,0,0.0,1.0,1.0,0,5,1,0
3261001,3261,3,0,2,492,0,4.0,0.99,0.9,5000,3261902,1,0
3271000,3271,0,1,1,0,0,0.0,1.0,1.0,0,3271901,1,0
3271001,3271,3,0,2,492,0,4.0,0.99,0.9,5000,3271902,1,0
3271002,3271,4,0,3,632,0,-2.0,1.0,1.0,1000,19,0,0
3276000,3276,0,1,1,0,0,0.0,1.0,1.0,0,3276901,1,0
3276001,3276,3,0,2,492,0,4.0,0.99,0.9,5000,3276902,1,0
3277000,3277,3,1,1,0,0,0.0,0.99,0.9,0,3277901,1,0
3277001,3277,3,0,2,492,0,0.0,0.99,0.9,5000,3277902,1,0
3277002,3277,4,0,3,167,0,-6.0,1.0,1.0,1000,19,0,0
3279000,3279,2,1,1,0,0,0.0,0.992,0.95,0,7,1,0
3279001,3279,3,0,2,35,55,2.0,0.99,0.9,5000,3279902,1,0
3286000,3286,0,1,1,0,0,0.0,1.0,1.0,0,3286901,1,0
3286001,3286,2,0,2,121,0,2.0,0.992,0.95,2500,3286901,1,0
3286002,3286,3,0,3,492,0,4.0,0.99,0.9,5000,3286903,1,0
3286003,3286,4,0,4,121,0,-2.0,1.0,1.0,1000,19,0,0
3287000,3287,0,1,1,0,0,0.0,1.0,1.0,0,3287901,1,0
3287001,3287,3,0,2,492,0,4.0,0.99,0.9,5000,3287902,1,0
3289000,3289,2,1,1,0,0,0.0,0.992,0.95,0,3289901,1,0
3289001,3289,3,0,2,492,0,2.0,0.99,0.9,5000,3289902,1,0
3293000,3293,3,1,1,0,0,0.0,0.99,0.9,0,3293901,1,0
3293001,3293,3,0,2,492,0,0.0,0.99,0.9,5000,3293902,1,0
3311000,3311,3,1,1,0,55,0.0,0.99,0.9,0,3311901,1,0
3312000,3312,0,1,1,0,0,0.0,1.0,1.0,0,5,1,0
3312001,3312,3,0,2,492,0,4.0,0.99,0.9,5000,3312902,1,0
3315000,3315,3,1,1,0,0,0.0,0.99,0.9,0,3315901,1,0
3364000,3364,3,1,1,0,0,0.0,0.99,0.9,0,3364901,1,0
3366000,3366,1,1,1,0,0,0.0,0.995,0.99,0,3366901,1,0
3366001,3366,3,0,2,492,0,3.0,0.99,0.9,5000,3366902,1,0
3369000,3369,2,1,1,0,0,0.0,0.992,0.95,0,3369901,1,0
3369001,3369,3,0,2,766,0,2.0,0.99,0.9,5000,3369902,1,0
3369002,3369,3,0,3,492,0,2.0,0.99,0.9,5000,3369903,1,0
3369003,3369,4,0,4,35,0,-4.0,1.0,1.0,1000,19,0,0
3370000,3370,3,1,1,0,55,0.0,0.99,0.9,0,3370901,1,0
3371000,3371,0,1,1,0,0,0.0,1.0,1.0,0,3371901,1,0
3371001,3371,3,0,2,492,0,4.0,0.99,0.9,5000,3371902,1,0
3395000,3395,0,1,1,0,0,0.0,1.0,1.0,0,5,1,0
3395001,3395,3,0,2,492,0,4.0,0.99,0.9,5000,3395902,1,0
3400000,3400,3,1,1,0,55,0.0,0.99,0.9,0,3400901,1,0
3402000,3402,0,1,1,0,0,0.0,1.0,1.0,0,3402901,1,0
3402001,3402,1,0,2,255,0,1.0,0.995,0.99,1000,3402901,1,0
3402002,3402,3,0,3,765,0,4.0,0.99,0.9,5000,3402903,1,0
3402003,3402,3,0,4,492,0,4.0,0.99,0.9,5000,3402904,1,0
3402004,3402,3,0,5,743,0,4.0,0.99,0.9,5000,3402905,1,0
3402006,3402,1,0,7,743,0,1.0,0.995,0.99,1000,3402901,1,0
3404000,3404,0,1,1,0,55,0.0,1.0,1.0,0,5,1,0
3411000,3411,3,1,1,0,55,0.0,0.99,0.9,0,3411901,1,0
3412000,3412,2,1,1,0,0,0.0,0.992,0.95,0,3412901,1,0
3412001,3412,2,0,2,492,0,0.0,0.992,0.95,2500,3412901,1,0
3412002,3412,3,0,3,492,0,2.0,0.99,0.9,5000,3412903,1,0
3412003,3412,3,0,4,84,0,2.0,0.99,0.9,5000,3412904,1,0
3412004,3412,4,0,5,297,0,-4.0,1.0,1.0,1000,19,0,0
3413000,3413,0,1,1,0,0,0.0,1.0,1.0,0,5,1,0
3413001,3413,1,0,2,294,0,1.0,0.995,0.99,1000,6,1,0
3413002,3413,3,0,3,84,0,4.0,0.99,0.9,5000,3413903,1,0
3413003,3413,3,0,4,492,0,4.0,0.99,0.9,5000,3413904,1,0
3414000,3414,0,1,1,0,0,0.0,1.0,1.0,0,5,1,0
3414001,3414,3,0,2,492,0,4.0,0.99,0.9,5000,3414902,1,0
3415000,3415,0,1,1,0,0,0.0,1.0,1.0,0,5,1,0
3415001,3415,3,0,2,492,0,4.0,0.99,0.9,5000,3415902,1,0
3437000,3437,0,1,1,0,0,0.0,1.0,1.0,0,5,1,0
3437001,3437,3,0,2,492,0,4.0,0.99,0.9,5000,3437902,1,0
3441000,3441,3,1,1,0,55,0.0,0.99,0.9,0,3441901,1,0
3445000,3445,0,1,1,0,0,0.0,1.0,1.0,0,3445901,1,0
3445001,3445,3,0,2,492,0,4.0,0.99,0.9,5000,3445902,1,0
3446000,3446,3,1,1,0,55,0.0,0.99,0.9,0,3446901,1,0
3449000,3449,0,1,1,0,0,0.0,1.0,1.0,0,3449901,1,0
3449001,3449,3,0,2,492,0,4.0,0.99,0.9,5000,3449902,1,0
3476000,3476,0,1,1,0,0,0.0,1.0,1.0,0,5,1,0
3476001,3476,2,0,2,492,0,90.0,0.992,0.95,2500,7,1,0
3483000,3483,0,1,1,0,0,0.0,1.0,1.0,0,5,1,0
3484000,3484,0,1,1,0,0,0.0,1.0,1.0,0,5,1,0
3485000,3485,0,1,1,0,0,0.0,1.0,1.0,0,5,1,0
3486000,3486,0,1,1,0,0,0.0,1.0,1.0,0,5,1,0
3487000,3487,0,1,1,0,0,0.0,1.0,1.0,0,5,1,0
3488000,3488,0,1,1,0,0,0.0,1.0,1.0,0,5,1,0
3489000,3489,0,1,1,0,0,0.0,1.0,1.0,0,5,1,0
3489001,3489,4,0,2,492,0,-2.0,1.0,1.0,1000,19,0,0
3514000,3514,0,1,1,0,0,0.0,1.0,1.0,0,5,1,0
3523000,3523,3,1,1,0,55,0.0,0.99,0.9,0,3523901,1,0
3524000,3524,3,1,1,0,55,0.0,0.99,0.9,0,3524901,1,0
3528000,3528,3,1,1,0,55,0.0,0.99,0.9,0,3528901,1,0
3529000,3529,0,1,1,0,0,0.0,1.0,1.0,0,3529901,1,0
3529001,3529,3,0,2,492,0,4.0,0.99,0.9,5000,3529902,1,0
3529002,3529,4,0,3,755,0,-2.0,1.0,1.0,1000,19,0,0
3540000,3540,3,1,1,0,55,0.0,0.99,0.9,0,3540901,1,0
3548000,3548,0,1,1,0,0,0.0,1.0,1.0,0,5,1,0
3548001,3548,3,0,2,492,0,4.0,0.99,0.9,5000,3548902,1,0
3551000,3551,3,1,1,0,55,0.0,0.99,0.9,0,3551901,1,0
3556000,3556,3,1,1,0,55,0.0,0.99,0.9,0,3556901,1,0
3559000,3559,0,1,1,0,55,0.0,1.0,1.0,0,3559901,1,0
3561000,3561,3,1,1,0,55,0.0,0.99,0.9,0,3561901,1,0
3562000,3562,3,1,1,0,55,0.0,0.99,0.9,0,3562901,1,0
3564000,3564,3,1,1,0,0,0.0,0.99,0.9,0,3564901,1,0
3568000,3568,0,1,1,0,55,0.0,1.0,1.0,0,5,1,0
3570000,3570,1,1,1,0,55,0.0,0.99,0.9,0,20,1,0
3570001,3570,2,0,2,492,0,15.0,0.992,0.95,2500,7,1,0
3570002,3570,2,0,3,492,0,19.0,0.992,0.95,2500,7,1,0
3572000,3572,3,1,1,0,55,0.0,0.99,0.9,0,3572901,1,0
3573000,3573,2,1,1,0,55,0.0,0.992,0.95,0,7,1,0
3574000,3574,3,1,1,0,0,0.0,0.99,0.9,0,3574901,1,0
3577000,3577,3,1,1,0,55,0.0,0.99,0.9,0,3577901,1,0
3634000,3634,0,1,1,0,0,0.0,1.0,1.0,0,3634901,1,0
3634001,3634,3,0,2,492,0,4.0,0.99,0.9,5000,3634902,1,0
3636000,3636,0,1,1,0,55,0.0,1.0,1.0,0,5,1,0
3636001,3636,1,0,2,294,57,1.0,0.995,0.99,1000,6,1,0
3636002,3636,3,0,3,492,81,4.0,0.99,0.9,5000,3636903,1,0
3639000,3639,3,1,1,0,55,0.0,0.99,0.9,0,3639901,1,0
3640000,3640,0,1,1,0,0,0.0,1.0,1.0,0,3640901,1,0
3640001,3640,3,0,2,492,0,4.0,0.99,0.9,5000,3640902,1,0
3640002,3640,3,0,3,492,0,4.0,0.99,0.9,5000,3640903,1,0
3650000,3650,0,1,1,0,0,0.0,1.0,1.0,0,3650901,1,0
3664000,3664,0,1,1,0,0,0.0,1.0,1.0,0,5,1,0
3681000,3681,0,1,1,0,55,0.0,1.0,1.0,0,5,1,0
3681001,3681,1,0,2,24,60,1.0,0.995,0.99,1000,6,1,0
3681002,3681,2,0,3,82,63,2.0,0.992,0.95,2500,7,1,0
3681003,3681,2,0,4,46,61,2.0,0.992,0.95,2500,7,1,0
3681004,3681,3,0,6,492,81,4.0,0.99,0.9,5000,3681906,1,0
3681005,3681,4,0,7,255,80,-2.0,1.0,1.0,1000,19,0,0
3681007,3681,2,0,8,8,61,2.0,0.992,0.95,2500,7,1,0
3681008,3681,3,0,9,763,81,4.0,0.99,0.9,5000,3681906,1,0
3681009,3681,3,0,10,760,81,12.0,0.99,0.9,5000,3681906,1,0
3681010,3681,2,0,11,760,61,2.0,0.992,0.95,2500,7,1,0
3682000,3682,3,1,1,0,0,0.0,0.99,0.9,0,3682901,1,0
3683000,3683,0,1,1,0,55,0.0,1.0,1.0,0,3683901,1,0
3683001,3683,1,0,2,84,56,1.0,0.995,0.99,1000,3683901,1,0
3683003,3683,3,0,4,765,81,4.0,0.99,0.9,5000,3683904,1,0
3683004,3683,3,0,5,492,81,4.0,0.99,0.9,5000,3683905,1,0
3683005,3683,4,0,6,116,80,-2.0,1.0,1.0,1000,19,0,0
3684000,3684,0,1,1,0,55,0.0,1.0,1.0,0,5,1,0
3685000,3685,0,1,1,0,0,0.0,1.0,1.0,0,3685901,1,0
3685001,3685,3,0,2,492,0,4.0,0.99,0.9,5000,3685902,1,0
3699000,3699,0,1,1,0,0,0.0,1.0,1.0,0,3699901,1,0
3699001,3699,3,0,2,492,0,4.0,0.99,0.9,5000,3699902,1,0
9000000,9000,0,1,1,0,55,0.0,1.0,1.0,0,9000901,1,0
9000001,9000,1,0,2,239,0,1.0,0.995,0.99,1000,9000901,1,0
9000002,9000,1,0,3,239,0,1.0,0.995,0.99,1000,9000901,1,0
9000003,9000,3,0,4,492,81,4.0,0.99,0.9,5000,9000904,1,0
9003000,9003,1,1,1,0,0,0.0,0.995,0.99,0,9003901,1,0
9003001,9003,3,0,2,492,0,3.0,0.99,0.9,5000,9003902,1,0