Id,Ordinal,DrivetrainID,PowertrainId,MassDiff,WeightDistDiff,Level,ManufacturerId,Price,IsStock
247000,247,1,1,0.0,0.0,0,49,0,1
247001,247,2102,4,40.483135,0.02,2,492,10000,0
249000,249,3,1,0.0,0.0,0,13,0,1
249001,249,2102,4,36.505,0.02,2,492,10000,0
251000,251,4,1,0.0,0.0,0,28,0,1
251001,251,2102,4,46.99219,0.02,2,492,10000,0
253000,253,6,2,0.0,0.0,0,13,0,1
253001,253,2102,5,70.0,0.02,2,492,10000,0
257000,257,10,1,0.0,0.0,0,13,0,1
257001,257,2102,4,70.0,0.02,2,492,10000,0
260000,260,13,3,0.0,0.0,0,39,0,1
260001,260,2102,6,38.895535,0.02,2,492,10000,0
261000,261,14,3,0.0,0.0,0,39,0,1
261001,261,2102,6,45.325,0.02,2,492,10000,0
262000,262,15,3,0.0,0.0,0,39,0,1
262001,262,2102,6,70.0,0.02,2,492,10000,0
265000,265,18,3,0.0,0.0,0,39,0,1
265001,265,2102,6,45.5,0.02,2,492,10000,0
266000,266,19,2,0.0,0.0,0,39,0,1
266001,266,2102,5,34.86,0.02,2,492,10000,0
268000,268,21,1,0.0,0.0,0,39,0,1
268001,268,2102,4,49.455,0.02,2,492,10000,0
269000,269,22,6,0.0,0.0,0,39,0,1
269001,269,2170,3,-50.64444,-0.02,1,492,10000,0
289000,289,42,1,0.0,0.0,0,9,0,1
289001,289,2102,4,70.0,0.02,2,492,10000,0
291000,291,44,1,0.0,0.0,0,51,0,1
291001,291,2102,4,70.0,0.02,2,492,10000,0
292000,292,45,2,0.0,0.0,0,39,0,1
292001,292,2102,5,70.0,0.02,2,492,10000,0
294000,294,47,2,0.0,0.0,0,20,0,1
294001,294,2102,5,44.625,0.02,2,492,10000,0
295000,295,48,0,0.0,0.0,0,49,0,1
295001,295,2170,1,1.161197,-0.02,1,492,10000,0
295002,295,2102,4,40.641895,-0.02,2,492,10000,0
296000,296,49,1,0.0,0.0,0,50,0,1
296001,296,2102,4,34.125,0.02,2,492,10000,0
297000,297,50,2,0.0,0.0,0,13,0,1
297001,297,2102,5,45.15,0.02,2,492,10000,0
299000,299,52,1,0.0,0.0,0,9,0,1
299001,299,2102,4,70.0,0.02,2,492,10000,0
302000,302,55,0,0.0,0.0,0,16,0,1
302001,302,2170,1,1.19,-0.02,1,492,10000,0
302002,302,2102,4,41.65,-0.02,2,492,10000,0
306000,306,59,1,0.0,0.0,0,47,0,1
306001,306,2102,4,37.31,0.02,2,492,10000,0
309000,309,62,0,0.0,0.0,0,52,0,1
309001,309,2170,1,1.240122,-0.02,1,492,10000,0
309002,309,2102,4,43.40427,-0.02,2,492,10000,0
312000,312,65,1,0.0,0.0,0,9,0,1
312001,312,2102,4,70.0,0.02,2,492,10000,0
314000,314,67,1,0.0,0.0,0,9,0,1
314001,314,2102,4,49.53228,0.02,2,492,10000,0
315000,315,68,1,0.0,0.0,0,9,0,1
315001,315,2102,4,70.0,0.02,2,492,10000,0
316000,316,69,2,0.0,0.0,0,21,0,1
316001,316,2102,5,70.0,0.02,2,492,10000,0
320000,320,73,0,0.0,0.0,0,16,0,1
320001,320,2170,1,0.98,-0.02,1,492,10000,0
320002,320,2102,4,34.3,-0.02,2,492,10000,0
324000,324,77,2,0.0,0.0,0,21,0,1
324001,324,2102,5,49.0,0.02,2,492,10000,0
325000,325,78,2,0.0,0.0,0,21,0,1
325001,325,2102,5,70.0,0.02,2,492,10000,0
326000,326,79,2,0.0,0.0,0,13,0,1
326001,326,2102,5,37.78488,0.02,2,492,10000,0
327000,327,80,4,0.0,0.0,0,30,0,1
327001,327,2170,1,-50.78731,-0.02,1,492,10000,0
330000,330,83,1,0.0,0.0,0,24,0,1
330001,330,2102,4,26.03622,0.02,2,492,10000,0
333000,333,86,2,0.0,0.0,0,13,0,1
333001,333,2102,5,70.0,0.02,2,492,10000,0
336000,336,89,1,0.0,0.0,0,19,0,1
336001,336,2102,4,46.03963,0.02,2,492,10000,0
338000,338,91,2,0.0,0.0,0,27,0,1
338001,338,2102,5,39.2,0.02,2,492,10000,0
340000,340,93,2,0.0,0.0,0,13,0,1
340001,340,2102,5,47.31048,0.02,2,492,10000,0
342000,342,95,2,0.0,0.0,0,13,0,1
342001,342,2102,5,47.25,0.02,2,492,10000,0
343000,343,96,1,0.0,0.0,0,31,0,1
343001,343,2102,4,36.645,0.02,2,492,10000,0
344000,344,97,1,0.0,0.0,0,31,0,1
344001,344,2102,4,70.0,0.02,2,492,10000,0
345000,345,98,1,0.0,0.0,0,31,0,1
345001,345,2102,4,70.0,0.02,2,492,10000,0
348000,348,101,2,0.0,0.0,0,14,0,1
348001,348,2102,5,70.0,0.02,2,492,10000,0
353000,353,106,0,0.0,0.0,0,52,0,1
353001,353,2170,1,1.1,-0.02,1,492,10000,0
353002,353,2102,4,38.5,-0.02,2,492,10000,0
354000,354,107,4,0.0,0.0,0,52,0,1
354001,354,2170,1,-51.695,-0.02,1,492,10000,0
357000,357,110,4,0.0,0.0,0,30,0,1
357001,357,2170,1,-58.8,-0.02,1,492,10000,0
358000,358,111,2,0.0,0.0,0,13,0,1
358001,358,2102,5,44.8,0.02,2,492,10000,0
363000,363,116,4,0.0,0.0,0,48,0,1
363001,363,2170,1,-44.45,-0.02,1,492,10000,0
364000,364,117,4,0.0,0.0,0,48,0,1
364001,364,2170,1,-51.913645,-0.02,1,492,10000,0
365000,365,118,4,0.0,0.0,0,48,0,1
365001,365,2170,1,-52.628065,-0.02,1,492,10000,0
368000,368,121,0,0.0,0.0,0,1,0,1
368001,368,2170,1,1.19703,-0.02,1,492,10000,0
368002,368,2102,4,41.89605,-0.02,2,492,10000,0
374000,374,127,4,0.0,0.0,0,30,0,1
374001,374,2170,1,-52.15266,-0.02,1,492,10000,0
375000,375,128,4,0.0,0.0,0,30,0,1
375001,375,2170,1,-44.80133,-0.02,1,492,10000,0
378000,378,131,4,0.0,0.0,0,30,0,1
378001,378,2170,1,-49.35,-0.02,1,492,10000,0
382000,382,135,1,0.0,0.0,0,6,0,1
382001,382,2102,4,70.0,0.02,2,492,10000,0
383000,383,136,1,0.0,0.0,0,6,0,1
383001,383,2102,4,70.0,0.02,2,492,10000,0
397000,397,150,1,0.0,0.0,0,51,0,1
397001,397,2102,4,70.0,0.02,2,492,10000,0
405000,405,158,1,0.0,0.0,0,14,0,1
405001,405,2102,4,70.0,0.02,2,492,10000,0
411000,411,164,2,0.0,0.0,0,16,0,1
411001,411,2102,5,44.45,0.02,2,492,10000,0
412000,412,165,2,0.0,0.0,0,16,0,1
412001,412,2102,5,43.05,0.02,2,492,10000,0
417000,417,170,1,0.0,0.0,0,7,0,1
417001,417,2102,4,70.0,0.02,2,492,10000,0
419000,419,172,4,0.0,0.0,0,3,0,1
419001,419,2170,1,-57.75,-0.02,1,492,10000,0
420000,420,173,4,0.0,0.0,0,3,0,1
420001,420,2170,1,-63.88396,-0.02,1,492,10000,0
422000,422,175,0,0.0,0.0,0,1,0,1
422001,422,2170,1,1.279131,-0.02,1,492,10000,0
422002,422,2102,4,44.769585,-0.02,2,492,10000,0
423000,423,176,1,0.0,0.0,0,26,0,1
423001,423,2102,4,47.325565,0.02,2,492,10000,0
424000,424,177,1,0.0,0.0,0,26,0,1
424001,424,2102,4,44.9442,0.02,2,492,10000,0
425000,425,178,1,0.0,0.0,0,26,0,1
425001,425,2102,4,44.45,0.02,2,492,10000,0
427000,427,180,1,0.0,0.0,0,16,0,1
427001,427,2102,4,43.75,0.02,2,492,10000,0
432000,432,185,2,0.0,0.0,0,43,0,1
432001,432,2102,5,43.75,0.02,2,492,10000,0
433000,433,186,1,0.0,0.0,0,50,0,1
433001,433,2102,4,37.73,0.02,2,492,10000,0
439000,439,192,1,0.0,0.0,0,31,0,1
439001,439,2102,4,40.25,0.02,2,492,10000,0
440000,440,193,1,0.0,0.0,0,31,0,1
440001,440,2102,4,44.275,0.02,2,492,10000,0
441000,441,194,1,0.0,0.0,0,31,0,1
441001,441,2102,4,43.4,0.02,2,492,10000,0
444000,444,197,4,0.0,0.0,0,31,0,1
444001,444,2170,1,-52.5,-0.02,1,492,10000,0
445000,445,198,4,0.0,0.0,0,31,0,1
445001,445,2170,1,-54.6,-0.02,1,492,10000,0
455000,455,208,1,0.0,0.0,0,49,0,1
455001,455,2102,4,33.25,0.02,2,492,10000,0
460000,460,213,1,0.0,0.0,0,49,0,1
460001,460,2102,4,70.0,0.02,2,492,10000,0
461000,461,214,1,0.0,0.0,0,49,0,1
461001,461,2102,4,70.0,0.02,2,492,10000,0
483000,483,236,1,0.0,0.0,0,11,0,1
483001,483,2102,4,70.0,0.02,2,492,10000,0
489000,489,242,2,0.0,0.0,0,19,0,1
489001,489,2102,5,70.0,0.02,2,492,10000,0
513000,513,266,1,0.0,0.0,0,11,0,1
513001,513,2102,4,70.0,0.02,2,492,10000,0
565000,565,318,1,0.0,0.0,0,6,0,1
565001,565,2102,4,49.15127,0.02,2,492,10000,0
567000,567,320,2,0.0,0.0,0,31,0,1
567001,567,2102,5,35.945,0.02,2,492,10000,0
568000,568,321,2,0.0,0.0,0,28,0,1
568001,568,2102,5,70.0,0.02,2,492,10000,0
569000,569,322,2,0.0,0.0,0,16,0,1
569001,569,2102,5,44.45,0.02,2,492,10000,0
615000,615,366,4,0.0,0.0,0,36,0,1
615001,615,2170,1,-38.5,-0.02,1,492,10000,0
625000,625,375,0,0.0,0.0,0,16,0,1
625001,625,2170,1,1.345,-0.02,1,492,10000,0
625002,625,2102,4,47.075,-0.02,2,492,10000,0
633000,633,382,4,0.0,0.0,0,3,0,1
633001,633,2170,1,-44.563155,-0.02,1,492,10000,0
634000,634,383,2,0.0,0.0,0,41,0,1
634001,634,2102,5,33.95,0.02,2,492,10000,0
637000,637,386,2,0.0,0.0,0,21,0,1
637001,637,2102,5,43.575,0.02,2,492,10000,0
639000,639,388,1,0.0,0.0,0,11,0,1
639001,639,2102,4,70.0,0.02,2,492,10000,0
641000,641,390,2,0.0,0.0,0,39,0,1
641001,641,2102,5,42.0,0.02,2,492,10000,0
642000,642,391,1,0.0,0.0,0,6,0,1
642001,642,2102,4,43.84877,0.02,2,492,10000,0
1006000,1006,405,2,0.0,0.0,0,13,0,1
1006001,1006,2102,5,43.3608,0.02,2,492,10000,0
1007000,1007,406,2,0.0,0.0,0,20,0,1
1007001,1007,2102,5,38.5,0.02,2,492,10000,0
1009000,1009,408,4,0.0,0.0,0,30,0,1
1009001,1009,2170,1,-53.9,-0.02,1,492,10000,0
1011000,1011,410,1,0.0,0.0,0,6,0,1
1011001,1011,2102,4,70.0,0.02,2,492,10000,0
1020000,1020,419,2,0.0,0.0,0,13,0,1
1020001,1020,2102,5,31.78,0.02,2,492,10000,0
1022000,1022,421,2,0.0,0.0,0,13,0,1
1022001,1022,2102,5,70.0,0.02,2,492,10000,0
1023000,1023,422,2,0.0,0.0,0,13,0,1
1023001,1023,2102,5,36.75,0.02,2,492,10000,0
1034000,1034,432,4,0.0,0.0,0,49,0,1
1034001,1034,2170,1,-50.4,-0.02,1,492,10000,0
1040000,1040,438,2,0.0,0.0,0,6,0,1
1040001,1040,2102,5,45.5,0.02,2,492,10000,0
1041000,1041,439,1,0.0,0.0,0,14,0,1
1041001,1041,2102,4,49.61166,0.02,2,492,10000,0
1042000,1042,440,1,0.0,0.0,0,31,0,1
1042001,1042,2102,4,38.5,0.02,2,492,10000,0
1043000,1043,441,4,0.0,0.0,0,31,0,1
1043001,1043,2170,1,-53.865,-0.02,1,492,10000,0
1045000,1045,443,1,0.0,0.0,0,38,0,1
1045001,1045,2102,4,70.0,0.02,2,492,10000,0
1046000,1046,444,1,0.0,0.0,0,11,0,1
1046001,1046,2102,4,70.0,0.02,2,492,10000,0
1059000,1059,455,1,0.0,0.0,0,6,0,1
1059001,1059,2102,4,70.0,0.02,2,492,10000,0
1060000,1060,456,4,0.0,0.0,0,48,0,1
1060001,1060,2170,1,-53.89811,-0.02,1,492,10000,0
1063000,1063,459,1,0.0,0.0,0,11,0,1
1063001,1063,2102,4,70.0,0.02,2,492,10000,0
1064000,1064,460,1,0.0,0.0,0,9,0,1
1064001,1064,2102,4,70.0,0.02,2,492,10000,0
1069000,1069,465,1,0.0,0.0,0,9,0,1
1069001,1069,2102,4,70.0,0.02,2,492,10000,0
1086000,1086,482,0,0.0,0.0,0,14,0,1
1086001,1086,2170,1,1.468,-0.02,1,492,10000,0
1086002,1086,2102,4,70.0,-0.02,2,492,10000,0
1093000,1093,488,1,0.0,0.0,0,9,0,1
1093001,1093,2102,4,48.897275,0.02,2,492,10000,0
1098000,1098,493,0,0.0,0.0,0,29,0,1
1098001,1098,2170,1,1.225153,-0.02,1,492,10000,0
1098002,1098,2102,4,42.880355,-0.02,2,492,10000,0
1103000,1103,498,1,0.0,0.0,0,31,0,1
1103001,1103,2102,4,70.0,0.02,2,492,10000,0
1104000,1104,499,1,0.0,0.0,0,124,0,1
1104001,1104,2102,4,33.775,0.02,2,492,10000,0
1105000,1105,502,1,0.0,0.0,0,2,0,1
1105001,1105,2102,4,70.0,0.02,2,492,10000,0
1108000,1108,504,5,0.0,0.0,0,14,0,1
1108001,1108,2170,2,-39.11782,-0.02,1,492,10000,0
1110000,1110,506,1,0.0,0.0,0,26,0,1
1110001,1110,2102,4,36.99045,0.02,2,492,10000,0
1125000,1125,521,5,0.0,0.0,0,21,0,1
1125001,1125,2170,2,-63.735,-0.02,1,492,10000,0
1126000,1126,522,1,0.0,0.0,0,6,0,1
1126001,1126,2102,4,70.0,0.02,2,492,10000,0
1131000,1131,527,2,0.0,0.0,0,13,0,1
1131001,1131,2102,5,70.0,0.02,2,492,10000,0
1154000,1154,556,1,0.0,0.0,0,13,0,1
1154001,1154,2102,4,32.2,0.02,2,492,10000,0
1155000,1155,557,1,0.0,0.0,0,47,0,1
1155001,1155,2102,4,36.514205,0.02,2,492,10000,0
1173000,1173,575,5,0.0,0.0,0,21,0,1
1173001,1173,2170,2,-60.235,-0.02,1,492,10000,0
1175000,1175,577,2,0.0,0.0,0,34,0,1
1175001,1175,2102,5,40.25609,0.02,2,492,10000,0
1184000,1184,587,4,0.0,0.0,0,3,0,1
1184001,1184,2170,1,-69.475,-0.02,1,492,10000,0
1202000,1202,604,1,0.0,0.0,0,28,0,1
1202001,1202,2102,4,70.0,0.02,2,492,10000,0
1215000,1215,617,1,0.0,0.0,0,200,0,1
1215001,1215,2102,4,70.0,0.02,2,492,10000,0
1216000,1216,618,4,0.0,0.0,0,3,0,1
1216001,1216,2170,1,-55.125,-0.02,1,492,10000,0
1219000,1219,621,5,0.0,0.0,0,58,0,1
1219001,1219,2170,2,-49.63,-0.02,1,492,10000,0
1220000,1220,622,4,0.0,0.0,0,3,0,1
1220001,1220,2170,1,-52.29,-0.02,1,492,10000,0
1231000,1231,633,4,0.0,0.0,0,52,0,1
1231001,1231,2170,1,-50.61,-0.02,1,492,10000,0
1234000,1234,636,3,0.0,0.0,0,39,0,1
1234001,1234,2102,6,70.0,0.02,2,492,10000,0
1246000,1246,650,2,0.0,0.0,0,65,0,1
1246001,1246,2102,5,39.375,0.02,2,492,10000,0
1260000,1260,664,1,0.0,0.0,0,23,0,1
1260001,1260,2102,4,70.0,0.02,2,492,10000,0
1268000,1268,672,1,0.0,0.0,0,6,0,1
1268001,1268,2102,4,70.0,0.02,2,492,10000,0
1269000,1269,673,1,0.0,0.0,0,6,0,1
1269001,1269,2102,4,37.80014,0.02,2,492,10000,0
1270000,1270,674,3,0.0,0.0,0,78,0,1
1270001,1270,2102,6,45.15,0.02,2,492,10000,0
1271000,1271,675,1,0.0,0.0,0,13,0,1
1271001,1271,2102,4,36.75,0.02,2,492,10000,0
1272000,1272,676,4,0.0,0.0,0,14,0,1
1272001,1272,2170,1,-44.625,-0.02,1,492,10000,0
1273000,1273,677,0,0.0,0.0,0,16,0,1
1273001,1273,2170,1,1.09,-0.02,1,492,10000,0
1273002,1273,2102,4,38.15,-0.02,2,492,10000,0
1276000,1276,680,1,0.0,0.0,0,38,0,1
1276001,1276,2102,4,70.0,0.02,2,492,10000,0
1277000,1277,681,1,0.0,0.0,0,89,0,1
1277001,1277,2102,4,70.0,0.02,2,492,10000,0
1282000,1282,686,1,0.0,0.0,0,31,0,1
1282001,1282,2102,4,46.27777,0.02,2,492,10000,0
1285000,1285,689,1,0.0,0.0,0,38,0,1
1285001,1285,2102,4,70.0,0.02,2,492,10000,0
1291000,1291,695,1,0.0,0.0,0,9,0,1
1291001,1291,2102,4,70.0,0.02,2,492,10000,0
1293000,1293,697,1,0.0,0.0,0,14,0,1
1293001,1293,2102,4,43.4,0.02,2,492,10000,0
1296000,1296,700,1,0.0,0.0,0,28,0,1
1296001,1296,2102,4,46.9,0.02,2,492,10000,0
1297000,1297,701,1,0.0,0.0,0,30,0,1
1297001,1297,2102,4,49.0084,0.02,2,492,10000,0
1299000,1299,703,1,0.0,0.0,0,53,0,1
1299001,1299,2102,4,70.0,0.02,2,492,10000,0
1300000,1300,704,1,0.0,0.0,0,9,0,1
1300001,1300,2102,4,70.0,0.02,2,492,10000,0
1301000,1301,705,1,0.0,0.0,0,19,0,1
1301001,1301,2102,4,33.33904,0.02,2,492,10000,0
1302000,1302,706,1,0.0,0.0,0,14,0,1
1302001,1302,2102,4,31.535,0.02,2,492,10000,0
1304000,1304,708,1,0.0,0.0,0,25,0,1
1304001,1304,2102,4,70.0,0.02,2,492,10000,0
1314000,1314,718,2,0.0,0.0,0,27,0,1
1314001,1314,2102,5,45.08707,0.02,2,492,10000,0
1318000,1318,722,1,0.0,0.0,0,13,0,1
1318001,1318,2102,4,70.0,0.02,2,492,10000,0
1319000,1319,723,1,0.0,0.0,0,13,0,1
1319001,1319,2102,4,70.0,0.02,2,492,10000,0
1320000,1320,724,1,0.0,0.0,0,14,0,1
1320001,1320,2102,4,70.0,0.02,2,492,10000,0
1322000,1322,726,5,0.0,0.0,0,21,0,1
1322001,1322,2170,2,-52.36,-0.02,1,492,10000,0
1323000,1323,728,4,0.0,0.0,0,48,0,1
1323001,1323,2170,1,-53.723495,-0.02,1,492,10000,0
1328000,1328,732,5,0.0,0.0,0,58,0,1
1328001,1328,2170,2,-64.20148,-0.02,1,492,10000,0
1329000,1329,733,1,0.0,0.0,0,7,0,1
1329001,1329,2102,4,70.0,0.02,2,492,10000,0
1330000,1330,734,1,0.0,0.0,0,9,0,1
1330001,1330,2102,4,70.0,0.02,2,492,10000,0
1332000,1332,736,1,0.0,0.0,0,11,0,1
1332001,1332,2102,4,47.944715,0.02,2,492,10000,0
1345000,1345,749,4,0.0,0.0,0,85,0,1
1345001,1345,2170,1,-70.0,-0.02,1,492,10000,0
1350000,1350,754,4,0.0,0.0,0,6,0,1
1350001,1350,2170,1,-70.0,-0.02,1,492,10000,0
1351000,1351,755,1,0.0,0.0,0,23,0,1
1351001,1351,2102,4,70.0,0.02,2,492,10000,0
1355000,1355,759,1,0.0,0.0,0,14,0,1
1355001,1355,2102,4,40.67364,0.02,2,492,10000,0
1367000,1367,772,1,0.0,0.0,0,6,0,1
1367001,1367,2102,4,70.0,0.02,2,492,10000,0
1368000,1368,773,1,0.0,0.0,0,6,0,1
1368001,1368,2102,4,70.0,0.02,2,492,10000,0
1369000,1369,774,2,0.0,0.0,0,34,0,1
1369001,1369,2102,5,45.372845,0.02,2,492,10000,0
1370000,1370,775,4,0.0,0.0,0,3,0,1
1370001,1370,2170,1,-55.83494,-0.02,1,492,10000,0
1372000,1372,777,1,0.0,0.0,0,4,0,1
1372001,1372,2102,4,70.0,0.02,2,492,10000,0
1376000,1376,784,2,0.0,0.0,0,24,0,1
1376001,1376,2102,5,23.45,0.02,2,492,10000,0
1379000,1379,787,1,0.0,0.0,0,9,0,1
1379001,1379,2102,4,70.0,0.02,2,492,10000,0
1380000,1380,788,0,0.0,0.0,0,52,0,1
1380001,1380,2170,1,0.913989,-0.02,1,492,10000,0
1380002,1380,2102,4,31.989615,-0.02,2,492,10000,0
1383000,1383,791,0,0.0,0.0,0,52,0,1
1383001,1383,2170,1,1.270059,-0.02,1,492,10000,0
1383002,1383,2102,4,44.452065,-0.02,2,492,10000,0
1385000,1385,793,1,0.0,0.0,0,6,0,1
1385001,1385,2102,4,70.0,0.02,2,492,10000,0
1387000,1387,795,0,0.0,0.0,0,53,0,1
1387001,1387,2170,1,1.465103,-0.02,1,492,10000,0
1387002,1387,2102,4,70.0,-0.02,2,492,10000,0
1388000,1388,796,1,0.0,0.0,0,6,0,1
1388001,1388,2102,4,70.0,0.02,2,492,10000,0
1392000,1392,800,5,0.0,0.0,0,21,0,1
1392001,1392,2170,2,-34.965,-0.02,1,492,10000,0
1395000,1395,803,2,0.0,0.0,0,49,0,1
1395001,1395,2102,5,41.59442,0.02,2,492,10000,0
1398000,1398,806,5,0.0,0.0,0,21,0,1
1398001,1398,2170,2,-60.585,-0.02,1,492,10000,0
1417000,1417,825,4,0.0,0.0,0,3,0,1
1417001,1417,2170,1,-60.804065,-0.02,1,492,10000,0
1418000,1418,826,1,0.0,0.0,0,6,0,1
1418001,1418,2102,4,70.0,0.02,2,492,10000,0
1426000,1426,834,1,0.0,0.0,0,26,0,1
1426001,1426,2102,4,48.659135,0.02,2,492,10000,0
1428000,1428,836,0,0.0,0.0,0,52,0,1
1428001,1428,2170,1,1.344,-0.02,1,492,10000,0
1428002,1428,2102,4,47.04,-0.02,2,492,10000,0
1429000,1429,837,1,0.0,0.0,0,9,0,1
1429001,1429,2102,4,70.0,0.02,2,492,10000,0
1435000,1435,946,3,0.0,0.0,0,52,0,1
1435001,1435,2102,6,27.941305,0.02,2,492,10000,0
1459000,1459,866,1,0.0,0.0,0,9,0,1
1459001,1459,2102,4,70.0,0.02,2,492,10000,0
1460000,1460,867,4,0.0,0.0,0,14,0,1
1460001,1460,2170,1,-70.0,-0.02,1,492,10000,0
1477000,1477,884,1,0.0,0.0,0,14,0,1
1477001,1477,2102,4,70.0,0.02,2,492,10000,0
1482000,1482,889,1,0.0,0.0,0,76,0,1
1482001,1482,2102,4,45.08707,0.02,2,492,10000,0
1486000,1486,893,1,0.0,0.0,0,14,0,1
1486001,1486,2102,4,32.704,0.02,2,492,10000,0
1496000,1496,903,1,0.0,0.0,0,19,0,1
1496001,1496,2102,4,70.0,0.02,2,492,10000,0
1500000,1500,907,1,0.0,0.0,0,28,0,1
1500001,1500,2102,4,70.0,0.02,2,492,10000,0
1517000,1517,924,4,0.0,0.0,0,49,0,1
1517001,1517,2170,1,-51.100035,-0.02,1,492,10000,0
1522000,1522,929,4,0.0,0.0,0,88,0,1
1522001,1522,2170,1,-65.59854,-0.02,1,492,10000,0
1523000,1523,930,2,0.0,0.0,0,24,0,1
1523001,1523,2102,5,41.16,0.02,2,492,10000,0
1525000,1525,932,1,0.0,0.0,0,28,0,1
1525001,1525,2102,4,70.0,0.02,2,492,10000,0
1529000,1529,936,1,0.0,0.0,0,14,0,1
1529001,1529,2102,4,36.75,0.02,2,492,10000,0
1530000,1530,937,1,0.0,0.0,0,14,0,1
1530001,1530,2102,4,47.150915,0.02,2,492,10000,0
1531000,1531,938,1,0.0,0.0,0,80,0,1
1531001,1531,2102,4,70.0,0.02,2,492,10000,0
1532000,1532,939,2,0.0,0.0,0,102,0,1
1532001,1532,2102,5,42.62636,0.02,2,492,10000,0
1533000,1533,940,1,0.0,0.0,0,59,0,1
1533001,1533,2102,4,40.005,0.02,2,492,10000,0
1536000,1536,943,3,0.0,0.0,0,179,0,1
1536001,1536,2102,6,25.025,0.02,2,492,10000,0
1539000,1539,947,3,0.0,0.0,0,39,0,1
1539001,1539,2102,6,47.95,0.02,2,492,10000,0
1562000,1562,970,1,0.0,0.0,0,11,0,1
1562001,1562,2102,4,70.0,0.02,2,492,10000,0
1564000,1564,972,1,0.0,0.0,0,9,0,1
1564001,1564,2102,4,46.03963,0.02,2,492,10000,0
1568000,1568,976,0,0.0,0.0,0,16,0,1
1568001,1568,2170,1,0.735,-0.02,1,492,10000,0
1568002,1568,2102,4,25.725,-0.02,2,492,10000,0
1574000,1574,982,1,0.0,0.0,0,97,0,1
1574001,1574,2102,4,23.22621,0.02,2,492,10000,0
1575000,1575,983,1,0.0,0.0,0,9,0,1
1575001,1575,2102,4,70.0,0.02,2,492,10000,0
1580000,1580,988,1,0.0,0.0,0,14,0,1
1580001,1580,2102,4,30.45,0.02,2,492,10000,0
1581000,1581,989,1,0.0,0.0,0,14,0,1
1581001,1581,2102,4,70.0,0.02,2,492,10000,0
1583000,1583,991,5,0.0,0.0,0,21,0,1
1583001,1583,2170,2,-60.585,-0.02,1,492,10000,0
1591000,1591,999,5,0.0,0.0,0,36,0,1
1591001,1591,2170,2,-40.075,-0.02,1,492,10000,0
1592000,1592,1000,1,0.0,0.0,0,49,0,1
1592001,1592,2102,4,37.974755,0.02,2,492,10000,0
1599000,1599,1007,1,0.0,0.0,0,13,0,1
1599001,1599,2102,4,48.23049,0.02,2,492,10000,0
1601000,1601,1009,5,0.0,0.0,0,21,0,1
1601001,1601,2170,2,-57.435,-0.02,1,492,10000,0
1607000,1607,1015,4,0.0,0.0,0,3,0,1
1607001,1607,2170,1,-62.825,-0.02,1,492,10000,0
1627000,1627,1035,4,0.0,0.0,0,28,0,1
1627001,1627,2170,1,-70.0,-0.02,1,492,10000,0
1651000,1651,1059,2,0.0,0.0,0,107,0,1
1651001,1651,2102,5,22.75,0.02,2,492,10000,0
1652000,1652,1060,1,0.0,0.0,0,109,0,1
1652001,1652,2102,4,17.71,0.02,2,492,10000,0
1653000,1653,1061,2,0.0,0.0,0,108,0,1
1653001,1653,2102,5,28.35,0.02,2,492,10000,0
1654000,1654,1062,1,0.0,0.0,0,14,0,1
1654001,1654,2102,4,70.0,0.02,2,492,10000,0
1655000,1655,1063,1,0.0,0.0,0,48,0,1
1655001,1655,2102,4,43.880515,0.02,2,492,10000,0
1658000,1658,1066,4,0.0,0.0,0,28,0,1
1658001,1658,2170,1,-51.8,-0.02,1,492,10000,0
1662000,1662,1070,0,0.0,0.0,0,29,0,1
1662001,1662,2170,1,0.671317,-0.02,1,492,10000,0
1662002,1662,2102,4,23.496095,-0.02,2,492,10000,0
1667000,1667,1075,2,0.0,0.0,0,27,0,1
1667001,1667,2102,5,70.0,0.02,2,492,10000,0
1668000,1668,1076,1,0.0,0.0,0,14,0,1
1668001,1668,2102,4,70.0,0.02,2,492,10000,0
2002000,2002,2082,4,0.0,0.0,0,31,0,1
2002001,2002,2170,1,-61.70899,-0.02,1,492,10000,0
2003000,2003,1083,0,0.0,0.0,0,29,0,1
2003001,2003,2170,1,1.16,-0.02,1,492,10000,0
2003002,2003,2102,4,40.6,-0.02,2,492,10000,0
2004000,2004,1084,1,0.0,0.0,0,26,0,1
2004001,2004,2102,4,41.165775,0.02,2,492,10000,0
2005000,2005,1085,1,0.0,0.0,0,16,0,1
2005001,2005,2102,4,44.658425,0.02,2,492,10000,0
2006000,2006,1086,1,0.0,0.0,0,9,0,1
2006001,2006,2102,4,70.0,0.02,2,492,10000,0
2007000,2007,1087,1,0.0,0.0,0,49,0,1
2007001,2007,2102,4,43.4,0.02,2,492,10000,0
2009000,2009,2084,4,0.0,0.0,0,3,0,1
2009001,2009,2170,1,-68.425,-0.02,1,492,10000,0
2010000,2010,2085,5,0.0,0.0,0,3,0,1
2010001,2010,2170,2,-58.45,-0.02,1,492,10000,0
2011000,2011,2086,0,0.0,0.0,0,14,0,1
2011001,2011,2170,1,1.233771,-0.02,1,492,10000,0
2011002,2011,2102,4,43.181985,-0.02,2,492,10000,0
2018000,2018,2093,1,0.0,0.0,0,6,0,1
2018001,2018,2102,4,70.0,0.02,2,492,10000,0
2019000,2019,2094,0,0.0,0.0,0,14,0,1
2019001,2019,2170,1,1.28,-0.02,1,492,10000,0
2019002,2019,2102,4,44.8,-0.02,2,492,10000,0
2021000,2021,2096,4,0.0,0.0,0,28,0,1
2021001,2021,2170,1,-67.9,-0.02,1,492,10000,0
2022000,2022,2097,0,0.0,0.0,0,41,0,1
2022001,2022,2170,1,1.218,-0.02,1,492,10000,0
2022002,2022,2102,4,42.63,-0.02,2,492,10000,0
2034000,2034,2109,2,0.0,0.0,0,13,0,1
2034001,2034,2102,5,70.0,0.02,2,492,10000,0
2040000,2040,2116,2,0.0,0.0,0,111,0,1
2040001,2040,2102,5,21.49,0.02,2,492,10000,0
2042000,2042,2118,5,0.0,0.0,0,21,0,1
2042001,2042,2170,2,-57.61,-0.02,1,492,10000,0
2049000,2049,2125,4,0.0,0.0,0,181,0,1
2049001,2049,2170,1,-33.926445,-0.02,1,492,10000,0
2066000,2066,2141,1,0.0,0.0,0,58,0,1
2066001,2066,2102,4,26.6,0.02,2,492,10000,0
2068000,2068,2143,1,0.0,0.0,0,25,0,1
2068001,2068,2102,4,28.0,0.02,2,492,10000,0
2069000,2069,2144,1,0.0,0.0,0,28,0,1
2069001,2069,2102,4,42.59458,0.02,2,492,10000,0
2096000,2096,2171,2,0.0,0.0,0,128,0,1
2096001,2096,2102,5,44.70606,0.02,2,492,10000,0
2105000,2105,2180,1,0.0,0.0,0,118,0,1
2105001,2105,2102,4,24.325,0.02,2,492,10000,0
2108000,2108,2183,4,0.0,0.0,0,88,0,1
2108001,2108,2170,1,-70.0,-0.02,1,492,10000,0
2119000,2119,2194,0,0.0,0.0,0,16,0,1
2119001,2119,2170,1,0.825085,-0.02,1,492,10000,0
2119002,2119,2102,4,28.877975,-0.02,2,492,10000,0
2121000,2121,2196,0,0.0,0.0,0,16,0,1
2121001,2121,2170,1,1.30181,-0.02,1,492,10000,0
2121002,2121,2102,4,45.56335,-0.02,2,492,10000,0
2131000,2131,2206,1,0.0,0.0,0,138,0,1
2131001,2131,2102,4,70.0,0.02,2,492,10000,0
2133000,2133,2209,5,0.0,0.0,0,6,0,1
2133001,2133,2170,2,-53.65997,-0.02,1,492,10000,0
2135000,2135,2211,4,0.0,0.0,0,55,0,1
2135001,2135,2170,1,-61.95,-0.02,1,492,10000,0
2142000,2142,2218,4,0.0,0.0,0,52,0,1
2142001,2142,2170,1,-51.66,-0.02,1,492,10000,0
2145000,2145,2221,4,0.0,0.0,0,14,0,1
2145001,2145,2170,1,-69.125,-0.02,1,492,10000,0
2146000,2146,2222,1,0.0,0.0,0,122,0,1
2146001,2146,2102,4,70.0,0.02,2,492,10000,0
2147000,2147,2223,5,0.0,0.0,0,98,0,1
2147001,2147,2170,2,-36.05,-0.02,1,492,10000,0
2148000,2148,2224,4,0.0,0.0,0,29,0,1
2148001,2148,2170,1,-68.25,-0.02,1,492,10000,0
2149000,2149,2225,0,0.0,0.0,0,41,0,1
2149001,2149,2170,1,1.013,-0.02,1,492,10000,0
2149002,2149,2102,4,35.455,-0.02,2,492,10000,0
2151000,2151,2227,3,0.0,0.0,0,52,0,1
2151001,2151,2102,6,39.89573,0.02,2,492,10000,0
2154000,2154,2230,1,0.0,0.0,0,6,0,1
2154001,2154,2102,4,70.0,0.02,2,492,10000,0
2158000,2158,2234,0,0.0,0.0,0,14,0,1
2158001,2158,2170,1,0.84,-0.02,1,492,10000,0
2158002,2158,2102,4,29.4,-0.02,2,492,10000,0
2162000,2162,2238,1,0.0,0.0,0,19,0,1
2162001,2162,2102,4,70.0,0.02,2,492,10000,0
2163000,2163,2239,0,0.0,0.0,0,16,0,1
2163001,2163,2170,1,1.382,-0.02,1,492,10000,0
2163002,2163,2102,4,48.37,-0.02,2,492,10000,0
2164000,2164,2240,5,0.0,0.0,0,21,0,1
2164001,2164,2170,2,-54.32,-0.02,1,492,10000,0
2168000,2168,2245,4,0.0,0.0,0,48,0,1
2168001,2168,2170,1,-53.75524,-0.02,1,492,10000,0
2171000,2171,2248,1,0.0,0.0,0,26,0,1
2171001,2171,2102,4,40.149725,0.02,2,492,10000,0
2173000,2173,2250,0,0.0,0.0,0,98,0,1
2173001,2173,2170,1,1.155,-0.02,1,492,10000,0
2173002,2173,2102,4,40.425,-0.02,2,492,10000,0
2175000,2175,2252,1,0.0,0.0,0,23,0,1
2175001,2175,2102,4,70.0,0.02,2,492,10000,0
2176000,2176,2253,4,0.0,0.0,0,21,0,1
2176001,2176,2170,1,-70.0,-0.02,1,492,10000,0
2177000,2177,2254,1,0.0,0.0,0,9,0,1
2177001,2177,2102,4,70.0,0.02,2,492,10000,0
2178000,2178,2255,4,0.0,0.0,0,3,0,1
2178001,2178,2170,1,-56.7,-0.02,1,492,10000,0
2179000,2179,2256,4,0.0,0.0,0,3,0,1
2179001,2179,2170,1,-46.025,-0.02,1,492,10000,0
2180000,2180,2257,4,0.0,0.0,0,3,0,1
2180001,2180,2170,1,-67.725,-0.02,1,492,10000,0
2181000,2181,2258,1,0.0,0.0,0,2,0,1
2181001,2181,2102,4,70.0,0.02,2,492,10000,0
2182000,2182,2259,4,0.0,0.0,0,3,0,1
2182001,2182,2170,1,-48.475,-0.02,1,492,10000,0
2183000,2183,2260,1,0.0,0.0,0,9,0,1
2183001,2183,2102,4,70.0,0.02,2,492,10000,0
2184000,2184,2261,2,0.0,0.0,0,13,0,1
2184001,2184,2102,5,48.825,0.02,2,492,10000,0
2185000,2185,2262,1,0.0,0.0,0,19,0,1
2185001,2185,2102,4,70.0,0.02,2,492,10000,0
2187000,2187,2264,4,0.0,0.0,0,14,0,1
2187001,2187,2170,1,-56.28,-0.02,1,492,10000,0
2188000,2188,2265,2,0.0,0.0,0,20,0,1
2188001,2188,2102,5,47.6,0.02,2,492,10000,0
2189000,2189,2266,2,0.0,0.0,0,27,0,1
2189001,2189,2102,5,49.98,0.02,2,492,10000,0
2209000,2209,2286,4,0.0,0.0,0,26,0,1
2209001,2209,2170,1,-42.35,-0.02,1,492,10000,0
2235000,2235,2312,1,0.0,0.0,0,19,0,1
2235001,2235,2102,4,70.0,0.02,2,492,10000,0
2258000,2258,2333,3,0.0,0.0,0,52,0,1
2258001,2258,2102,6,34.36363,0.02,2,492,10000,0
2262000,2262,2338,1,0.0,0.0,0,8,0,1
2262001,2262,2102,4,70.0,0.02,2,492,10000,0
2263000,2263,2340,1,0.0,0.0,0,11,0,1
2263001,2263,2102,4,70.0,0.02,2,492,10000,0
2267000,2267,2343,1,0.0,0.0,0,26,0,1
2267001,2267,2102,4,36.68,0.02,2,492,10000,0
2270000,2270,2346,1,0.0,0.0,0,31,0,1
2270001,2270,2102,4,40.075,0.02,2,492,10000,0
2289000,2289,2365,6,0.0,0.0,0,39,0,1
2289001,2289,2170,3,-57.26378,-0.02,1,492,10000,0
2290000,2290,2366,5,0.0,0.0,0,39,0,1
2290001,2290,2170,2,-58.613205,-0.02,1,492,10000,0
2293000,2293,2369,2,0.0,0.0,0,39,0,1
2293001,2293,2102,5,47.071535,0.02,2,492,10000,0
2297000,2297,2373,3,0.0,0.0,0,39,0,1
2297001,2297,2102,6,47.59545,0.02,2,492,10000,0
2352000,2352,2428,5,0.0,0.0,0,1,0,1
2352001,2352,2170,2,-60.37542,-0.02,1,492,10000,0
2357000,2357,2433,4,0.0,0.0,0,14,0,1
2357001,2357,2170,1,-54.705,-0.02,1,492,10000,0
2363000,2363,2439,2,0.0,0.0,0,14,0,1
2363001,2363,2102,5,70.0,0.02,2,492,10000,0
2371000,2371,2447,2,0.0,0.0,0,13,0,1
2371001,2371,2102,5,44.9442,0.02,2,492,10000,0
2372000,2372,2448,1,0.0,0.0,0,14,0,1
2372001,2372,2102,4,38.070025,0.02,2,492,10000,0
2397000,2397,2473,4,0.0,0.0,0,14,0,1
2397001,2397,2170,1,-70.0,-0.02,1,492,10000,0
2400000,2400,2476,1,0.0,0.0,0,14,0,1
2400001,2400,2102,4,70.0,0.02,2,492,10000,0
2412000,2412,2489,2,0.0,0.0,0,6,0,1
2412001,2412,2102,5,40.0,0.02,2,492,10000,0
2416000,2416,2493,3,0.0,0.0,0,139,0,1
2416001,2416,2102,6,19.6,0.02,2,492,10000,0
2417000,2417,2494,1,0.0,0.0,0,59,0,1
2417001,2417,2102,4,70.0,0.02,2,492,10000,0
2420000,2420,2497,1,0.0,0.0,0,32,0,1
2420001,2420,2102,4,34.65,0.02,2,492,10000,0
2421000,2421,2498,1,0.0,0.0,0,8,0,1
2421001,2421,2102,4,70.0,0.02,2,492,10000,0
2422000,2422,2499,1,0.0,0.0,0,138,0,1
2422001,2422,2102,4,70.0,0.02,2,492,10000,0
2423000,2423,2500,2,0.0,0.0,0,127,0,1
2423001,2423,2102,5,29.4,0.02,2,492,10000,0
2424000,2424,2501,2,0.0,0.0,0,28,0,1
2424001,2424,2102,5,70.0,0.02,2,492,10000,0
2427000,2427,2504,0,0.0,0.0,0,51,0,1
2427001,2427,2170,1,1.293,-0.02,1,492,10000,0
2427002,2427,2102,4,45.255,-0.02,2,492,10000,0
2430000,2430,2507,3,0.0,0.0,0,107,0,1
2430001,2430,2102,6,23.45,0.02,2,492,10000,0
2431000,2431,2508,4,0.0,0.0,0,6,0,1
2431001,2431,2170,1,-70.0,-0.02,1,492,10000,0
2437000,2437,2514,1,0.0,0.0,0,18,0,1
2437001,2437,2102,4,70.0,0.02,2,492,10000,0
2467000,2467,2545,2,0.0,0.0,0,13,0,1
2467001,2467,2102,5,70.0,0.02,2,492,10000,0
2468000,2468,2546,1,0.0,0.0,0,11,0,1
2468001,2468,2102,4,70.0,0.02,2,492,10000,0
2471000,2471,2549,1,0.0,0.0,0,137,0,1
2471001,2471,2102,4,70.0,0.02,2,492,10000,0
2472000,2472,2550,2,0.0,0.0,0,27,0,1
2472001,2472,2102,5,70.0,0.02,2,492,10000,0
2473000,2473,2551,5,0.0,0.0,0,3,0,1
2473001,2473,2170,2,-54.425,-0.02,1,492,10000,0
2474000,2474,2552,2,0.0,0.0,0,133,0,1
2474001,2474,2102,5,70.0,0.02,2,492,10000,0
2477000,2477,2555,1,0.0,0.0,0,6,0,1
2477001,2477,2102,4,70.0,0.02,2,492,10000,0
2479000,2479,2557,5,0.0,0.0,0,21,0,1
2479001,2479,2170,2,-58.835,-0.02,1,492,10000,0
2486000,2486,2564,2,0.0,0.0,0,66,0,1
2486001,2486,2102,5,32.9,0.02,2,492,10000,0
2492000,2492,2570,1,0.0,0.0,0,19,0,1
2492001,2492,2102,4,70.0,0.02,2,492,10000,0
2493000,2493,2571,1,0.0,0.0,0,2,0,1
2493001,2493,2102,4,70.0,0.02,2,492,10000,0
2494000,2494,2572,4,0.0,0.0,0,55,0,1
2494001,2494,2170,1,-70.0,-0.02,1,492,10000,0
2507000,2507,2585,1,0.0,0.0,0,9,0,1
2507001,2507,2102,4,70.0,0.02,2,492,10000,0
2510000,2510,2588,1,0.0,0.0,0,59,0,1
2510001,2510,2102,4,70.0,0.02,2,492,10000,0
2511000,2511,2589,4,0.0,0.0,0,88,0,1
2511001,2511,2170,1,-36.05378,-0.02,1,492,10000,0
2512000,2512,2590,1,0.0,0.0,0,31,0,1
2512001,2512,2102,4,47.075,0.02,2,492,10000,0
2515000,2515,2593,3,0.0,0.0,0,140,0,1
2515001,2515,2102,6,34.926605,0.02,2,492,10000,0
2517000,2517,2595,1,0.0,0.0,0,14,0,1
2517001,2517,2102,4,70.0,0.02,2,492,10000,0
2521000,2521,2599,6,0.0,0.0,0,141,0,1
2521001,2521,2170,3,-24.29,-0.02,1,492,10000,0
2526000,2526,2604,2,0.0,0.0,0,20,0,1
2527000,2527,2605,1,0.0,0.0,0,2,0,1
2527001,2527,2102,4,70.0,0.02,2,492,10000,0
2528000,2528,2606,3,0.0,0.0,0,39,0,1
2528001,2528,2102,6,49.7,0.02,2,492,10000,0
2529000,2529,2607,2,0.0,0.0,0,39,0,1
2529001,2529,2102,5,46.91281,0.02,2,492,10000,0
2534000,2534,2612,1,0.0,0.0,0,39,0,1
2534001,2534,2102,4,45.5,0.02,2,492,10000,0
2541000,2541,2619,2,0.0,0.0,0,24,0,1
2541001,2541,2102,5,33.39,0.02,2,492,10000,0
2544000,2544,2622,1,0.0,0.0,0,11,0,1
2544001,2544,2102,4,70.0,0.02,2,492,10000,0
2549000,2549,2627,2,0.0,0.0,0,39,0,1
2549001,2549,2102,5,32.450005,0.02,2,492,10000,0
2551000,2551,2629,1,0.0,0.0,0,14,0,1
2551001,2551,2102,4,70.0,0.02,2,492,10000,0
2552000,2552,2630,3,0.0,0.0,0,142,0,1
2552001,2552,2102,6,34.926605,0.02,2,492,10000,0
2558000,2558,2636,4,0.0,0.0,0,144,0,1
2558001,2558,2170,1,-57.390795,-0.02,1,492,10000,0
2559000,2559,2637,1,0.0,0.0,0,19,0,1
2559001,2559,2102,4,70.0,0.02,2,492,10000,0
2560000,2560,2638,4,0.0,0.0,0,55,0,1
2560001,2560,2170,1,-49.16716,-0.02,1,492,10000,0
2562000,2562,2640,1,0.0,0.0,0,64,0,1
2562001,2562,2102,4,19.050885,0.02,2,492,10000,0
2563000,2563,2641,1,0.0,0.0,0,146,0,1
2563001,2563,2102,4,15.940085,0.02,2,492,10000,0
2566000,2566,2644,4,0.0,0.0,0,49,0,1
2566001,2566,2170,1,-54.25,-0.02,1,492,10000,0
2568000,2568,2646,3,0.0,0.0,0,52,0,1
2568001,2568,2102,6,38.10177,0.02,2,492,10000,0
2569000,2569,2647,2,0.0,0.0,0,96,0,1
2569001,2569,2102,5,33.25,0.02,2,492,10000,0
2570000,2570,2648,1,0.0,0.0,0,19,0,1
2570001,2570,2102,4,70.0,0.02,2,492,10000,0
2571000,2571,2649,4,0.0,0.0,0,19,0,1
2571001,2571,2170,1,-63.741055,-0.02,1,492,10000,0
2574000,2574,2652,4,0.0,0.0,0,86,0,1
2574001,2574,2170,1,-70.0,-0.02,1,492,10000,0
2575000,2575,2653,1,0.0,0.0,0,148,0,1
2575001,2575,2102,4,35.0,0.02,2,492,10000,0
2577000,2577,2655,1,0.0,0.0,0,13,0,1
2577001,2577,2102,4,70.0,0.02,2,492,10000,0
2580000,2580,2658,1,0.0,0.0,0,14,0,1
2580001,2580,2102,4,70.0,0.02,2,492,10000,0
2585000,2585,2663,1,0.0,0.0,0,14,0,1
2585001,2585,2102,4,70.0,0.02,2,492,10000,0
2586000,2586,2664,4,0.0,0.0,0,53,0,1
2586001,2586,2170,1,-63.26481,-0.02,1,492,10000,0
2613000,2613,2691,4,0.0,0.0,0,80,0,1
2613001,2613,2170,1,-63.614075,-0.02,1,492,10000,0
2614000,2614,2692,1,0.0,0.0,0,14,0,1
2614001,2614,2102,4,70.0,0.02,2,492,10000,0
2616000,2616,2694,5,0.0,0.0,0,21,0,1
2616001,2616,2170,2,-58.625,-0.02,1,492,10000,0
2618000,2618,2696,4,0.0,0.0,0,31,0,1
2618001,2618,2170,1,-62.44,-0.02,1,492,10000,0
2624000,2624,2701,5,0.0,0.0,0,58,0,1
2624001,2624,2170,2,-69.825,-0.02,1,492,10000,0
2625000,2625,2702,4,0.0,0.0,0,4,0,1
2625001,2625,2170,1,-70.0,-0.02,1,492,10000,0
2628000,2628,2706,1,0.0,0.0,0,6,0,1
2628001,2628,2102,4,70.0,0.02,2,492,10000,0
2636000,2636,2714,2,0.0,0.0,0,49,0,1
2636001,2636,2102,5,70.0,0.02,2,492,10000,0
2647000,2647,2725,2,0.0,0.0,0,34,0,1
2647001,2647,2102,5,42.63,0.02,2,492,10000,0
2649000,2649,2727,1,0.0,0.0,0,14,0,1
2649001,2649,2102,4,70.0,0.02,2,492,10000,0
2654000,2654,2732,1,0.0,0.0,0,137,0,1
2654001,2654,2102,4,70.0,0.02,2,492,10000,0
2656000,2656,2734,4,0.0,0.0,0,49,0,1
2656001,2656,2170,1,-70.0,-0.02,1,492,10000,0
2659000,2659,2737,1,0.0,0.0,0,31,0,1
2659001,2659,2102,4,44.275,0.02,2,492,10000,0
2662000,2662,2740,4,0.0,0.0,0,31,0,1
2662001,2662,2170,1,-70.0,-0.02,1,492,10000,0
2663000,2663,2741,1,0.0,0.0,0,151,0,1
2663001,2663,2102,4,70.0,0.02,2,492,10000,0
2665000,2665,2743,4,0.0,0.0,0,4,0,1
2665001,2665,2170,1,-70.0,-0.02,1,492,10000,0
2708000,2708,2786,4,0.0,0.0,0,6,0,1
2708001,2708,2170,1,-70.0,-0.02,1,492,10000,0
2710000,2710,2788,1,0.0,0.0,0,14,0,1
2710001,2710,2102,4,70.0,0.02,2,492,10000,0
2711000,2711,2789,0,0.0,0.0,0,26,0,1
2711001,2711,2170,1,1.461021,-0.02,1,492,10000,0
2711002,2711,2102,4,70.0,-0.02,2,492,10000,0
2712000,2712,2790,4,0.0,0.0,0,30,0,1
2712001,2712,2170,1,-47.25,-0.02,1,492,10000,0
2713000,2713,2791,4,0.0,0.0,0,200,0,1
2713001,2713,2170,1,-70.0,-0.02,1,492,10000,0
2714000,2714,2792,4,0.0,0.0,0,200,0,1
2714001,2714,2170,1,-70.0,-0.02,1,492,10000,0
2728000,2728,2806,1,0.0,0.0,0,156,0,1
2728001,2728,2102,4,70.0,0.02,2,492,10000,0
2729000,2729,2807,1,0.0,0.0,0,156,0,1
2729001,2729,2102,4,70.0,0.02,2,492,10000,0
2730000,2730,2808,1,0.0,0.0,0,156,0,1
2730001,2730,2102,4,29.30662,0.02,2,492,10000,0
2732000,2732,2810,1,0.0,0.0,0,156,0,1
2732001,2732,2102,4,45.5,0.02,2,492,10000,0
2734000,2734,2812,4,0.0,0.0,0,156,0,1
2734001,2734,2170,1,-47.6,-0.02,1,492,10000,0
2736000,2736,2814,3,0.0,0.0,0,156,0,1
2736001,2736,2102,6,47.25,0.02,2,492,10000,0
2738000,2738,2816,1,0.0,0.0,0,31,0,1
2738001,2738,2102,4,70.0,0.02,2,492,10000,0
2739000,2739,2817,1,0.0,0.0,0,9,0,1
2739001,2739,2102,4,70.0,0.02,2,492,10000,0
2741000,2741,2819,4,0.0,0.0,0,39,0,1
2741001,2741,2170,1,-69.821465,-0.02,1,492,10000,0
2742000,2742,2820,4,0.0,0.0,0,88,0,1
2742001,2742,2170,1,-70.0,-0.02,1,492,10000,0
2743000,2743,2821,4,0.0,0.0,0,49,0,1
2743001,2743,2170,1,-70.0,-0.02,1,492,10000,0
2744000,2744,2822,4,0.0,0.0,0,31,0,1
2744001,2744,2170,1,-70.0,-0.02,1,492,10000,0
2750000,2750,2828,1,0.0,0.0,0,148,0,1
2750001,2750,2102,4,70.0,0.02,2,492,10000,0
2755000,2755,2833,3,0.0,0.0,0,39,0,1
2755001,2755,2102,6,70.0,0.02,2,492,10000,0
2773000,2773,2851,4,0.0,0.0,0,39,0,1
2773001,2773,2170,1,-70.0,-0.02,1,492,10000,0
2792000,2792,2870,2,0.0,0.0,0,14,0,1
2792001,2792,2102,5,42.578725,0.02,2,492,10000,0
2793000,2793,2871,2,0.0,0.0,0,13,0,1
2793001,2793,2102,5,36.05,0.02,2,492,10000,0
2825000,2825,2903,2,0.0,0.0,0,24,0,1
2825001,2825,2102,5,38.5,0.02,2,492,10000,0
2838000,2838,2916,4,0.0,0.0,0,123,0,1
2838001,2838,2170,1,-70.0,-0.02,1,492,10000,0
2839000,2839,2917,4,0.0,0.0,0,11,0,1
2839001,2839,2170,1,-70.0,-0.02,1,492,10000,0
2841000,2841,2919,4,0.0,0.0,0,88,0,1
2841001,2841,2170,1,-70.0,-0.02,1,492,10000,0
2844000,2844,2922,2,0.0,0.0,0,159,0,1
2844001,2844,2102,5,25.375,0.02,2,492,10000,0
2846000,2846,2924,2,0.0,0.0,0,27,0,1
2846001,2846,2102,5,49.665,0.02,2,492,10000,0
2847000,2847,2925,4,0.0,0.0,0,9,0,1
2847001,2847,2170,1,-70.0,-0.02,1,492,10000,0
2865000,2865,2943,4,0.0,0.0,0,25,0,1
2865001,2865,2170,1,-70.0,-0.02,1,492,10000,0
2870000,2870,2948,0,0.0,0.0,0,16,0,1
2870001,2870,2170,1,1.413848,-0.02,1,492,10000,0
2870002,2870,2102,4,49.48468,-0.02,2,492,10000,0
2871000,2871,2949,5,0.0,0.0,0,162,0,1
2871001,2871,2170,2,-26.2815,-0.02,1,492,10000,0
2872000,2872,2950,0,0.0,0.0,0,17,0,1
2872001,2872,2170,1,1.409,-0.02,1,492,10000,0
2872002,2872,2102,4,49.315,-0.02,2,492,10000,0
2894000,2894,2972,0,0.0,0.0,0,14,0,1
2894001,2894,2170,1,0.97,-0.02,1,492,10000,0
2894002,2894,2102,4,33.95,-0.02,2,492,10000,0
2902000,2902,2980,1,0.0,0.0,0,200,0,1
2902001,2902,2102,4,70.0,0.02,2,492,10000,0
2903000,2903,2981,4,0.0,0.0,0,48,0,1
2903001,2903,2170,1,-50.05,-0.02,1,492,10000,0
2905000,2905,2983,4,0.0,0.0,0,52,0,1
2905001,2905,2170,1,-50.995,-0.02,1,492,10000,0
2906000,2906,2984,0,0.0,0.0,0,52,0,1
2906001,2906,2170,1,1.270059,-0.02,1,492,10000,0
2906002,2906,2102,4,44.452065,-0.02,2,492,10000,0
2909000,2909,2987,1,0.0,0.0,0,11,0,1
2909001,2909,2102,4,70.0,0.02,2,492,10000,0
2910000,2910,2988,2,0.0,0.0,0,20,0,1
2910001,2910,2102,5,48.825,0.02,2,492,10000,0
2911000,2911,2989,1,0.0,0.0,0,165,0,1
2911001,2911,2102,4,28.004795,0.02,2,492,10000,0
2930000,2930,3008,1,0.0,0.0,0,14,0,1
2930001,2930,2102,4,33.25,0.02,2,492,10000,0
2935000,2935,3013,3,0.0,0.0,0,166,0,1
2935001,2935,2102,6,44.452065,0.02,2,492,10000,0
2937000,2937,3015,4,0.0,0.0,0,14,0,1
2937001,2937,2170,1,-43.594775,-0.02,1,492,10000,0
2941000,2941,3019,5,0.0,0.0,0,21,0,1
2941001,2941,2170,2,-32.375,-0.02,1,492,10000,0
2947000,2947,3025,5,0.0,0.0,0,28,0,1
2947001,2947,2170,2,-70.0,-0.02,1,492,10000,0
2948000,2948,3026,2,0.0,0.0,0,28,0,1
2948001,2948,2102,5,36.75,0.02,2,492,10000,0
2951000,2951,3029,1,0.0,0.0,0,31,0,1
2951001,2951,2102,4,43.75,0.02,2,492,10000,0
2964000,2964,3042,1,0.0,0.0,0,165,0,1
2964001,2964,2102,4,22.75,0.02,2,492,10000,0
2973000,2973,3051,2,0.0,0.0,0,179,0,1
2973001,2973,2102,5,38.605,0.02,2,492,10000,0
2974000,2974,3052,1,0.0,0.0,0,13,0,1
2974001,2974,2102,4,70.0,0.02,2,492,10000,0
2976000,2976,3054,1,0.0,0.0,0,4,0,1
2976001,2976,2102,4,70.0,0.02,2,492,10000,0
2979000,2979,3057,1,0.0,0.0,0,14,0,1
2979001,2979,2102,4,26.607735,0.02,2,492,10000,0
2980000,2980,3058,2,0.0,0.0,0,14,0,1
2980001,2980,2102,5,35.28,0.02,2,492,10000,0
2981000,2981,3059,0,0.0,0.0,0,14,0,1
2981001,2981,2170,1,0.977,-0.02,1,492,10000,0
2981002,2981,2102,4,34.195,-0.02,2,492,10000,0
2982000,2982,3061,4,0.0,0.0,0,156,0,1
2982001,2982,2170,1,-50.96,-0.02,1,492,10000,0
2984000,2984,3062,4,0.0,0.0,0,156,0,1
2984001,2984,2170,1,-42.7,-0.02,1,492,10000,0
2985000,2985,3063,4,0.0,0.0,0,55,0,1
2985001,2985,2170,1,-60.327785,-0.02,1,492,10000,0
2986000,2986,3064,5,0.0,0.0,0,28,0,1
2986001,2986,2170,2,-70.0,-0.02,1,492,10000,0
2987000,2987,3065,2,0.0,0.0,0,171,0,1
2987001,2987,2102,5,4.92149,0.02,2,492,10000,0
2988000,2988,3066,2,0.0,0.0,0,27,0,1
2988001,2988,2102,5,45.815,0.02,2,492,10000,0
2989000,2989,3067,1,0.0,0.0,0,173,0,1
2989001,2989,2102,4,70.0,0.02,2,492,10000,0
2992000,2992,3070,1,0.0,0.0,0,19,0,1
2992001,2992,2102,4,36.38719,0.02,2,492,10000,0
2993000,2993,3071,1,0.0,0.0,0,50,0,1
2993001,2993,2102,4,41.99132,0.02,2,492,10000,0
2995000,2995,3073,0,0.0,0.0,0,52,0,1
2995001,2995,2170,1,0.866,-0.02,1,492,10000,0
2995002,2995,2102,4,30.31,-0.02,2,492,10000,0
2996000,2996,3074,1,0.0,0.0,0,172,0,1
2996001,2996,2102,4,49.21476,0.02,2,492,10000,0
2997000,2997,3075,1,0.0,0.0,0,172,0,1
2997001,2997,2102,4,46.02374,0.02,2,492,10000,0
3000000,3000,3078,1,0.0,0.0,0,172,0,1
3000001,3000,2102,4,49.21476,0.02,2,492,10000,0
3003000,3003,3081,1,0.0,0.0,0,172,0,1
3003001,3003,2102,4,46.03963,0.02,2,492,10000,0
3005000,3005,3083,2,0.0,0.0,0,171,0,1
3005001,3005,2102,5,5.60413,0.02,2,492,10000,0
3006000,3006,3084,4,0.0,0.0,0,156,0,1
3006001,3006,2170,1,-47.6,-0.02,1,492,10000,0
3007000,3007,3085,4,0.0,0.0,0,52,0,1
3007001,3007,2170,1,-42.35,-0.02,1,492,10000,0
3026000,3026,3104,1,0.0,0.0,0,28,0,1
3026001,3026,2102,4,70.0,0.02,2,492,10000,0
3031000,3031,3109,6,0.0,0.0,0,39,0,1
3031001,3031,2170,3,-52.745,-0.02,1,492,10000,0
3036000,3036,3114,3,0.0,0.0,0,39,0,1
3036001,3036,2102,6,30.66,0.02,2,492,10000,0
3037000,3037,3115,1,0.0,0.0,0,172,0,1
3037001,3037,2102,4,44.452065,0.02,2,492,10000,0
3046000,3046,3124,1,0.0,0.0,0,14,0,1
3046001,3046,2102,4,70.0,0.02,2,492,10000,0
3051000,3051,3129,4,0.0,0.0,0,14,0,1
3051001,3051,2170,1,-44.45,-0.02,1,492,10000,0
3055000,3055,3133,5,0.0,0.0,0,19,0,1
3055001,3055,2170,2,-59.53402,-0.02,1,492,10000,0
3063000,3063,3140,4,0.0,0.0,0,28,0,1
3063001,3063,2170,1,-70.0,-0.02,1,492,10000,0
3064000,3064,3141,4,0.0,0.0,0,137,0,1
3064001,3064,2170,1,-70.0,-0.02,1,492,10000,0
3069000,3069,3146,4,0.0,0.0,0,16,0,1
3069001,3069,2170,1,-43.594775,-0.02,1,492,10000,0
3071000,3071,3148,4,0.0,0.0,0,6,0,1
3071001,3071,2170,1,-69.376965,-0.02,1,492,10000,0
3072000,3072,3149,3,0.0,0.0,0,39,0,1
3072001,3072,2102,6,70.0,0.02,2,492,10000,0
3074000,3074,3151,4,0.0,0.0,0,39,0,1
3074001,3074,2170,1,-67.9,-0.02,1,492,10000,0
3082000,3082,3159,2,0.0,0.0,0,25,0,1
3082001,3082,2102,5,42.007175,0.02,2,492,10000,0
3088000,3088,3166,1,0.0,0.0,0,206,0,1
3088001,3088,2102,4,70.0,0.02,2,492,10000,0
3089000,3089,3167,1,0.0,0.0,0,161,0,1
3089001,3089,2102,4,24.948455,0.02,2,492,10000,0
3091000,3091,3169,1,0.0,0.0,0,2,0,1
3091001,3091,2102,4,70.0,0.02,2,492,10000,0
3093000,3093,3171,1,0.0,0.0,0,14,0,1
3093001,3093,2102,4,49.21476,0.02,2,492,10000,0
3107000,3107,3185,4,0.0,0.0,0,28,0,1
3108000,3108,3186,1,0.0,0.0,0,14,0,1
3108001,3108,2102,4,70.0,0.02,2,492,10000,0
3109000,3109,3187,1,0.0,0.0,0,206,0,1
3109001,3109,2102,4,70.0,0.02,2,492,10000,0
3110000,3110,3188,4,0.0,0.0,0,206,0,1
3110001,3110,2170,1,-70.0,-0.02,1,492,10000,0
3115000,3115,3193,4,0.0,0.0,0,156,0,1
3115001,3115,2170,1,-39.55,-0.02,1,492,10000,0
3117000,3117,3195,2,0.0,0.0,0,39,0,1
3117001,3117,2102,5,49.77,0.02,2,492,10000,0
3118000,3118,3196,1,0.0,0.0,0,9,0,1
3118001,3118,2102,4,70.0,0.02,2,492,10000,0
3119000,3119,3197,5,0.0,0.0,0,156,0,1
3119001,3119,2170,2,-39.594065,-0.02,1,492,10000,0
3120000,3120,3198,4,0.0,0.0,0,21,0,1
3120001,3120,2170,1,-70.0,-0.02,1,492,10000,0
3122000,3122,3200,4,0.0,0.0,0,13,0,1
3122001,3122,2170,1,-67.2,-0.02,1,492,10000,0
3123000,3123,3201,3,0.0,0.0,0,39,0,1
3123001,3123,2102,6,70.0,0.02,2,492,10000,0
3126000,3126,3204,1,0.0,0.0,0,14,0,1
3126001,3126,2102,4,70.0,0.02,2,492,10000,0
3128000,3128,3206,4,0.0,0.0,0,14,0,1
3128001,3128,2170,1,-70.0,-0.02,1,492,10000,0
3129000,3129,3207,0,0.0,0.0,0,41,0,1
3129001,3129,2170,1,1.23,-0.02,1,492,10000,0
3129002,3129,2102,4,43.05,-0.02,2,492,10000,0
3131000,3131,3209,4,0.0,0.0,0,29,0,1
3131001,3131,2170,1,-57.994055,-0.02,1,492,10000,0
3132000,3132,3210,2,0.0,0.0,0,29,0,1
3132001,3132,2102,5,70.0,0.02,2,492,10000,0
3134000,3134,3212,0,0.0,0.0,0,41,0,1
3134001,3134,2170,1,1.43,-0.02,1,492,10000,0
3134002,3134,2102,4,70.0,-0.02,2,492,10000,0
3136000,3136,3214,4,0.0,0.0,0,55,0,1
3136001,3136,2170,1,-70.0,-0.02,1,492,10000,0
3140000,3140,3218,5,0.0,0.0,0,183,0,1
3141000,3141,3219,2,0.0,0.0,0,184,0,1
3141001,3141,2102,5,43.75,0.02,2,492,10000,0
3149000,3149,3227,1,0.0,0.0,0,9,0,1
3149001,3149,2102,4,70.0,0.02,2,492,10000,0
3151000,3151,3229,1,0.0,0.0,0,14,0,1
3151001,3151,2102,4,49.21476,0.02,2,492,10000,0
3153000,3153,3231,2,0.0,0.0,0,27,0,1
3153001,3153,2102,5,47.46,0.02,2,492,10000,0
3154000,3154,3232,2,0.0,0.0,0,27,0,1
3154001,3154,2102,5,70.0,0.02,2,492,10000,0
3156000,3156,3234,2,0.0,0.0,0,27,0,1
3156001,3156,2102,5,70.0,0.02,2,492,10000,0
3164000,3164,3242,4,0.0,0.0,0,19,0,1
3167000,3167,3245,2,0.0,0.0,0,14,0,1
3167001,3167,2102,5,26.67,0.02,2,492,10000,0
3168000,3168,3246,5,0.0,0.0,0,58,0,1
3168001,3168,2170,2,-68.6,-0.02,1,492,10000,0
3170000,3170,3248,2,0.0,0.0,0,14,0,1
3170001,3170,2102,5,31.15,0.02,2,492,10000,0
3173000,3173,3251,1,0.0,0.0,0,6,0,1
3173001,3173,2102,4,70.0,0.02,2,492,10000,0
3174000,3174,3252,4,0.0,0.0,0,14,0,1
3174001,3174,2170,1,-70.0,-0.02,1,492,10000,0
3176000,3176,3254,1,0.0,0.0,0,28,0,1
3176001,3176,2102,4,70.0,0.02,2,492,10000,0
3180000,3180,3258,0,0.0,0.0,0,36,0,1
3180001,3180,2170,1,0.79,-0.02,1,492,10000,0
3180002,3180,2102,4,27.65,-0.02,2,492,10000,0
3183000,3183,3261,1,0.0,0.0,0,14,0,1
3183001,3183,2102,4,33.6,0.02,2,492,10000,0
3184000,3184,3262,1,0.0,0.0,0,14,0,1
3184001,3184,2102,4,34.3,0.02,2,492,10000,0
3185000,3185,3263,1,0.0,0.0,0,2,0,1
3185001,3185,2102,4,70.0,0.02,2,492,10000,0
3187000,3187,3265,4,0.0,0.0,0,39,0,1
3187001,3187,2170,1,-70.0,-0.02,1,492,10000,0
3188000,3188,3266,3,0.0,0.0,0,39,0,1
3188001,3188,2102,6,45.08707,0.02,2,492,10000,0
3189000,3189,3267,4,0.0,0.0,0,102,0,1
3191000,3191,3269,1,0.0,0.0,0,21,0,1
3191001,3191,2102,4,70.0,0.02,2,492,10000,0
3194000,3194,3272,5,0.0,0.0,0,185,0,1
3194001,3194,2170,2,-53.375,-0.02,1,492,10000,0
3196000,3196,3274,5,0.0,0.0,0,187,0,1
3206000,3206,3284,1,0.0,0.0,0,79,0,1
3206001,3206,2102,4,70.0,0.02,2,492,10000,0
3211000,3211,3289,1,0.0,0.0,0,2,0,1
3211001,3211,2102,4,47.6,0.02,2,492,10000,0
3212000,3212,3290,2,0.0,0.0,0,133,0,1
3212001,3212,2102,5,70.0,0.02,2,492,10000,0
3217000,3217,3295,5,0.0,0.0,0,21,0,1
3217001,3217,2170,2,-52.92,-0.02,1,492,10000,0
3225000,3225,3303,1,0.0,0.0,0,13,0,1
3225001,3225,2102,4,70.0,0.02,2,492,10000,0
3226000,3226,3304,2,0.0,0.0,0,13,0,1
3226001,3226,2102,5,70.0,0.02,2,492,10000,0
3227000,3227,3305,2,0.0,0.0,0,13,0,1
3227001,3227,2102,5,48.475,0.02,2,492,10000,0
3228000,3228,3306,0,0.0,0.0,0,14,0,1
3228001,3228,2170,1,1.174,-0.02,1,492,10000,0
3228002,3228,2102,4,41.09,-0.02,2,492,10000,0
3232000,3232,3310,1,0.0,0.0,0,172,0,1
3232001,3232,2102,4,47.627195,0.02,2,492,10000,0
3247000,3247,3325,1,0.0,0.0,0,172,0,1
3247001,3247,2102,4,45.49664,0.02,2,492,10000,0
3249000,3249,3327,1,0.0,0.0,0,172,0,1
3249001,3249,2102,4,70.0,0.02,2,492,10000,0
3250000,3250,3328,4,0.0,0.0,0,137,0,1
3250001,3250,2170,1,-70.0,-0.02,1,492,10000,0
3255000,3255,3333,4,0.0,0.0,0,88,0,1
3255001,3255,2170,1,-70.0,-0.02,1,492,10000,0
3257000,3257,3335,4,0.0,0.0,0,31,0,1
3257001,3257,2170,1,-43.4,-0.02,1,492,10000,0
3261000,3261,3339,0,0.0,0.0,0,41,0,1
3261001,3261,2170,1,0.594,-0.02,1,492,10000,0
3261002,3261,2102,4,20.79,-0.02,2,492,10000,0
3271000,3271,3349,1,0.0,0.0,0,98,0,1
3271001,3271,2102,4,70.0,0.02,2,492,10000,0
3276000,3276,3354,2,0.0,0.0,0,43,0,1
3276001,3276,2102,5,42.63,0.02,2,492,10000,0
3277000,3277,3355,1,0.0,0.0,0,14,0,1
3277001,3277,2102,4,70.0,0.02,2,492,10000,0
3279000,3279,3357,4,0.0,0.0,0,1001,0,1
3279001,3279,2170,1,-70.0,-0.02,1,492,10000,0
3286000,3286,3364,4,0.0,0.0,0,3,0,1
3286001,3286,2170,1,-52.48516,-0.02,1,492,10000,0
3287000,3287,3365,2,0.0,0.0,0,19,0,1
3287001,3287,2102,5,36.75,0.02,2,492,10000,0
3289000,3289,3367,5,0.0,0.0,0,21,0,1
3289001,3289,2170,2,-57.26,-0.02,1,492,10000,0
3293000,3293,3371,2,0.0,0.0,0,19,0,1
3293001,3293,2102,5,37.76836,0.02,2,492,10000,0
3311000,3311,3389,2,0.0,0.0,0,13,0,1
3311001,3311,2102,5,44.45196,0.02,2,492,10000,0
3312000,3312,3390,1,0.0,0.0,0,13,0,1
3312001,3312,2102,4,70.0,0.02,2,492,10000,0
3315000,3315,3393,2,0.0,0.0,0,20,0,1
3315001,3315,2102,5,49.7,0.02,2,492,10000,0
3364000,3364,3442,5,0.0,0.0,0,2,0,1
3364001,3364,2170,2,-49.175,-0.02,1,492,10000,0
3366000,3366,3444,5,0.0,0.0,0,201,0,1
3369000,3369,3447,2,0.0,0.0,0,9,0,1
3369001,3369,2102,5,70.0,0.02,2,492,10000,0
3370000,3370,3448,4,0.0,0.0,0,156,0,1
3370001,3370,2170,1,-44.79692,-0.02,1,492,10000,0
3371000,3371,3449,5,0.0,0.0,0,21,0,1
3371001,3371,2170,2,-54.32,-0.02,1,492,10000,0
3395000,3395,3473,3,0.0,0.0,0,41,0,1
3395001,3395,2102,6,29.925,0.02,2,492,10000,0
3400000,3400,3478,1,0.0,0.0,0,172,0,1
3400001,3400,2102,4,44.8315,0.02,2,492,10000,0
3402000,3402,3480,1,0.0,0.0,0,49,0,1
3402001,3402,2102,4,70.0,0.02,2,492,10000,0
3404000,3404,3482,4,0.0,0.0,0,14,0,1
3404001,3404,2170,1,-70.0,-0.02,1,492,10000,0
3411000,3411,3489,1,0.0,0.0,0,172,0,1
3411001,3411,2102,4,45.229975,0.02,2,492,10000,0
3412000,3412,3490,4,0.0,0.0,0,48,0,1
3412001,3412,2170,1,-55.32695,-0.02,1,492,10000,0
3413000,3413,3491,4,0.0,0.0,0,52,0,1
3413001,3413,2170,1,-52.395,-0.02,1,492,10000,0
3414000,3414,3492,4,0.0,0.0,0,55,0,1
3414001,3414,2170,1,-70.0,-0.02,1,492,10000,0
3415000,3415,3493,2,0.0,0.0,0,19,0,1
3415001,3415,2102,5,40.6,0.02,2,492,10000,0
3437000,3437,3515,2,0.0,0.0,0,27,0,1
3437001,3437,2102,5,70.0,0.02,2,492,10000,0
3441000,3441,3519,1,0.0,0.0,0,206,0,1
3441001,3441,2102,4,70.0,0.02,2,492,10000,0
3445000,3445,3523,6,0.0,0.0,0,39,0,1
3446000,3446,3524,1,0.0,0.0,0,172,0,1
3446001,3446,2102,4,46.654615,0.02,2,492,10000,0
3449000,3449,3527,5,0.0,0.0,0,24,0,1
3476000,3476,3554,4,0.0,0.0,0,14,0,1
3476001,3476,2170,1,-70.0,-0.02,1,492,10000,0
3483000,3483,3561,4,0.0,0.0,0,9,0,1
3483001,3483,2170,1,-70.0,-0.02,1,492,10000,0
3484000,3484,3562,4,0.0,0.0,0,14,0,1
3484001,3484,2170,1,-56.28,-0.02,1,492,10000,0
3485000,3485,3563,4,0.0,0.0,0,14,0,1
3485001,3485,2170,1,-70.0,-0.02,1,492,10000,0
3486000,3486,3564,4,0.0,0.0,0,88,0,1
3486001,3486,2170,1,-65.59854,-0.02,1,492,10000,0
3487000,3487,3565,4,0.0,0.0,0,28,0,1
3487001,3487,2170,1,-70.0,-0.02,1,492,10000,0
3488000,3488,3566,3,0.0,0.0,0,52,0,1
3488001,3488,2102,6,27.941305,0.02,2,492,10000,0
3489000,3489,3567,4,0.0,0.0,0,14,0,1
3489001,3489,2170,1,-70.0,-0.02,1,492,10000,0
3514000,3514,3592,5,0.0,0.0,0,148,0,1
3514001,3514,2170,2,-70.0,-0.02,1,492,10000,0
3523000,3523,3601,1,0.0,0.0,0,172,0,1
3523001,3523,2102,4,70.0,0.02,2,492,10000,0
3524000,3524,3602,1,0.0,0.0,0,172,0,1
3524001,3524,2102,4,70.0,0.02,2,492,10000,0
3528000,3528,3606,1,0.0,0.0,0,212,0,1
3528001,3528,2102,4,70.0,0.02,2,492,10000,0
3529000,3529,3607,1,0.0,0.0,0,212,0,1
3529001,3529,2102,4,38.974915,0.02,2,492,10000,0
3540000,3540,3618,2,0.0,0.0,0,213,0,1
3540001,3540,2102,5,14.685055,0.02,2,492,10000,0
3548000,3548,3626,1,0.0,0.0,0,215,0,1
3548001,3548,2102,4,44.275,0.02,2,492,10000,0
3551000,3551,3629,1,0.0,0.0,0,172,0,1
3551001,3551,2102,4,45.22406,0.02,2,492,10000,0
3556000,3556,3634,4,0.0,0.0,0,6,0,1
3556001,3556,2170,1,-43.75,-0.02,1,492,10000,0
3559000,3559,3637,1,0.0,0.0,0,9,0,1
3559001,3559,2102,4,35.0,0.02,2,492,10000,0
3561000,3561,3656,1,0.0,0.0,0,11,0,1
3561001,3561,2102,4,70.0,0.02,2,492,10000,0
3562000,3562,3639,4,0.0,0.0,0,161,0,1
3562001,3562,2170,1,-23.8,-0.02,1,492,10000,0
3564000,3564,3641,4,0.0,0.0,0,14,0,1
3564001,3564,2170,1,-34.825,-0.02,1,492,10000,0
3568000,3568,3645,1,0.0,0.0,0,25,0,1
3568001,3568,2102,4,49.0,0.02,2,492,10000,0
3570000,3570,3647,3,0.0,0.0,0,139,0,1
3570001,3570,2102,6,17.5,0.02,2,492,10000,0
3572000,3572,3649,2,0.0,0.0,0,34,0,1
3572001,3572,2102,5,38.5,0.02,2,492,10000,0
3573000,3573,3650,1,0.0,0.0,0,38,0,1
3573001,3573,2102,4,70.0,0.02,2,492,10000,0
3574000,3574,3651,6,0.0,0.0,0,39,0,1
3574001,3574,2170,3,-45.15,-0.02,1,492,10000,0
3577000,3577,3654,3,0.0,0.0,0,52,0,1
3577001,3577,2102,6,24.5,0.02,2,492,10000,0
3634000,3634,3710,4,0.0,0.0,0,200,0,1
3634001,3634,2170,1,-70.0,-0.02,1,492,10000,0
3636000,3636,3712,3,0.0,0.0,0,52,0,1
3636001,3636,2102,6,27.941305,0.02,2,492,10000,0
3639000,3639,3715,5,0.0,0.0,0,98,0,1
3639001,3639,2170,2,-34.3,-0.02,1,492,10000,0
3640000,3640,3716,4,0.0,0.0,0,14,0,1
3640001,3640,2170,1,-54.705,-0.02,1,492,10000,0
3650000,3650,3726,5,0.0,0.0,0,137,0,1
3650001,3650,2170,2,-59.325,-0.02,1,492,10000,0
3664000,3664,3740,3,0.0,0.0,0,52,0,1
3664001,3664,2102,6,27.941305,0.02,2,492,10000,0
3681000,3681,3757,1,0.0,0.0,0,49,0,1
3681001,3681,2102,4,70.0,0.02,2,492,10000,0
3682000,3682,3758,2,0.0,0.0,0,184,0,1
3682001,3682,2102,5,39.375,0.02,2,492,10000,0
3683000,3683,3759,4,0.0,0.0,0,30,0,1
3683001,3683,2170,1,-53.9,-0.02,1,492,10000,0
3684000,3684,3760,4,0.0,0.0,0,14,0,1
3684001,3684,2170,1,-70.0,-0.02,1,492,10000,0
3685000,3685,3761,6,0.0,0.0,0,39,0,1
3699000,3699,3775,2,0.0,0.0,0,14,0,1
3699001,3699,2102,5,70.0,0.02,2,492,10000,0
9000000,9000,9000,5,0.0,0.0,0,36,0,1
9000001,9000,2170,2,-40.075,-0.02,1,492,10000,0
9003000,9003,9003,5,0.0,0.0,0,137,0,1
9003001,9003,2170,2,-59.325,-0.02,1,492,10000,0