Id,CarBodyID,Level,IsStock,Sequence,ManufacturerId,PartsStringId,MassDiff,DragScale,WindInstabilityScale,Price,AeroPhysicsID,RequiresGraphics,releaseOrder
247000,247000,0,1,1,1,1,0.0,1.0,1.0,0,1,1,0
247001,247000,3,0,2,492,27,2.0,0.99,0.9,5000,250402,1,0
247002,247000,4,0,3,255,27,-2.0,1.0,1.0,1000,20,0,0
249000,249000,0,1,1,1,1,0.0,1.0,1.0,0,1,1,0
249001,249000,3,0,2,492,27,2.0,0.99,0.9,5000,252402,1,0
251000,251000,0,1,1,1,1,0.0,1.0,1.0,0,1,1,0
251001,251000,3,0,2,492,27,2.0,0.99,0.9,5000,254402,1,0
251002,251000,4,0,3,25,26,-2.0,1.0,1.0,1000,20,0,0
253000,253000,0,1,1,1,1,0.0,1.0,1.0,0,1,1,0
253001,253000,3,0,2,492,27,2.0,0.99,0.9,5000,256402,1,0
257000,257000,0,1,1,1,1,0.0,1.0,1.0,0,1,1,0
257001,257000,3,0,2,492,27,2.0,0.99,0.9,5000,260402,1,0
260000,260000,0,1,1,1,1,0.0,1.0,1.0,0,1,1,0
260001,260000,1,0,2,492,3,10.0,0.995,0.99,1000,2,1,0
260002,260000,1,0,3,492,3,13.0,0.995,0.99,1000,2,1,0
260003,260000,3,0,4,492,27,2.0,0.99,0.9,5000,263404,1,0
260004,260001,3,1,5,680,27,0.0,0.99,0.9,0,263404,1,0
261000,261000,0,1,1,1,1,0.0,1.0,1.0,0,264401,1,0
261001,261000,3,0,2,492,2,2.0,0.99,0.9,5000,264402,1,0
261102,261001,3,1,3,492,27,2.0,0.95,0.9,0,264402,1,0
262000,262000,0,1,1,1,1,0.0,1.0,1.0,0,1,1,0
262001,262000,3,0,2,492,27,2.0,0.99,0.9,5000,265402,1,0
265000,265000,0,1,1,1,1,0.0,1.0,1.0,0,1,1,0
265001,265000,1,0,2,238,3,1.0,0.995,0.99,1000,2,1,0
265002,265000,1,0,3,238,5,1.0,0.995,0.99,1000,2,1,0
265003,265000,3,0,4,492,5,2.0,0.99,0.9,5000,268404,1,0
265004,265001,3,1,5,680,5,0.0,0.99,0.9,0,268404,1,0
266000,266000,0,1,1,1,1,0.0,1.0,1.0,0,1,1,0
266001,266000,3,0,2,492,27,2.0,0.99,0.9,5000,269402,1,0
268000,268000,0,1,1,1,1,0.0,1.0,1.0,0,1,1,0
268001,268000,3,0,2,492,27,2.0,0.99,0.9,5000,271402,1,0
269000,269000,0,1,1,1,1,0.0,1.0,1.0,0,1,1,0
269001,269000,3,0,2,492,27,2.0,0.99,0.9,5000,272402,1,0
289000,289000,0,1,1,1,1,0.0,1.0,1.0,0,1,1,0
289001,289000,3,0,2,492,27,2.0,0.99,0.9,5000,292402,1,0
291000,291000,0,1,1,1,1,0.0,1.0,1.0,0,1,1,0
291001,291000,3,0,2,492,27,2.0,0.99,0.9,5000,294402,1,0
292000,292000,0,1,1,1,1,0.0,1.0,1.0,0,295401,1,0
292001,292000,3,0,2,492,27,2.0,0.99,0.9,5000,295402,1,0
294000,294000,0,1,1,1,1,0.0,1.0,1.0,0,1,1,0
294001,294000,3,0,2,492,27,2.0,0.99,0.9,5000,297402,1,0
295000,295000,0,1,1,1,1,0.0,1.0,1.0,0,1,1,0
295001,295000,1,0,2,255,8,1.0,0.995,0.99,1000,2,1,0
295002,295000,1,0,3,47,2,1.0,0.995,0.99,1000,2,1,0
295003,295000,1,0,4,90,5,1.0,0.995,0.99,1000,2,1,0
295004,295000,1,0,5,63,4,1.0,0.995,0.99,1000,2,1,0
295005,295000,1,0,6,82,6,1.0,0.995,0.99,1000,2,1,0
295006,295000,3,0,7,492,27,2.0,0.99,0.9,5000,298407,1,0
296000,296000,0,1,1,1,1,0.0,1.0,1.0,0,1,1,0
296001,296000,3,0,2,492,27,2.0,0.99,0.9,5000,299402,1,0
297000,297000,0,1,1,1,1,0.0,1.0,1.0,0,1,1,0
297001,297000,3,0,2,492,27,2.0,0.99,0.9,5000,300402,1,0
299000,299000,0,1,1,1,1,0.0,1.0,1.0,0,1,1,0
299001,299000,3,0,2,492,27,2.0,0.99,0.9,5000,302402,1,0
302000,302000,0,1,1,1,1,0.0,1.0,1.0,0,1,1,0
302001,302000,1,0,2,47,6,1.0,0.995,0.99,1000,2,1,0
302002,302000,1,0,3,55,2,1.0,0.995,0.99,1000,2,1,0
302003,302000,3,0,4,492,27,2.0,0.99,0.9,5000,305404,1,0
306000,306000,0,1,1,1,1,0.0,1.0,1.0,0,1,1,0
306001,306000,3,0,2,492,27,2.0,0.99,0.9,5000,309402,1,0
309000,309000,0,1,1,1,1,0.0,1.0,1.0,0,1,1,0
309001,309000,1,0,2,27,5,1.0,0.995,0.99,1000,2,1,0
309002,309000,1,0,3,57,2,1.0,0.995,0.99,1000,2,1,0
309003,309000,3,0,4,492,27,2.0,0.99,0.9,5000,312404,1,0
312000,312000,0,1,1,1,1,0.0,1.0,1.0,0,1,1,0
312001,312000,3,0,2,492,27,2.0,0.99,0.9,5000,315402,1,0
312002,312000,4,0,3,35,26,-2.0,1.0,1.0,1000,20,0,0
314000,314000,0,1,1,1,1,0.0,1.0,1.0,0,1,1,0
314001,314000,3,0,2,492,27,2.0,0.99,0.9,5000,317402,1,0
315000,315000,0,1,1,1,1,0.0,1.0,1.0,0,1,1,0
315001,315000,3,0,2,492,27,2.0,0.99,0.9,5000,318402,1,0
316000,316000,0,1,1,1,1,0.0,1.0,1.0,0,1,1,0
316001,316000,3,0,2,492,27,2.0,0.99,0.9,5000,319402,1,0
320000,320000,0,1,1,1,1,0.0,1.0,1.0,0,1,1,0
320001,320000,1,0,2,47,6,1.0,0.995,0.99,1000,2,1,0
320002,320000,1,0,3,55,4,1.0,0.995,0.99,1000,2,1,0
320003,320000,3,0,4,492,27,2.0,0.99,0.9,5000,323404,1,0
324000,324000,3,1,1,1,1,0.0,0.99,0.9,0,327401,1,0
325000,325000,0,1,1,1,1,0.0,1.0,1.0,0,1,1,0
325001,325000,3,0,2,492,27,2.0,0.99,0.9,5000,328402,1,0
326000,326000,0,1,1,1,1,0.0,1.0,1.0,0,1,1,0
326001,326000,3,0,2,492,27,2.0,0.99,0.9,5000,329402,1,0
326002,326000,4,0,3,142,26,-2.0,1.0,1.0,1000,20,0,0
327000,327000,0,1,1,1,1,0.0,1.0,1.0,0,1,1,0
327001,327000,1,0,2,47,5,1.0,0.995,0.99,1000,2,1,0
327002,327000,1,0,3,13,6,1.0,0.995,0.99,1000,2,1,0
327003,327000,1,0,4,86,3,1.0,0.995,0.99,1000,2,1,0
327004,327000,1,0,5,86,4,1.0,0.995,0.99,1000,2,1,0
327005,327000,3,0,6,492,27,2.0,0.99,0.9,5000,330406,1,0
330000,330000,0,1,1,1,1,0.0,1.0,1.0,0,1,1,0
330001,330000,3,0,2,492,27,2.0,0.99,0.9,5000,333402,1,0
333000,333000,0,1,1,1,1,0.0,1.0,1.0,0,336401,1,0
333001,333000,3,0,2,492,27,2.0,0.99,0.9,5000,336402,1,0
336000,336000,0,1,1,1,1,0.0,1.0,1.0,0,1,1,0
336001,336000,1,0,2,220,0,1.0,0.995,0.99,1000,2,1,0
336002,336000,3,0,3,492,27,2.0,0.99,0.9,5000,339403,1,0
336003,336000,4,0,4,220,26,-2.0,1.0,1.0,1000,20,0,0
338000,338000,0,1,1,1,1,0.0,1.0,1.0,0,341401,1,0
338001,338000,3,0,2,492,27,2.0,0.99,0.9,5000,341402,1,0
340000,340000,0,1,1,1,1,0.0,1.0,1.0,0,1,1,0
340001,340000,3,0,2,492,27,2.0,0.99,0.9,5000,343402,1,0
342000,342000,0,1,1,1,1,0.0,1.0,1.0,0,1,1,0
342001,342000,3,0,2,492,27,2.0,0.99,0.9,5000,345402,1,0
343000,343000,0,1,1,1,1,0.0,1.0,1.0,0,1,1,0
343001,343000,1,0,2,206,0,1.0,0.995,0.99,1000,2,1,0
343002,343000,1,0,3,206,0,1.0,0.995,0.99,1000,2,1,0
343003,343000,1,0,4,47,0,1.0,0.995,0.99,1000,2,1,0
343004,343000,3,0,5,492,27,2.0,0.99,0.9,5000,346405,1,0
343005,343000,4,0,6,206,26,-2.0,1.0,1.0,1000,20,0,0
343100,343001,0,1,1,1,1,0.0,1.0,1.0,0,1,1,0
343101,343001,1,0,2,206,0,1.0,0.995,0.99,1000,2,1,0
343102,343001,1,0,3,206,0,1.0,0.995,0.99,1000,2,1,0
343103,343001,1,0,4,47,0,1.0,0.995,0.99,1000,2,1,0
343104,343001,3,0,5,492,27,2.0,0.99,0.9,5000,346405,1,0
343105,343001,4,0,6,206,26,-2.0,1.0,1.0,1000,20,0,0
344000,344000,0,1,1,1,1,0.0,1.0,1.0,0,1,1,0
344001,344000,2,0,2,56,27,2.0,0.992,0.95,2500,3,1,0
344002,344000,3,0,3,492,27,2.0,0.99,0.9,5000,347404,1,0
345000,345000,0,1,1,1,1,0.0,1.0,1.0,0,1,1,0
345001,345000,1,0,2,28,3,1.0,0.995,0.99,1000,2,1,0
345002,345000,1,0,3,90,4,1.0,0.995,0.99,1000,2,1,0
345003,345000,1,0,4,73,2,1.0,0.995,0.99,1000,2,1,0
345004,345000,3,0,5,492,27,2.0,0.99,0.9,5000,348405,1,0
348000,348000,0,1,1,1,1,0.0,1.0,1.0,0,351401,1,0
348001,348000,3,0,2,492,27,2.0,0.99,0.9,5000,351402,1,0
353000,353000,0,1,1,1,1,0.0,1.0,1.0,0,1,1,0
353001,353000,1,0,2,27,5,1.0,0.995,0.99,1000,2,1,0
353002,353000,1,0,3,27,6,1.0,0.995,0.99,1000,2,1,0
353003,353000,3,0,4,492,27,2.0,0.99,0.9,5000,356404,1,0
354000,354000,0,1,1,1,1,0.0,1.0,1.0,0,1,1,0
354001,354000,1,0,2,19,4,1.0,0.995,0.99,1000,2,1,0
354002,354000,1,0,3,57,3,1.0,0.995,0.99,1000,2,1,0
354003,354000,1,0,4,40,6,1.0,0.995,0.99,1000,2,1,0
354004,354000,3,0,5,492,27,2.0,0.99,0.9,5000,357405,1,0
357000,357000,0,1,1,1,1,0.0,1.0,1.0,0,1,1,0
357001,357000,1,0,2,15,3,1.0,0.995,0.99,1000,2,1,0
357002,357000,1,0,3,84,4,1.0,0.995,0.99,1000,2,1,0
357003,357000,1,0,4,13,2,1.0,0.995,0.99,1000,2,1,0
357004,357000,3,0,5,492,27,2.0,0.99,0.9,5000,360405,1,0
358000,358000,0,1,1,1,1,0.0,1.0,1.0,0,1,1,0
358001,358000,3,0,2,492,27,2.0,0.99,0.9,5000,361402,1,0
363000,363000,0,1,1,1,1,0.0,1.0,1.0,0,1,1,0
363001,363000,1,0,2,76,4,1.0,0.995,0.99,1000,2,1,0
363002,363000,1,0,3,28,2,1.0,0.995,0.99,1000,2,1,0
363003,363000,1,0,4,15,3,1.0,0.995,0.99,1000,2,1,0
363004,363000,2,0,5,492,27,2.0,0.992,0.95,2500,3,1,0
363005,363000,3,0,6,492,27,2.0,0.99,0.9,5000,366406,1,0
364000,364000,0,1,1,1,1,0.0,1.0,1.0,0,1,1,0
364001,364000,1,0,2,21,2,1.0,0.995,0.99,1000,2,1,0
364002,364000,1,0,3,492,27,1.0,0.995,0.99,1000,2,1,0
364003,364000,2,0,4,76,4,2.0,0.992,0.95,2500,3,1,0
364004,364000,3,0,5,492,27,2.0,0.99,0.9,5000,367405,1,0
365000,365000,0,1,1,1,1,0.0,1.0,1.0,0,1,1,0
365001,365000,1,0,2,492,27,1.0,0.995,0.99,1000,2,1,0
365002,365000,1,0,3,297,27,1.0,0.995,0.99,1000,2,1,0
365003,365000,3,0,4,492,27,2.0,0.99,0.9,5000,368404,1,0
368000,368000,0,1,1,1,1,0.0,1.0,1.0,0,1,1,0
368001,368000,3,0,2,492,27,2.0,0.99,0.9,5000,371402,1,0
374000,374000,0,1,1,1,1,0.0,1.0,1.0,0,1,1,0
374001,374000,1,0,2,116,27,1.0,0.995,0.99,1000,2,1,0
374002,374000,1,0,3,116,27,1.0,0.995,0.99,1000,2,1,0
374003,374000,2,0,4,24,27,2.0,0.992,0.95,2500,3,1,0
374004,374000,2,0,5,84,27,9.0,1.01,0.95,2500,3,1,0
374005,374000,3,0,6,492,27,2.0,0.99,0.9,5000,377406,1,0
375000,375000,0,1,1,1,1,0.0,1.0,1.0,0,1,1,0
375001,375000,1,0,2,116,12,1.0,0.995,0.99,1000,2,1,0
375002,375000,1,0,3,492,12,1.0,0.995,0.99,1000,2,1,0
375003,375000,2,0,4,84,3,2.0,0.992,0.95,2500,3,1,0
375004,375000,3,0,5,492,27,2.0,0.99,0.9,5000,378405,1,0
378000,378000,0,1,1,1,1,0.0,1.0,1.0,0,1,1,0
378001,378000,1,0,2,492,27,1.0,0.995,0.99,1000,2,1,0
378002,378000,1,0,3,116,27,1.0,0.995,0.99,1000,2,1,0
378003,378000,2,0,4,24,27,2.0,0.992,0.95,2500,3,1,0
378004,378000,2,0,5,84,27,9.0,1.01,0.95,2500,3,1,0
378005,378000,3,0,6,492,27,2.0,0.99,0.9,5000,381406,1,0
382000,382000,0,1,1,1,1,0.0,1.0,1.0,0,1,1,0
382001,382000,3,0,2,492,27,2.0,0.99,0.9,5000,385403,1,0
383000,383000,0,1,1,1,1,0.0,1.0,1.0,0,1,1,0
383001,383000,1,0,2,118,2,1.0,0.995,0.99,1000,2,1,0
383002,383000,3,0,3,492,27,2.0,0.99,0.9,5000,386404,1,0
383200,383002,2,1,21,765,81,0.0,0.992,0.95,0,1,1,0
383300,383003,3,1,31,772,81,0.0,0.99,0.9,0,386404,1,0
397000,397000,0,1,1,1,1,0.0,1.0,1.0,0,1,1,0
397001,397000,3,0,2,492,27,2.0,0.99,0.9,5000,400402,1,0
405000,405000,0,1,1,1,1,0.0,1.0,1.0,0,408401,1,0
405001,405000,3,0,2,492,27,2.0,0.99,0.9,5000,408402,1,0
411000,411000,0,1,1,1,1,0.0,1.0,1.0,0,1,1,0
411001,411000,3,0,2,492,27,2.0,0.99,0.9,5000,414402,1,0
412000,412000,0,1,1,1,1,0.0,1.0,1.0,0,1,1,0
412001,412000,3,0,2,492,27,2.0,0.99,0.9,5000,415403,1,0
417000,417000,0,1,1,1,1,0.0,1.0,1.0,0,1,1,0
417001,417000,3,0,2,492,27,2.0,0.99,0.9,5000,420402,1,0
419000,419000,0,1,1,1,1,0.0,1.0,1.0,0,1,1,0
419001,419000,3,0,2,492,27,2.0,0.99,0.9,5000,422402,1,0
420000,420000,0,1,1,1,1,0.0,1.0,1.0,0,1,1,0
420001,420000,3,0,2,492,27,2.0,0.99,0.9,5000,423402,1,0
422000,422000,0,1,1,1,1,0.0,1.0,1.0,0,1,1,0
422001,422000,1,0,2,99,7,1.0,0.995,0.99,1000,2,1,0
422002,422000,1,0,3,55,4,1.0,0.995,0.99,1000,2,1,0
422003,422000,1,0,4,13,6,1.0,0.995,0.99,1000,2,1,0
422004,422000,2,0,5,41,3,2.0,0.992,0.95,2500,3,1,0
422005,422000,2,0,6,24,2,2.0,0.992,0.95,2500,3,1,0
422006,422000,2,0,7,21,5,2.0,0.992,0.95,2500,3,1,0
422007,422000,3,0,8,492,27,2.0,0.99,0.9,5000,425408,1,0
423000,423000,0,1,1,1,1,0.0,1.0,1.0,0,1,1,0
423001,423000,1,0,2,14,4,1.0,0.995,0.99,1000,2,1,0
423002,423000,1,0,3,13,2,1.0,0.995,0.99,1000,2,1,0
423003,423000,2,0,4,53,9,2.0,0.992,0.95,2500,3,1,0
423004,423000,2,0,5,62,10,2.0,0.992,0.95,2500,3,1,0
423005,423000,3,0,6,492,27,2.0,0.99,0.9,5000,426406,1,0
423100,423001,0,1,1,1,1,0.0,1.0,1.0,0,1,1,0
423101,423001,3,0,2,492,27,2.0,0.99,0.9,5000,426406,1,0
424000,424000,0,1,1,1,1,0.0,1.0,1.0,0,1,1,0
424001,424000,1,0,2,24,3,1.0,0.995,0.99,1000,2,1,0
424002,424000,1,0,3,13,2,1.0,0.995,0.99,1000,2,1,0
424003,424000,2,0,4,46,8,2.0,0.992,0.95,2500,3,1,0
424004,424000,3,0,5,492,27,2.0,0.99,0.9,5000,427406,1,0
424300,424003,2,1,31,760,81,0.0,1.05,0.95,0,3,1,0
424400,424004,3,1,41,773,81,0.0,0.99,0.9,0,427406,1,0
425000,425000,0,1,1,1,1,0.0,1.0,1.0,0,1,1,0
425001,425000,1,0,2,70,11,1.0,0.995,0.99,1000,2,1,0
425002,425000,2,0,3,24,3,2.0,0.992,0.95,2500,3,1,0
425003,425000,2,0,4,13,2,2.0,0.992,0.95,2500,3,1,0
425005,425000,2,0,6,46,8,2.0,0.992,0.95,2500,3,1,0
425006,425000,3,0,7,492,27,2.0,0.99,0.9,5000,428407,1,0
427000,427000,0,1,1,1,1,0.0,1.0,1.0,0,1,1,0
427001,427000,1,0,2,80,3,1.0,0.995,0.99,1000,2,1,0
427002,427000,1,0,3,55,4,1.0,0.995,0.99,1000,2,1,0
427003,427000,1,0,4,44,2,1.0,0.995,0.99,1000,2,1,0
427004,427000,3,0,5,492,27,2.0,0.99,0.9,5000,430405,1,0
432000,432000,0,1,1,1,1,0.0,1.0,1.0,0,435401,1,0
432001,432000,3,0,2,492,27,2.0,0.99,0.9,5000,435402,1,0
433000,433000,0,1,1,1,1,0.0,1.0,1.0,0,1,1,0
433001,433000,3,0,2,492,27,2.0,0.99,0.9,5000,436402,1,0
439000,439000,0,1,1,1,1,0.0,1.0,1.0,0,1,1,0
439001,439000,1,0,2,58,6,1.0,0.995,0.99,1000,2,1,0
439002,439000,1,0,3,58,4,1.0,0.995,0.99,1000,2,1,0
439003,439000,3,0,4,492,27,2.0,0.99,0.9,5000,442405,1,0
440000,440000,0,1,1,1,1,0.0,1.0,1.0,0,1,1,0
440001,440000,1,0,2,41,6,1.0,0.995,0.99,1000,2,1,0
440002,440000,1,0,3,14,4,1.0,0.995,0.99,1000,2,1,0
440003,440000,1,0,4,13,2,1.0,0.995,0.99,1000,2,1,0
440005,440000,2,0,6,82,7,2.0,0.992,0.95,2500,3,1,0
440006,440000,2,0,7,28,3,2.0,0.992,0.95,2500,3,1,0
440007,440000,2,0,8,24,8,2.0,0.992,0.95,2500,3,1,0
440008,440000,3,0,9,492,27,2.0,0.99,0.9,5000,443409,1,0
441000,441000,0,1,1,1,1,0.0,1.0,1.0,0,1,1,0
441001,441000,1,0,2,41,5,1.0,0.995,0.99,1000,2,1,0
441002,441000,1,0,3,80,3,1.0,0.995,0.99,1000,2,1,0
441003,441000,1,0,4,56,2,1.0,0.995,0.99,1000,2,1,0
441004,441000,1,0,5,82,6,1.0,0.995,0.99,1000,2,1,0
441005,441000,1,0,6,24,7,1.0,0.995,0.99,1000,2,1,0
441006,441000,3,0,7,492,27,2.0,0.99,0.9,5000,444904,1,0
444000,444000,0,1,1,1,1,0.0,1.0,1.0,0,1,1,0
444001,444000,2,0,2,206,27,2.0,0.992,0.95,2500,3,1,0
444002,444000,3,0,3,492,27,2.0,0.99,0.9,5000,447403,1,0
445000,445000,0,1,1,1,1,0.0,1.0,1.0,0,1,1,0
445001,445000,1,0,2,80,5,1.0,0.995,0.99,1000,2,1,0
445002,445000,1,0,3,56,6,1.0,0.995,0.99,1000,2,1,0
445003,445000,1,0,4,3,3,1.0,0.995,0.99,1000,2,1,0
445004,445000,3,0,5,492,27,2.0,0.99,0.9,5000,448405,1,0
455000,455000,0,1,1,1,1,0.0,1.0,1.0,0,1,1,0
455001,455000,1,0,2,58,2,1.0,0.995,0.99,1000,2,1,0
455002,455000,3,0,3,492,27,2.0,0.99,0.9,5000,458403,1,0
455003,455000,1,0,4,492,2,2.0,1.005,1.0,1000,2,1,0
460000,460000,0,1,1,1,1,0.0,1.0,1.0,0,1,1,0
460001,460000,1,0,2,47,5,1.0,0.995,0.99,1000,2,1,0
460002,460000,1,0,3,28,4,1.0,0.995,0.99,1000,2,1,0
460003,460000,1,0,4,3,2,1.0,0.995,0.99,1000,2,1,0
460004,460001,1,1,5,255,27,1.0,0.995,0.99,0,2,1,0
460005,460000,1,0,6,13,27,1.0,0.995,0.99,1000,2,1,0
460006,460000,3,0,7,492,27,2.0,0.99,0.9,5000,463407,1,0
461000,461000,0,1,1,1,1,0.0,1.0,1.0,0,1,1,0
461001,461000,1,0,2,13,4,1.0,0.995,0.99,1000,2,1,0
461002,461000,1,0,3,46,7,1.0,0.995,0.99,1000,2,1,0
461003,461000,1,0,4,82,9,1.0,0.995,0.99,1000,2,1,0
461004,461000,1,0,5,3,2,1.0,0.995,0.99,1000,2,1,0
461005,461000,2,0,6,492,27,2.0,0.992,0.95,2500,3,1,0
461006,461000,3,0,7,492,27,2.0,0.99,0.9,5000,464407,1,0
461007,461000,2,0,8,492,27,2.0,0.992,0.95,2500,3,1,0
461008,461000,2,0,9,492,27,2.0,0.992,0.95,2500,3,1,0
461100,461001,3,1,7,760,27,0.0,0.99,0.9,0,464407,1,0
483000,483000,0,1,1,1,1,0.0,1.0,1.0,0,1,1,0
483001,483000,3,0,2,492,27,2.0,0.99,0.9,5000,486402,1,0
489000,489000,0,1,1,1,1,0.0,1.0,1.0,0,1,1,0
489001,489000,3,0,2,492,27,2.0,0.99,0.9,5000,492402,1,0
513000,513000,0,1,1,1,1,0.0,1.0,1.0,0,1,1,0
513001,513000,3,0,2,492,27,2.0,0.99,0.9,5000,516402,1,0
565000,565000,0,1,1,1,1,0.0,1.0,1.0,0,568401,1,0
565001,565000,3,0,2,492,27,2.0,0.99,0.9,5000,568402,1,0
567000,567000,0,1,1,1,1,0.0,1.0,1.0,0,1,1,0
567001,567000,3,0,2,492,27,2.0,0.99,0.9,5000,570402,1,0
568000,568000,0,1,1,1,1,0.0,1.0,1.0,0,571401,1,0
568001,568000,3,0,2,492,1,2.0,0.99,0.9,5000,571402,1,0
569000,569000,0,1,1,1,1,0.0,1.0,1.0,0,572401,1,0
569001,569000,3,0,2,492,27,1.0,0.99,0.9,5000,572402,1,0
615000,615000,3,1,1,1,1,0.0,0.99,0.9,0,618401,1,0
625000,625000,0,1,1,1,1,0.0,1.0,1.0,0,1,1,0
625001,625000,1,0,2,404,2,1.0,0.995,0.99,1000,2,1,0
625002,625000,3,0,3,492,27,2.0,0.99,0.9,5000,628403,1,0
633000,633000,0,1,1,1,1,0.0,1.0,1.0,0,636401,1,0
633001,633000,1,0,2,121,1,1.0,0.995,0.99,1000,636401,1,0
633002,633000,1,0,3,121,1,1.0,0.995,0.99,1000,636401,1,0
633003,633000,3,0,4,492,27,2.0,0.99,0.9,5000,636404,1,0
634000,634000,0,1,1,1,1,0.0,1.0,1.0,0,1,1,0
634001,634000,1,0,2,237,0,1.0,0.995,0.99,1000,2,1,0
634002,634000,1,0,3,237,0,1.0,0.995,0.99,1000,2,1,0
634003,634000,1,0,4,237,0,1.0,0.995,0.99,1000,2,1,0
634004,634000,3,0,5,492,27,2.0,0.99,0.9,5000,637405,1,0
637000,637000,0,1,1,1,1,0.0,1.0,1.0,0,1,1,0
637001,637000,3,0,2,492,27,2.0,0.99,0.9,5000,640402,1,0
639000,639000,0,1,1,1,1,0.0,1.0,1.0,0,1,1,0
639001,639000,3,0,2,492,27,2.0,0.99,0.9,5000,642402,1,0
641000,641000,2,1,1,1,1,0.0,0.992,0.95,0,644401,1,0
641001,641000,3,0,2,492,1,0.0,0.99,0.9,5000,644402,1,0
642000,642000,0,1,1,1,1,0.0,1.0,1.0,0,1,1,0
642001,642000,1,0,2,118,2,1.0,0.995,0.99,1000,2,1,0
642002,642000,1,0,3,118,3,1.0,0.995,0.99,1000,2,1,0
642003,642000,3,0,4,492,27,2.0,0.99,0.9,5000,645404,1,0
1006000,1006000,3,1,1,1,1,0.0,0.99,0.9,0,1009401,1,0
1007000,1007000,3,1,1,1,1,0.0,0.99,0.9,0,1010401,1,0
1009000,1009000,0,1,1,1,1,0.0,1.0,1.0,0,1,1,0
1009001,1009000,1,0,2,21,2,1.0,0.995,0.99,1000,2,1,0
1009002,1009000,1,0,3,84,3,1.0,0.995,0.99,1000,2,1,0
1009003,1009000,3,0,4,492,27,2.0,0.99,0.9,5000,1012404,1,0
1009004,1009001,3,1,5,765,27,0.0,0.99,0.9,0,1012404,1,0
1011000,1011000,0,1,1,1,1,0.0,1.0,1.0,0,1,1,0
1011001,1011000,3,0,2,492,27,2.0,0.99,0.9,5000,1014403,1,0
1011002,1011001,2,1,3,660,81,2.0,0.992,0.95,0,3,1,0
1020000,1020000,3,1,1,1,1,0.0,0.99,0.9,0,1023401,1,0
1022000,1022000,0,1,1,1,1,0.0,1.0,1.0,0,1,1,0
1022001,1022000,3,0,2,492,27,2.0,0.99,0.9,5000,1025402,1,0
1023000,1023000,3,1,1,1,1,0.0,0.99,0.9,0,1026401,1,0
1034000,1034000,0,1,1,1,1,0.0,1.0,1.0,0,1,1,0
1034001,1034000,1,0,2,255,5,1.0,0.995,0.99,1000,2,1,0
1034002,1034000,1,0,3,84,2,1.0,0.995,0.99,1000,2,1,0
1034003,1034000,1,0,4,84,3,1.0,0.995,0.99,1000,2,1,0
1034004,1034000,3,0,5,492,27,2.0,0.99,0.9,5000,1037405,1,0
1040000,1040000,0,1,1,1,1,0.0,1.0,1.0,0,1,1,0
1040001,1040000,3,0,2,492,27,2.0,0.99,0.9,5000,1043402,1,0
1041000,1041000,0,1,1,1,1,0.0,1.0,1.0,0,1044401,1,0
1041001,1041000,1,0,2,20,2,1.0,0.995,0.99,1000,1044401,1,0
1041002,1041000,3,0,3,492,27,2.0,0.99,0.9,5000,1044403,1,0
1042000,1042000,0,1,1,1,1,0.0,1.0,1.0,0,1,1,0
1042001,1042000,3,0,2,492,27,2.0,0.99,0.9,5000,1045403,1,0
1042002,1042000,4,0,3,206,26,-2.0,1.0,1.0,1000,20,0,0
1042003,1042001,2,1,4,492,26,2.0,0.992,0.95,0,1045403,1,0
1042004,1042001,3,0,5,492,27,2.0,0.99,0.9,5000,1045403,1,0
1042005,1042000,2,0,6,492,26,2.0,0.992,0.95,2500,3,1,0
1043000,1043000,0,1,1,1,1,0.0,1.0,1.0,0,1,1,0
1043001,1043000,1,0,2,3,2,1.0,0.995,0.99,1000,2,1,0
1043002,1043000,1,0,3,3,3,1.0,0.995,0.99,1000,2,1,0
1043003,1043000,1,0,4,80,5,1.0,0.995,0.99,1000,2,1,0
1043004,1043000,1,0,5,46,6,1.0,0.995,0.99,1000,2,1,0
1043005,1043000,3,0,6,492,27,2.0,0.99,0.9,5000,1046406,1,0
1045000,1045000,0,1,1,1,1,0.0,1.0,1.0,0,1,1,0
1045001,1045000,3,0,2,492,27,2.0,0.99,0.9,5000,1048402,1,0
1046000,1046000,0,1,1,1,1,0.0,1.0,1.0,0,1049401,1,0
1046001,1046000,3,0,2,492,27,2.0,0.99,0.9,5000,1049402,1,0
1059000,1059000,0,1,1,1,1,0.0,1.0,1.0,0,1,1,0
1059001,1059000,3,0,2,492,27,2.0,0.99,0.9,5000,1062402,1,0
1060000,1060000,0,1,1,1,1,0.0,1.0,1.0,0,1,1,0
1060001,1060000,3,0,2,492,27,2.0,0.99,0.9,5000,1063402,1,0
1063000,1063000,0,1,1,1,1,0.0,1.0,1.0,0,1066401,1,0
1063001,1063000,3,0,2,492,27,2.0,0.99,0.9,5000,1066402,1,0
1064000,1064000,0,1,1,1,1,0.0,1.0,1.0,0,1,1,0
1064001,1064000,3,0,2,492,27,2.0,0.99,0.9,5000,1067402,1,0
1069000,1069000,0,1,1,1,1,0.0,1.0,1.0,0,1,1,0
1069001,1069000,3,0,2,492,27,2.0,0.99,0.9,5000,1072402,1,0
1086000,1086000,0,1,1,1,1,0.0,1.0,1.0,0,1,1,0
1086001,1086000,3,0,2,492,27,2.0,0.99,0.9,5000,1089402,1,0
1093000,1093000,0,1,1,1,1,0.0,1.0,1.0,0,1,1,0
1093001,1093000,3,0,2,492,27,2.0,0.99,0.9,5000,1096402,1,0
1098000,1098000,0,1,1,1,1,0.0,1.0,1.0,0,1,1,0
1098002,1098000,3,0,3,492,27,2.0,0.99,0.9,5000,1101403,1,0
1098003,1098001,3,1,4,660,27,0.0,0.99,0.9,0,1101403,1,0
1103000,1103000,0,1,1,1,1,0.0,1.0,1.0,0,1,1,0
1103001,1103000,1,0,2,56,3,1.0,0.995,0.99,1000,2,1,0
1103002,1103000,1,0,3,56,2,1.0,0.995,0.99,1000,2,1,0
1103003,1103000,3,0,4,492,27,2.0,0.99,0.9,5000,1106404,1,0
1104000,1104000,0,1,1,1,1,0.0,1.0,1.0,0,1,1,0
1104001,1104000,3,0,2,492,27,2.0,0.99,0.9,5000,1107403,1,0
1104002,1104000,4,0,3,206,26,-2.0,1.0,1.0,1000,20,0,0
1104003,1104001,2,1,4,492,26,2.0,0.992,0.95,0,3,1,0
1104004,1104001,4,0,5,206,26,-2.0,1.0,1.0,1000,20,0,0
1105000,1105000,0,1,1,1,1,0.0,1.0,1.0,0,1,1,0
1105001,1105000,3,0,2,492,27,2.0,0.99,0.9,5000,1108402,1,0
1105002,1105000,4,0,3,108,26,-2.0,1.0,1.0,1000,20,0,0
1108000,1108000,0,1,1,1,1,0.0,1.0,1.0,0,1111401,1,0
1108001,1108000,3,0,2,492,27,2.0,0.99,0.9,5000,1111402,1,0
1110000,1110000,0,1,1,1,1,0.0,1.0,1.0,0,1,1,0
1110001,1110000,1,0,2,36,3,1.0,0.995,0.99,1000,2,1,0
1110002,1110000,1,0,3,36,2,1.0,0.995,0.99,1000,2,1,0
1110003,1110000,3,0,4,492,27,2.0,0.99,0.9,5000,1113404,1,0
1125000,1125000,0,1,1,1,1,0.0,1.0,1.0,0,1128401,1,0
1125001,1125000,3,0,2,492,27,2.0,0.99,0.9,5000,1128402,1,0
1126000,1126000,0,1,1,1,1,0.0,1.0,1.0,0,1,1,0
1126001,1126000,3,0,2,492,27,2.0,0.99,0.9,5000,1129402,1,0
1131000,1131000,0,1,1,1,1,0.0,1.0,1.0,0,1,1,0
1131002,1131000,3,0,3,492,27,2.0,0.99,0.9,5000,1134403,1,0
1154000,1154000,0,1,1,1,1,0.0,1.0,1.0,0,1,1,0
1154001,1154000,3,0,2,492,27,2.0,0.99,0.9,5000,1157402,1,0
1155000,1155000,0,1,1,1,1,0.0,1.0,1.0,0,1,1,0
1155001,1155000,3,0,2,492,27,2.0,0.99,0.9,5000,1158402,1,0
1173000,1173000,0,1,1,1,1,0.0,1.0,1.0,0,1,1,0
1173001,1173000,3,0,2,492,27,2.0,0.99,0.9,5000,1176403,1,0
1173002,1173001,2,1,3,660,81,2.0,0.992,0.95,0,3,1,0
1175000,1175000,3,1,1,1,1,0.0,0.99,0.9,0,1178401,1,0
1184000,1184000,0,1,1,1,1,0.0,1.0,1.0,0,1,1,0
1184001,1184000,3,0,2,492,27,2.0,0.99,0.9,5000,1187402,1,0
1202000,1202000,0,1,1,1,1,0.0,1.0,1.0,0,1,1,0
1202001,1202000,3,0,2,492,27,2.0,0.99,0.9,5000,1205402,1,0
1215000,1215000,0,1,1,1,1,0.0,1.0,1.0,0,1,1,0
1216000,1216000,0,1,1,1,1,0.0,1.0,1.0,0,1,1,0
1216001,1216000,1,0,2,19,3,1.0,0.995,0.99,1000,2,1,0
1216002,1216000,1,0,3,57,4,1.0,0.995,0.99,1000,2,1,0
1216003,1216000,1,0,4,121,2,1.0,0.995,0.99,1000,2,1,0
1216004,1216000,3,0,5,492,27,2.0,0.99,0.9,5000,1219405,1,0
1219000,1219000,0,1,1,1,1,0.0,1.0,1.0,0,1,1,0
1219001,1219000,3,0,2,492,27,2.0,0.99,0.9,5000,1222402,1,0
1220000,1220000,0,1,1,1,1,0.0,1.0,1.0,0,1,1,0
1220001,1220000,1,0,2,292,2,1.0,0.995,0.99,1000,2,1,0
1220002,1220000,1,0,3,43,3,1.0,0.995,0.99,1000,2,1,0
1220003,1220000,3,0,4,492,27,2.0,0.99,0.9,5000,1223404,1,0
1231000,1231000,0,1,1,1,1,0.0,1.0,1.0,0,1,1,0
1231001,1231000,2,0,2,292,2,2.0,0.992,0.95,2500,3,1,0
1231002,1231000,3,0,3,492,27,2.0,0.99,0.9,5000,1234403,1,0
1234000,1234000,0,1,1,1,1,0.0,1.0,1.0,0,1,1,0
1234001,1234000,3,0,2,492,27,2.0,0.99,0.9,5000,1237402,1,0
1246000,1246000,3,1,1,1,1,0.0,0.99,0.9,0,1249401,1,0
1260000,1260000,0,1,1,1,1,0.0,1.0,1.0,0,1263401,1,0
1260001,1260000,3,0,2,492,27,2.0,0.99,0.9,5000,1263402,1,0
1268000,1268000,0,1,1,1,1,0.0,1.0,1.0,0,1,1,0
1268001,1268000,1,0,2,118,0,1.0,0.995,0.99,1000,2,1,0
1268002,1268000,1,0,3,118,0,1.0,0.995,0.99,1000,2,1,0
1268003,1268000,3,0,4,492,27,2.0,0.99,0.9,5000,1271404,1,0
1269000,1269000,0,1,1,1,1,0.0,1.0,1.0,0,1272401,1,0
1269001,1269000,3,0,2,492,27,2.0,0.99,0.9,5000,1272402,1,0
1270000,1270000,0,1,1,1,1,0.0,1.0,1.0,0,1,1,0
1270001,1270000,3,0,2,492,27,2.0,0.99,0.9,5000,1273402,1,0
1271000,1271000,0,1,1,1,1,0.0,1.0,1.0,0,1,1,0
1271001,1271000,3,0,2,492,27,2.0,0.99,0.9,5000,1274402,1,0
1271002,1271000,4,0,3,142,26,-2.0,1.0,1.0,1000,20,0,0
1272000,1272000,0,1,1,1,1,0.0,1.0,1.0,0,1275401,1,0
1272001,1272000,1,0,2,167,1,1.0,0.995,0.99,1000,1275401,1,0
1272002,1272000,1,0,3,167,1,1.0,0.995,0.99,1000,1275401,1,0
1272003,1272000,1,0,4,167,1,1.0,0.995,0.99,1000,1275401,1,0
1272004,1272000,1,0,5,492,1,1.0,0.995,0.99,1000,1275401,1,0
1272005,1272000,3,0,6,492,27,2.0,0.99,0.9,5000,1275406,1,0
1273000,1273000,0,1,1,1,1,0.0,1.0,1.0,0,1,1,0
1273001,1273000,1,0,2,24,3,1.0,0.995,0.99,1000,2,1,0
1273002,1273000,1,0,3,40,4,1.0,0.995,0.99,1000,2,1,0
1273003,1273000,1,0,4,46,5,1.0,0.995,0.99,1000,2,1,0
1273004,1273000,1,0,5,21,6,1.0,0.995,0.99,1000,2,1,0
1273005,1273000,3,0,6,492,27,2.0,0.99,0.9,5000,1276406,1,0
1276000,1276000,0,1,1,1,1,0.0,1.0,1.0,0,1,1,0
1276001,1276000,3,0,2,492,27,2.0,0.99,0.9,5000,1279402,1,0
1277000,1277000,0,1,1,1,1,0.0,1.0,1.0,0,1,1,0
1277001,1277000,3,0,2,492,27,2.0,0.99,0.9,5000,1280402,1,0
1282000,1282000,0,1,1,1,1,0.0,1.0,1.0,0,1,1,0
1282001,1282000,1,0,2,24,2,1.0,0.995,0.99,1000,2,1,0
1282002,1282000,1,0,3,58,3,1.0,0.995,0.99,1000,2,1,0
1282003,1282000,1,0,4,41,5,1.0,0.995,0.99,1000,2,1,0
1282004,1282000,1,0,5,21,7,1.0,0.995,0.99,1000,2,1,0
1282005,1282000,3,0,6,492,27,2.0,0.99,0.9,5000,1285407,1,0
1285000,1285000,0,1,1,1,1,0.0,1.0,1.0,0,1,1,0
1285001,1285000,3,0,2,492,27,2.0,0.99,0.9,5000,1288402,1,0
1291000,1291000,0,1,1,1,1,0.0,1.0,1.0,0,1,1,0
1291001,1291000,3,0,2,492,27,2.0,0.99,0.9,5000,1294402,1,0
1293000,1293000,0,1,1,1,1,0.0,1.0,1.0,0,1,1,0
1293001,1293000,3,0,2,492,27,2.0,0.99,0.9,5000,1296402,1,0
1296000,1296000,0,1,1,1,1,0.0,1.0,1.0,0,1299401,1,0
1296001,1296000,3,0,2,492,27,2.0,0.99,0.9,5000,1299402,1,0
1297000,1297000,0,1,1,1,1,0.0,1.0,1.0,0,1,1,0
1297001,1297000,3,0,2,492,27,2.0,0.99,0.9,5000,1300402,1,0
1299000,1299000,0,1,1,1,1,0.0,1.0,1.0,0,1,1,0
1299001,1299000,1,0,2,492,27,1.0,0.995,0.99,1000,2,1,0
1299002,1299000,3,0,3,492,27,2.0,0.99,0.9,5000,1302403,1,0
1300000,1300000,0,1,1,1,1,0.0,1.0,1.0,0,1,1,0
1300001,1300000,3,0,2,492,27,2.0,0.99,0.9,5000,1303402,1,0
1301000,1301000,0,1,1,1,1,0.0,1.0,1.0,0,1,1,0
1301001,1301000,3,0,2,492,27,2.0,0.99,0.9,5000,1304402,1,0
1302000,1302000,0,1,1,1,1,0.0,1.0,1.0,0,1,1,0
1302001,1302000,1,0,2,167,0,1.0,0.995,0.99,1000,2,1,0
1302002,1302000,2,0,3,492,27,2.0,0.992,0.95,2500,3,1,0
1302003,1302000,3,0,4,492,27,2.0,0.99,0.9,5000,1305404,1,0
1304000,1304000,0,1,1,1,1,0.0,1.0,1.0,0,1,1,0
1304001,1304000,3,0,2,492,27,2.0,0.99,0.9,5000,1307402,1,0
1314000,1314000,0,1,1,1,1,0.0,1.0,1.0,0,1317401,1,0
1314001,1314000,3,0,2,492,27,2.0,0.99,0.9,5000,1317402,1,0
1318000,1318000,0,1,1,1,1,0.0,1.0,1.0,0,1,1,0
1318001,1318000,3,0,2,492,27,2.0,0.99,0.9,5000,1321402,1,0
1318002,1318000,4,0,3,142,26,-2.0,1.0,1.0,1000,20,0,0
1319000,1319000,0,1,1,1,1,0.0,1.0,1.0,0,1322401,1,0
1319001,1319000,3,0,2,492,27,2.0,0.99,0.9,5000,1322402,1,0
1320000,1320000,0,1,1,1,1,0.0,1.0,1.0,0,1,1,0
1320001,1320000,3,0,2,492,27,2.0,0.99,0.9,5000,1323402,1,0
1322000,1322000,0,1,1,1,1,0.0,1.0,1.0,0,1325401,1,0
1322001,1322000,3,0,2,492,27,2.0,0.99,0.9,5000,1325402,1,0
1323000,1323000,0,1,1,1,1,0.0,1.0,1.0,0,1,1,0
1323001,1323000,1,0,2,492,27,1.0,0.995,0.99,1000,2,1,0
1323002,1323000,3,0,3,492,27,2.0,0.99,0.9,5000,1326403,1,0
1328000,1328000,0,1,1,1,1,0.0,1.0,1.0,0,1331401,1,0
1328001,1328000,3,0,2,492,27,2.0,0.99,0.9,5000,1331402,1,0
1329000,1329000,0,1,1,1,1,0.0,1.0,1.0,0,1,1,0
1329001,1329000,3,0,2,492,27,2.0,0.99,0.9,5000,1332402,1,0
1330000,1330000,0,1,1,1,1,0.0,1.0,1.0,0,1,1,0
1330001,1330000,3,0,2,492,27,2.0,0.99,0.9,5000,1333402,1,0
1332000,1332000,0,1,1,1,1,0.0,1.0,1.0,0,1,1,0
1332001,1332000,3,0,2,492,27,2.0,0.99,0.9,5000,1335402,1,0
1345000,1345000,0,1,1,1,1,0.0,1.0,1.0,0,1,1,0
1345001,1345000,3,0,2,492,27,2.0,0.99,0.9,5000,1348402,1,0
1350000,1350000,0,1,1,1,1,0.0,1.0,1.0,0,1353401,1,0
1350001,1350000,1,0,2,492,0,1.0,0.995,0.99,1000,1353401,1,0
1350002,1350000,3,0,3,492,27,2.0,0.99,0.9,5000,1353403,1,0
1350003,1350001,0,1,4,1,1,0.0,1.0,1.0,0,1353401,1,0
1350004,1350001,1,0,5,492,0,70.0,1.02,0.99,1000,1353401,1,0
1350005,1350001,3,0,6,492,27,2.0,0.99,0.9,5000,1353403,1,0
1351000,1351000,0,1,1,1,1,0.0,1.0,1.0,0,1,1,0
1351001,1351000,1,0,2,626,3,1.0,0.995,0.99,1000,2,1,0
1351002,1351000,1,0,3,626,4,1.0,0.995,0.99,1000,2,1,0
1351003,1351000,1,0,4,58,5,1.0,0.995,0.99,1000,2,1,0
1351004,1351000,3,0,5,492,27,2.0,0.99,0.9,5000,1354405,1,0
1355000,1355000,0,1,1,1,1,0.0,1.0,1.0,0,1,1,0
1355001,1355000,3,0,2,492,27,2.0,0.99,0.9,5000,1358402,1,0
1355002,1355000,4,0,3,167,26,-2.0,1.0,1.0,1000,20,0,0
1367000,1367000,0,1,1,1,1,0.0,1.0,1.0,0,1,1,0
1367001,1367000,3,0,2,492,27,2.0,0.99,0.9,5000,1370402,1,0
1368000,1368000,0,1,1,1,1,0.0,1.0,1.0,0,1,1,0
1368001,1368000,3,0,2,492,27,2.0,0.99,0.9,5000,1371402,1,0
1369000,1369000,0,1,1,1,1,0.0,1.0,1.0,0,1372401,1,0
1369001,1369000,3,0,2,492,27,2.0,0.99,0.9,5000,1372402,1,0
1370000,1370000,0,1,1,1,1,0.0,1.0,1.0,0,1,1,0
1370001,1370000,3,0,2,492,27,2.0,0.99,0.9,5000,1373402,1,0
1372000,1372000,0,1,1,1,1,0.0,1.0,1.0,0,1,1,0
1372001,1372000,3,0,2,492,27,2.0,0.99,0.9,5000,1375402,1,0
1376000,1376000,0,1,1,1,1,0.0,1.0,1.0,0,1,1,0
1376001,1376000,3,0,2,492,27,2.0,0.99,0.9,5000,1379402,1,0
1379000,1379000,0,1,1,1,1,0.0,1.0,1.0,0,1,1,0
1379001,1379000,3,0,2,492,27,2.0,0.99,0.9,5000,1382402,1,0
1379010,1379000,1,0,2,492,0,20.0,0.995,0.99,1000,2,1,0
1380000,1380000,0,1,1,1,1,0.0,1.0,1.0,0,1,1,0
1380001,1380000,1,0,2,294,0,1.0,0.995,0.99,1000,2,1,0
1380002,1380000,3,0,3,492,27,2.0,0.99,0.9,5000,1383403,1,0
1380003,1380000,4,0,4,294,26,-2.0,1.0,1.0,1000,20,0,0
1383000,1383000,0,1,1,1,1,0.0,1.0,1.0,0,1,1,0
1383001,1383000,3,0,2,492,27,2.0,0.99,0.9,5000,1386402,1,0
1385000,1385000,0,1,1,1,1,0.0,1.0,1.0,0,1,1,0
1385002,1385000,3,0,3,492,27,2.0,0.99,0.9,5000,1388403,1,0
1387000,1387000,0,1,1,1,1,0.0,1.0,1.0,0,1,1,0
1387001,1387000,1,0,2,262,2,1.0,0.995,0.99,1000,2,1,0
1387003,1387000,3,0,4,492,27,2.0,0.99,0.9,5000,1390404,1,0
1388000,1388000,0,1,1,1,1,0.0,1.0,1.0,0,1,1,0
1388001,1388000,3,0,2,492,27,2.0,0.99,0.9,5000,1391402,1,0
1392000,1392000,2,1,1,1,1,0.0,0.992,0.95,0,1395401,1,0
1392001,1392000,3,0,2,492,27,0.0,0.99,0.9,5000,1395402,1,0
1395000,1395000,0,1,1,1,1,0.0,1.0,1.0,0,1,1,0
1395001,1395000,3,0,2,492,27,2.0,0.99,0.9,5000,1398402,1,0
1398000,1398000,0,1,1,1,1,0.0,1.0,1.0,0,1401401,1,0
1398001,1398001,2,1,2,660,27,0.0,1.0,1.0,0,1401401,1,0
1398002,1398000,3,0,3,492,27,2.0,0.99,0.9,5000,1401403,1,0
1398003,1398000,2,0,4,758,1,3.0,0.992,1.0,2500,1401401,1,0
1417000,1417000,0,1,1,1,1,0.0,1.0,1.0,0,1420401,1,0
1417001,1417000,1,0,2,121,2,1.0,0.995,0.99,1000,1420401,1,0
1417002,1417000,3,0,3,492,27,2.0,0.99,0.9,5000,1420403,1,0
1418000,1418000,0,1,1,1,1,0.0,1.0,1.0,0,1,1,0
1418001,1418000,1,0,2,64,5,1.0,0.995,0.99,1000,2,1,0
1418002,1418000,3,0,3,492,27,2.0,0.99,0.9,5000,1421403,1,0
1426000,1426000,0,1,1,1,1,0.0,1.0,1.0,0,1,1,0
1426001,1426000,1,0,2,41,0,1.0,0.995,0.99,1000,2,1,0
1426002,1426000,3,0,3,492,27,2.0,0.99,0.9,5000,1429403,1,0
1428000,1428000,0,1,1,1,1,0.0,1.0,1.0,0,1,1,0
1428001,1428000,1,0,2,292,3,1.0,0.995,0.99,1000,2,1,0
1428002,1428000,1,0,3,57,4,1.0,0.995,0.99,1000,2,1,0
1428003,1428000,3,0,4,294,2,2.0,0.99,0.9,5000,1431404,1,0
1428004,1428000,3,0,5,492,27,2.0,0.99,0.9,5000,1431405,1,0
1429000,1429000,0,1,1,1,1,0.0,1.0,1.0,0,1,1,0
1429001,1429000,3,0,2,492,27,2.0,0.99,0.9,5000,1432402,1,0
1435000,1435000,0,1,1,1,1,0.0,1.0,1.0,0,1,1,0
1435001,1435000,1,0,2,294,2,1.0,0.995,0.99,1000,2,1,0
1435002,1435000,3,0,3,492,27,2.0,0.99,0.9,5000,1438403,1,0
1435003,1435000,4,0,4,294,26,-2.0,1.0,1.0,1000,20,0,0
1459000,1459000,0,1,1,1,1,0.0,1.0,1.0,0,1,1,0
1459001,1459000,1,0,2,35,2,1.0,0.995,0.99,1000,2,1,0
1459002,1459000,3,0,3,492,27,2.0,0.99,0.9,5000,1462403,1,0
1460000,1460000,0,1,1,1,1,0.0,1.0,1.0,0,1,1,0
1460001,1460000,1,0,2,167,3,1.0,0.995,0.99,1000,2,1,0
1460002,1460000,1,0,3,167,4,1.0,0.995,0.99,1000,2,1,0
1460003,1460000,3,0,4,492,27,2.0,0.99,0.9,5000,1463404,1,0
1477000,1477000,0,1,1,1,1,0.0,1.0,1.0,0,1,1,0
1477001,1477000,1,0,2,167,2,1.0,0.995,0.99,1000,2,1,0
1477002,1477000,3,0,3,492,27,2.0,0.99,0.9,5000,1480403,1,0
1482000,1482000,0,1,1,1,1,0.0,1.0,1.0,0,1,1,0
1482001,1482000,3,0,2,492,27,2.0,0.99,0.9,5000,1485402,1,0
1486000,1486000,0,1,1,1,1,0.0,1.0,1.0,0,1,1,0
1486001,1486000,3,0,2,492,27,2.0,0.99,0.9,5000,1489402,1,0
1486002,1486000,4,0,3,167,25,-2.0,1.0,1.0,1000,20,0,0
1496000,1496000,0,1,1,1,1,0.0,1.0,1.0,0,1,1,0
1496001,1496000,3,0,2,492,27,2.0,0.99,0.9,5000,1499402,1,0
1500000,1500000,0,1,1,1,1,0.0,1.0,1.0,0,1503401,1,0
1500001,1500000,3,0,2,25,2,2.0,0.99,0.9,5000,1503402,1,0
1500002,1500001,2,1,3,660,1,0.0,0.99,0.9,2000,1503401,1,0
1517000,1517000,0,1,1,1,1,0.0,1.0,1.0,0,1,1,0
1517001,1517000,1,0,2,255,2,1.0,0.995,0.99,1000,2,1,0
1517002,1517000,1,0,3,255,4,1.0,0.995,0.99,1000,2,1,0
1517003,1517000,1,0,4,255,3,1.0,0.995,0.99,1000,2,1,0
1517004,1517000,1,0,5,255,9,1.0,0.995,0.99,1000,2,1,0
1517005,1517000,1,0,6,86,6,1.0,0.995,0.99,1000,2,1,0
1517006,1517000,3,0,7,492,27,2.0,0.99,0.9,5000,1520407,1,0
1522000,1522000,0,1,1,1,1,0.0,1.0,1.0,0,1,1,0
1522001,1522000,1,0,2,621,3,1.0,0.995,0.99,1000,2,1,0
1522002,1522000,3,0,3,492,27,2.0,0.99,0.9,5000,1525403,1,0
1523000,1523000,0,1,1,1,1,0.0,1.0,1.0,0,1,1,0
1523001,1523000,3,0,2,492,27,2.0,0.99,0.9,5000,1526402,1,0
1525000,1525000,0,1,1,1,1,0.0,1.0,1.0,0,1,1,0
1525001,1525000,3,0,2,492,27,2.0,0.99,0.9,5000,1528402,1,0
1529000,1529000,0,1,1,1,1,0.0,1.0,1.0,0,1,1,0
1529001,1529000,1,0,2,167,2,1.0,0.995,0.99,1000,2,1,0
1529002,1529000,3,0,3,492,27,2.0,0.99,0.9,5000,1532403,1,0
1529003,1529000,4,0,4,167,26,-2.0,1.0,1.0,1000,20,0,0
1530000,1530000,0,1,1,1,1,0.0,1.0,1.0,0,1,1,0
1530001,1530000,1,0,2,167,2,1.0,0.995,0.99,1000,2,1,0
1530002,1530000,1,0,3,167,3,1.0,0.995,0.99,1000,2,1,0
1530003,1530000,3,0,4,492,27,2.0,0.99,0.9,5000,1533404,1,0
1530004,1530000,4,0,5,167,26,-2.0,1.0,1.0,1000,20,0,0
1531000,1531000,0,1,1,1,1,0.0,1.0,1.0,0,1,1,0
1531001,1531000,1,0,2,70,2,1.0,0.995,0.99,1000,2,1,0
1531002,1531000,3,0,3,492,27,2.0,0.99,0.9,5000,1534403,1,0
1532000,1532000,0,1,1,1,1,0.0,1.0,1.0,0,1535401,1,0
1532001,1532000,3,0,2,492,27,2.0,0.99,0.9,5000,1535402,1,0
1533000,1533000,0,1,1,1,1,0.0,1.0,1.0,0,1,1,0
1533001,1533000,3,0,2,492,27,2.0,0.99,0.9,5000,1536402,1,0
1533002,1533000,4,0,3,629,27,-2.0,1.0,1.0,1000,20,0,0
1536000,1536000,0,1,1,1,1,0.0,1.0,1.0,0,1,1,0
1536001,1536000,2,0,2,237,2,2.0,0.992,0.95,2500,3,1,0
1536002,1536000,3,0,3,492,27,2.0,0.99,0.9,5000,1539403,1,0
1536003,1536000,4,0,4,237,26,-2.0,1.0,1.0,1000,20,0,0
1539000,1539000,2,1,1,1,1,0.0,0.992,0.95,0,1542401,1,0
1539001,1539000,3,0,2,492,27,0.0,0.99,0.9,5000,1542402,1,0
1562000,1562000,0,1,1,1,1,0.0,1.0,1.0,0,1565401,1,0
1562001,1562000,3,0,2,492,27,2.0,0.99,0.9,5000,1565402,1,0
1564000,1564000,0,1,1,1,1,0.0,1.0,1.0,0,1,1,0
1564002,1564000,3,0,3,492,27,2.0,0.99,0.9,5000,1567403,1,0
1564003,1564000,4,0,4,35,26,-2.0,1.0,1.0,1000,20,0,0
1568000,1568000,0,1,1,1,1,0.0,1.0,1.0,0,1,1,0
1568001,1568000,3,0,2,492,27,2.0,0.99,0.9,5000,1571402,1,0
1568002,1568001,3,1,3,492,1,0.0,0.99,0.9,0,1571402,1,0
1574000,1574000,0,1,1,1,1,0.0,1.0,1.0,0,1,1,0
1574001,1574000,3,0,2,492,27,2.0,0.99,0.9,5000,1577402,1,0
1574002,1574000,4,0,3,627,26,-2.0,1.0,1.0,1000,20,0,0
1575000,1575000,0,1,1,1,1,0.0,1.0,1.0,0,1,1,0
1575001,1575000,3,0,2,492,27,2.0,0.99,0.9,5000,1578402,1,0
1580000,1580000,0,1,1,1,1,0.0,1.0,1.0,0,1,1,0
1580001,1580000,2,0,2,492,0,2.0,0.992,0.95,2500,3,1,0
1580002,1580000,3,0,3,492,27,2.0,0.99,0.9,5000,1583403,1,0
1580003,1580000,4,0,4,167,0,-2.0,1.0,1.0,1000,20,0,0
1581000,1581000,0,1,1,1,1,0.0,1.0,1.0,0,1,1,0
1581001,1581000,3,0,2,492,27,2.0,0.99,0.9,5000,1584402,1,0
1581002,1581000,4,0,3,167,27,-2.0,1.0,1.0,1000,20,0,0
1583000,1583000,0,1,1,1,1,0.0,1.0,1.0,0,1586401,1,0
1583001,1583000,3,0,2,492,27,2.0,0.99,0.9,5000,1586402,1,0
1591000,1591000,0,1,1,1,1,0.0,1.0,1.0,0,1,1,0
1591001,1591000,1,0,2,239,0,1.0,0.995,0.99,1000,2,1,0
1591002,1591000,1,0,3,239,0,1.0,0.995,0.99,1000,2,1,0
1591003,1591000,3,0,4,492,27,2.0,0.99,0.9,5000,1594404,1,0
1592000,1592000,0,1,1,1,1,0.0,1.0,1.0,0,1,1,0
1592001,1592000,1,0,2,255,0,1.0,0.995,0.99,1000,2,1,0
1592002,1592000,3,0,3,492,27,2.0,0.99,0.9,5000,1595404,1,0
1592004,1592001,0,1,1,1,1,0.0,1.0,1.0,0,1,1,0
1592005,1592001,1,0,2,255,0,1.0,0.995,0.99,1000,2,1,0
1592006,1592001,3,0,3,492,27,2.0,0.99,0.9,5000,1595404,1,0
1599000,1599000,3,1,1,1,1,0.0,0.99,0.9,0,1602401,1,0
1601000,1601000,0,1,1,1,1,0.0,1.0,1.0,0,1604401,1,0
1601001,1601000,3,0,2,492,27,2.0,0.99,0.9,5000,1604402,1,0
1607000,1607000,0,1,1,1,1,0.0,1.0,1.0,0,1,1,0
1607001,1607000,1,0,2,121,0,1.0,0.995,0.99,1000,2,1,0
1607002,1607000,1,0,3,121,0,1.0,0.995,0.99,1000,2,1,0
1607003,1607000,1,0,4,292,0,1.0,0.995,0.99,1000,2,1,0
1607004,1607000,1,0,5,19,0,1.0,0.995,0.99,1000,2,1,0
1607005,1607000,3,0,6,492,27,2.0,0.99,0.9,5000,1610406,1,0
1627000,1627000,0,1,1,1,1,0.0,1.0,1.0,0,1,1,0
1627001,1627000,1,0,2,25,2,1.0,0.995,0.99,1000,2,1,0
1627003,1627000,1,0,4,492,0,70.0,1.02,0.99,1000,2,1,0
1627004,1627000,3,0,5,492,27,2.0,0.99,0.9,5000,1630405,1,0
1627005,1627001,0,1,6,25,1,0.0,1.0,1.0,0,1,1,0
1627006,1627001,1,0,7,25,2,1.0,0.995,0.99,1000,2,1,0
1627008,1627001,1,0,9,492,0,70.0,1.02,0.99,1000,2,1,0
1627009,1627001,3,0,10,492,27,2.0,0.99,0.9,5000,1630405,1,0
1651000,1651000,3,1,1,1,1,0.0,0.99,0.9,0,1654401,1,0
1651001,1651000,4,0,2,636,27,-4.0,1.0,1.0,1000,20,0,0
1652000,1652000,0,1,1,1,1,0.0,1.0,1.0,0,1,1,0
1652001,1652000,3,0,2,492,27,2.0,0.99,0.9,5000,1655402,1,0
1653000,1653000,0,1,1,1,1,0.0,1.0,1.0,0,1656401,1,0
1653001,1653000,3,0,2,492,27,2.0,0.99,0.9,5000,1656402,1,0
1654000,1654000,0,1,1,1,1,0.0,1.0,1.0,0,1657401,1,0
1654001,1654000,3,0,2,492,27,2.0,0.99,0.9,5000,1657402,1,0
1655000,1655000,0,1,1,1,1,0.0,1.0,1.0,0,1,1,0
1655001,1655000,1,0,2,24,5,1.0,0.995,0.99,1000,2,1,0
1655003,1655000,1,0,4,61,8,1.0,0.995,0.99,1000,2,1,0
1655004,1655000,1,0,5,36,10,1.0,0.995,0.99,1000,2,1,0
1655006,1655000,1,0,7,41,13,1.0,0.995,0.99,1000,2,1,0
1655007,1655000,3,0,8,492,27,2.0,0.99,0.9,5000,1658409,1,0
1658000,1658000,0,1,1,1,1,0.0,1.0,1.0,0,1,1,0
1658001,1658000,1,0,2,25,0,1.0,0.995,0.99,1000,2,1,0
1658002,1658000,3,0,3,492,27,2.0,0.99,0.9,5000,1661403,1,0
1662000,1662000,0,1,1,1,1,0.0,1.0,1.0,0,1,1,0
1662001,1662000,1,0,2,492,27,1.0,0.995,0.99,1000,2,1,0
1662002,1662000,1,0,3,492,27,1.0,0.995,0.99,1000,2,1,0
1662003,1662000,1,0,4,492,27,1.0,0.995,0.99,1000,2,1,0
1662004,1662000,3,0,6,492,27,2.0,0.99,0.9,5000,1665403,1,0
1662006,1662000,4,0,7,418,27,2.0,0.99,0.9,1000,20,1,0
1662007,1662001,0,1,8,1,1,0.0,1.0,1.0,0,1,1,0
1662008,1662001,1,0,9,492,27,1.0,0.995,0.99,1000,2,1,0
1662010,1662001,1,0,11,492,27,1.0,0.995,0.99,1000,2,1,0
1662011,1662001,2,0,12,418,27,1.0,0.995,0.99,2500,3,1,0
1662012,1662001,3,0,13,492,27,2.0,0.99,0.9,5000,1665403,1,0
1662013,1662001,4,0,14,418,27,2.0,0.99,0.9,1000,20,1,0
1662014,1662000,2,0,15,418,27,1.0,0.995,0.99,2500,3,1,0
1662015,1662000,3,0,16,492,27,2.0,0.99,0.9,5000,1665403,1,0
1667000,1667000,0,1,1,1,1,0.0,1.0,1.0,0,1670401,1,0
1667001,1667000,3,0,2,492,27,2.0,0.99,0.9,5000,1670402,1,0
1668000,1668000,0,1,1,1,1,0.0,1.0,1.0,0,1,1,0
1668001,1668000,3,0,2,492,27,2.0,0.99,0.9,5000,1671402,1,0
2002000,2002000,0,1,1,1,1,0.0,1.0,1.0,0,2005401,1,0
2002001,2002000,3,0,2,492,27,2.0,0.99,0.9,5000,2005403,1,0
2002002,2002001,2,1,3,660,0,0.0,1.0,1.0,0,2005401,1,0
2003000,2003000,0,1,1,1,1,0.0,1.0,1.0,0,1,1,0
2003001,2003000,3,0,2,492,27,2.0,0.99,0.9,5000,2006402,1,0
2004000,2004000,0,1,1,1,1,0.0,1.0,1.0,0,1,1,0
2004001,2004000,3,0,2,492,27,2.0,0.99,0.9,5000,2007402,1,0
2005000,2005000,0,1,1,1,1,0.0,1.0,1.0,0,1,1,0
2005001,2005000,3,0,2,492,27,2.0,0.99,0.9,5000,2008402,1,0
2006000,2006000,0,1,1,1,1,0.0,1.0,1.0,0,1,1,0
2006001,2006000,3,0,2,492,27,2.0,0.99,0.9,5000,2009402,1,0
2007000,2007000,0,1,1,1,1,0.0,1.0,1.0,0,1,1,0
2007001,2007000,1,0,2,24,5,1.0,0.995,0.99,1000,2,1,0
2007003,2007000,1,0,4,61,8,1.0,0.995,0.99,1000,2,1,0
2007004,2007000,1,0,5,36,10,1.0,0.995,0.99,1000,2,1,0
2007006,2007000,1,0,7,41,13,1.0,0.995,0.99,1000,2,1,0
2007007,2007000,3,0,8,492,27,2.0,0.99,0.9,5000,2010409,1,0
2009000,2009000,0,1,1,1,1,0.0,1.0,1.0,0,1,1,0
2009001,2009000,3,0,2,492,2,2.0,0.99,0.9,5000,2012402,1,0
2009002,2009001,3,1,3,492,2,0.0,0.99,0.9,0,2012402,1,0
2010000,2010000,0,1,1,1,1,0.0,1.0,1.0,0,1,1,0
2010001,2010000,3,0,2,492,1,2.0,0.99,0.9,5000,2013402,1,0
2010002,2010001,3,1,3,660,1,0.0,0.99,0.9,0,2013402,1,0
2011000,2011000,0,1,1,1,1,0.0,1.0,1.0,0,1,1,0
2011001,2011000,3,0,2,492,2,2.0,0.99,0.9,5000,2014402,1,0
2018000,2018000,0,1,1,1,0,0.0,1.0,1.0,0,1,1,0
2018001,2018000,3,0,2,492,0,2.0,0.99,0.9,5000,2021402,1,0
2019000,2019000,0,1,1,1,0,0.0,1.0,1.0,0,1,1,0
2019001,2019000,3,0,2,492,0,2.0,0.99,0.9,5000,2022402,1,0
2021000,2021000,0,1,1,1,0,0.0,1.0,1.0,0,1,1,0
2021001,2021000,3,0,2,492,0,2.0,0.99,0.9,5000,2024402,1,0
2022000,2022000,0,1,1,1,0,0.0,1.0,1.0,0,1,1,0
2022001,2022000,3,0,2,492,0,2.0,0.99,0.9,5000,2025402,1,0
2034000,2034000,0,1,1,1,0,0.0,1.0,1.0,0,2037401,1,0
2034001,2034000,3,0,2,492,0,2.0,0.99,0.9,5000,2037402,1,0
2040000,2040000,3,1,1,1,0,0.0,0.99,0.9,0,2043401,1,0
2042000,2042000,3,1,1,1,0,0.0,0.99,0.9,0,2045401,1,0
2049000,2049000,0,1,1,1,0,0.0,1.0,1.0,0,1,1,0
2049001,2049000,3,0,2,492,0,2.0,0.99,0.9,5000,2052402,1,0
2066000,2066000,0,1,1,1,0,0.0,1.0,1.0,0,1,1,0
2068000,2068000,0,1,1,1,0,0.0,1.0,1.0,0,1,1,0
2069000,2069000,0,1,1,1,0,0.0,1.0,1.0,0,1,1,0
2096000,2096000,0,1,1,1,0,0.0,1.0,1.0,0,1,1,0
2105000,2105000,0,1,1,1,0,0.0,1.0,1.0,0,1,1,0
2105001,2105000,3,0,2,492,0,2.0,0.99,0.9,5000,2108402,1,0
2108000,2108000,0,1,1,1,0,0.0,1.0,1.0,0,1,1,0
2108001,2108000,1,0,2,621,0,1.0,0.995,0.99,1000,2,1,0
2108002,2108000,1,0,3,621,0,1.0,0.995,0.99,1000,2,1,0
2108003,2108000,1,0,4,492,0,70.0,1.02,1.0,1000,2,1,0
2108004,2108000,3,0,5,492,0,2.0,0.99,0.9,5000,2111404,1,0
2108005,2108001,0,1,6,621,0,0.0,1.0,1.0,0,1,1,0
2108006,2108001,1,0,7,492,0,70.0,1.02,1.0,1000,2,1,0
2108007,2108001,3,0,8,492,0,2.0,0.99,0.9,5000,2111404,1,0
2119000,2119000,0,1,1,1,0,0.0,1.0,1.0,0,1,1,0
2119001,2119000,3,0,2,492,0,2.0,0.99,0.9,5000,2122402,1,0
2121000,2121000,0,1,1,1,0,0.0,1.0,1.0,0,1,1,0
2121001,2121000,3,0,2,492,0,2.0,0.99,0.9,5000,2124402,1,0
2131000,2131000,0,1,1,1,0,0.0,1.0,1.0,0,1,1,0
2131001,2131000,3,0,2,492,0,2.0,0.99,0.9,5000,2134402,1,0
2133000,2133000,0,1,1,1,0,0.0,1.0,1.0,0,1,1,0
2133001,2133000,3,0,2,492,0,2.0,0.99,0.9,5000,2136402,1,0
2135000,2135000,0,1,1,1,0,0.0,1.0,1.0,0,1,1,0
2135001,2135000,1,0,2,194,0,1.0,0.995,0.99,1000,2,1,0
2135002,2135000,1,0,3,194,0,1.0,0.995,0.99,1000,2,1,0
2135003,2135000,1,0,4,194,0,1.0,0.995,0.99,1000,2,1,0
2135004,2135000,3,0,5,492,0,2.0,0.99,0.9,5000,2138405,1,0
2142000,2142000,0,1,1,1,0,0.0,1.0,1.0,0,1,1,0
2142001,2142000,3,0,2,492,0,2.0,0.99,0.9,5000,2145402,1,0
2145000,2145000,0,1,1,1,0,0.0,1.0,1.0,0,1,1,0
2146000,2146000,0,1,1,1,0,0.0,1.0,1.0,0,1,1,0
2146001,2146000,2,0,2,492,0,2.0,0.992,0.95,2500,3,1,0
2147000,2147000,3,1,1,1,0,0.0,0.99,0.9,0,2150401,1,0
2148000,2148000,0,1,1,1,0,0.0,1.0,1.0,0,1,1,0
2149000,2149000,0,1,1,1,0,0.0,1.0,1.0,0,1,1,0
2149001,2149000,2,0,2,492,0,2.0,0.992,0.95,2500,3,1,0
2149002,2149000,3,0,3,492,0,2.0,0.99,0.9,5000,2152403,1,0
2151000,2151000,0,1,1,1,0,0.0,1.0,1.0,0,1,1,0
2151001,2151000,3,0,2,492,0,2.0,0.99,0.9,5000,2154402,1,0
2151002,2151000,4,0,3,294,0,-2.0,1.0,1.0,1000,20,0,0
2154000,2154000,0,1,1,1,0,0.0,1.0,1.0,0,2157401,1,0
2154001,2154000,3,0,2,492,0,2.0,0.99,0.9,5000,2157403,1,0
2154002,2154001,3,1,3,660,0,2.0,0.99,0.9,0,2157403,1,0
2154003,2154000,2,0,4,765,0,2.0,0.992,0.95,2500,2157401,1,0
2154004,2154000,2,0,5,94,0,2.0,0.99,0.9,2500,2157401,1,0
2158000,2158000,0,1,1,1,0,0.0,1.0,1.0,0,1,1,0
2158001,2158000,1,0,2,167,0,1.0,0.995,0.99,1000,2,1,0
2158002,2158000,3,0,3,492,0,2.0,0.99,0.9,5000,2161403,1,0
2162000,2162000,0,1,1,1,0,0.0,1.0,1.0,0,1,1,0
2162001,2162000,3,0,2,492,0,2.0,0.99,0.9,5000,2165402,1,0
2162002,2162001,3,1,3,492,0,0.0,1.0,1.0,0,2165402,1,0
2163000,2163000,2,1,1,1,0,0.0,0.992,0.95,0,2166401,1,0
2163001,2163000,3,0,2,492,0,0.0,0.99,0.9,5000,2166402,1,0
2164000,2164000,0,1,1,1,0,0.0,1.0,1.0,0,1,1,0
2164001,2164000,2,0,2,758,0,2.0,0.99,1.0,2500,1,1,0
2164002,2164000,3,0,3,492,0,2.0,0.99,0.9,5000,2167403,1,0
2164003,2164001,3,1,4,660,0,0.0,0.99,0.9,0,2167403,1,0
2168000,2168000,0,1,1,1,0,0.0,1.0,1.0,0,1,1,0
2168001,2168000,1,0,2,492,0,1.0,0.995,0.99,1000,2,1,0
2168002,2168000,3,0,3,492,0,2.0,0.99,0.9,5000,2171403,1,0
2171000,2171000,0,1,1,1,0,0.0,1.0,1.0,0,1,1,0
2171001,2171000,3,0,2,492,0,2.0,0.99,0.9,5000,2174402,1,0
2173000,2173000,0,1,1,1,0,0.0,1.0,1.0,0,1,1,0
2173001,2173000,3,0,2,492,0,2.0,0.99,0.9,5000,2176402,1,0
2175000,2175000,0,1,1,1,0,0.0,1.0,1.0,0,1,1,0
2175001,2175000,3,0,2,492,0,2.0,0.99,0.9,5000,2178402,1,0
2176000,2176000,0,1,1,1,0,0.0,1.0,1.0,0,1,1,0
2176001,2176000,3,0,2,492,0,2.0,0.99,0.9,5000,2179402,1,0
2177000,2177000,2,1,1,1,0,0.0,0.992,0.95,0,2180401,1,0
2177001,2177000,3,0,2,492,0,0.0,0.99,0.9,5000,2180402,1,0
2178000,2178000,0,1,1,1,0,0.0,1.0,1.0,0,1,1,0
2178001,2178000,3,0,2,492,0,2.0,0.99,0.9,5000,2181402,1,0
2179000,2179000,0,1,1,1,0,0.0,1.0,1.0,0,1,1,0
2179001,2179000,3,0,2,492,0,2.0,0.99,0.9,5000,2182402,1,0
2180000,2180000,0,1,1,1,0,0.0,1.0,1.0,0,1,1,0
2180001,2180000,3,0,2,492,0,2.0,0.99,0.9,5000,2183402,1,0
2180002,2180001,3,1,3,492,0,0.0,1.0,1.0,0,2183402,1,0
2181000,2181000,0,1,1,1,0,0.0,1.0,1.0,0,1,1,0
2181001,2181000,3,0,2,492,0,2.0,0.99,0.9,5000,2184402,1,0
2182000,2182000,0,1,1,1,0,0.0,1.0,1.0,0,1,1,0
2182001,2182000,3,0,2,492,0,2.0,0.99,0.9,5000,2185402,1,0
2183000,2183000,0,1,1,1,0,0.0,1.0,1.0,0,2186401,1,0
2183001,2183000,3,0,2,492,0,2.0,0.99,0.9,5000,2186402,1,0
2184000,2184000,0,1,1,1,0,0.0,1.0,1.0,0,1,1,0
2184001,2184000,3,0,2,492,0,2.0,0.99,0.9,5000,2187402,1,0
2185000,2185000,0,1,1,1,0,0.0,1.0,1.0,0,1,1,0
2185001,2185000,3,0,2,492,0,2.0,0.99,0.9,5000,2188402,1,0
2187000,2187000,0,1,1,1,0,0.0,1.0,1.0,0,1,1,0
2187001,2187000,2,0,2,492,0,2.0,0.992,0.95,2500,3,1,0
2187002,2187000,3,0,3,492,0,2.0,0.99,0.9,5000,2190403,1,0
2188000,2188000,3,1,1,1,0,0.0,0.99,0.9,0,2191401,1,0
2189000,2189000,0,1,1,1,0,0.0,1.0,1.0,0,2192401,1,0
2189001,2189000,3,0,2,492,0,2.0,0.99,0.9,5000,2192402,1,0
2189002,2189001,3,1,3,660,0,0.0,0.99,0.9,0,2192402,1,0
2209000,2209000,0,1,1,1,0,0.0,1.0,1.0,0,2212401,1,0
2209001,2209000,3,0,2,492,0,2.0,0.99,0.9,5000,2212402,1,0
2235000,2235000,0,1,1,1,0,0.0,1.0,1.0,0,2238401,1,0
2235001,2235000,3,0,2,492,0,2.0,0.99,0.9,5000,2238402,1,0
2258000,2258000,0,1,1,1,0,0.0,1.0,1.0,0,1,1,0
2258001,2258000,3,0,2,492,0,-2.2,0.99,0.9,5000,2261402,1,0
2258002,2258000,4,0,3,294,0,-3.5,1.0,1.0,1000,20,0,0
2262000,2262000,0,1,1,1,0,0.0,1.0,1.0,0,1,1,0
2262001,2262000,3,0,2,492,0,2.0,0.99,0.9,5000,2265402,1,0
2262100,2262001,3,1,1,1,0,0.0,1.0,1.0,0,2265402,1,0
2263000,2263000,0,1,1,1,0,0.0,1.0,1.0,0,1,1,0
2263001,2263000,3,0,2,492,0,2.0,0.99,0.9,5000,2266403,1,0
2263002,2263001,1,1,3,660,0,1.0,0.995,0.99,0,2,1,0
2267000,2267000,0,1,1,1,0,0.0,1.0,1.0,0,1,1,0
2267001,2267000,3,0,2,492,0,2.0,0.99,0.9,5000,2270402,1,0
2270000,2270000,0,1,1,1,0,0.0,1.0,1.0,0,1,1,0
2270001,2270000,3,0,2,492,0,2.0,0.99,0.9,5000,2273402,1,0
2289000,2289000,0,1,1,1,0,0.0,1.0,1.0,0,2292401,1,0
2289001,2289000,3,0,2,492,0,2.0,0.99,0.9,5000,2292402,1,0
2290000,2290000,2,1,1,1,0,0.0,0.992,0.95,0,2293401,1,0
2290001,2290000,3,0,2,492,0,0.0,0.99,0.9,5000,2293402,1,0
2293000,2293000,0,1,1,1,0,0.0,1.0,1.0,0,1,1,0
2293001,2293000,3,0,2,492,0,2.0,0.99,0.9,5000,2296402,1,0
2297000,2297000,2,1,1,1,0,0.0,0.992,0.95,0,2300401,1,0
2297001,2297000,3,0,2,492,0,0.0,0.99,0.9,5000,2300402,1,0
2352000,2352000,0,1,1,1,0,0.0,1.0,1.0,0,2355401,1,0
2352001,2352000,3,0,2,492,0,2.0,0.99,0.9,5000,2355402,1,0
2357000,2357000,0,1,1,1,0,0.0,1.0,1.0,0,2360401,1,0
2357001,2357000,3,0,2,492,0,2.0,0.99,0.9,5000,2360402,1,0
2357002,2357001,3,1,3,492,0,2.0,0.99,0.9,0,2360402,1,0
2363000,2363000,0,1,1,1,0,0.0,1.0,1.0,0,2366401,1,0
2363001,2363000,3,0,2,492,0,2.0,0.99,0.9,5000,2366402,1,0
2371000,2371000,3,1,1,1,0,0.0,0.99,0.9,0,2374401,1,0
2372000,2372000,0,1,1,1,0,0.0,1.0,1.0,0,1,1,0
2372001,2372000,3,0,2,492,0,2.0,0.99,0.9,5000,2375402,1,0
2372002,2372000,4,0,3,167,0,-2.0,1.0,1.0,1000,20,0,0
2372100,2372001,0,1,1,1,0,0.0,1.0,1.0,0,1,1,0
2372101,2372001,3,0,2,492,0,2.0,0.99,0.9,5000,2375402,1,0
2372102,2372001,4,0,3,167,0,-2.0,1.0,1.0,1000,20,0,0
2372200,2372002,0,1,1,1,0,0.0,1.0,1.0,0,1,1,0
2372201,2372002,3,0,2,492,0,2.0,0.99,0.9,5000,2375402,1,0
2372202,2372002,4,0,3,167,0,-2.0,1.0,1.0,1000,20,0,0
2397000,2397000,0,1,1,1,0,0.0,1.0,1.0,0,1,1,0
2397001,2397000,1,0,2,492,0,1.0,0.995,0.99,1000,2,1,0
2400000,2400000,0,1,1,1,0,0.0,1.0,1.0,0,2403401,1,0
2400001,2400000,2,0,2,167,0,2.0,0.992,0.95,2500,2403401,1,0
2400002,2400000,3,0,3,492,0,2.0,0.99,0.9,5000,2403403,1,0
2412000,2412000,0,1,1,1,0,0.0,1.0,1.0,0,1,1,0
2412001,2412000,3,0,2,492,0,-5.0,0.99,0.9,5000,2415402,1,0
2412002,2412000,4,0,3,118,0,-7.0,1.0,1.0,1000,20,0,0
2416000,2416000,0,1,1,1,0,0.0,1.0,1.0,0,1,1,0
2416001,2416000,2,0,2,492,0,2.0,0.992,0.95,2500,3,1,0
2416002,2416000,3,0,3,492,0,2.0,0.99,0.9,5000,2419403,1,0
2416003,2416000,4,0,4,663,0,-2.0,1.0,1.0,1000,20,0,0
2417000,2417000,0,1,1,1,0,0.0,1.0,1.0,0,1,1,0
2417001,2417000,3,0,2,492,0,2.0,0.99,0.9,5000,2420402,1,0
2420000,2420000,0,1,1,1,0,0.0,1.0,1.0,0,1,1,0
2420001,2420000,3,0,2,492,0,2.0,0.99,0.9,5000,2423402,1,0
2421000,2421000,0,1,1,1,0,0.0,1.0,1.0,0,2424401,1,0
2421001,2421000,3,0,2,492,0,2.0,0.99,0.9,5000,2424402,1,0
2422000,2422000,0,1,1,1,0,0.0,1.0,1.0,0,1,1,0
2422001,2422001,1,1,2,492,0,75.0,1.1,0.99,0,2,1,0
2422002,2422000,3,0,3,492,0,2.0,0.99,0.9,5000,2425403,1,0
2423000,2423000,3,1,1,1,0,0.0,0.99,0.9,0,2426401,1,0
2424000,2424000,0,1,1,1,0,0.0,1.0,1.0,0,1,1,0
2424001,2424000,3,0,2,492,0,2.0,0.99,0.9,5000,2427402,1,0
2427000,2427000,0,1,1,1,0,0.0,1.0,1.0,0,1,1,0
2427001,2427000,3,0,2,492,0,2.0,0.99,0.9,5000,2430402,1,0
2430000,2430000,0,1,1,1,0,0.0,1.0,1.0,0,1,1,0
2430001,2430000,1,0,2,636,26,19.0,0.995,0.99,1000,2,1,0
2431000,2431000,0,1,1,1,0,0.0,1.0,1.0,0,1,1,0
2431001,2431000,3,0,2,492,0,2.0,0.99,0.9,5000,2434402,1,0
2437000,2437000,0,1,1,1,0,0.0,1.0,1.0,0,1,1,0
2437001,2437000,3,0,2,492,0,2.0,0.99,0.9,5000,2440402,1,0
2437002,2437001,3,1,3,492,0,2.0,0.99,0.9,0,2440402,1,0
2467000,2467000,0,1,1,1,0,0.0,1.0,1.0,0,2470401,1,0
2467001,2467000,3,0,2,492,0,2.0,0.99,0.9,5000,2470402,1,0
2468000,2468000,0,1,1,1,0,0.0,1.0,1.0,0,2471401,1,0
2468001,2468000,3,0,2,492,0,2.0,0.99,0.9,5000,2471402,1,0
2471000,2471000,0,1,1,1,0,0.0,1.0,1.0,0,1,1,0
2471001,2471000,3,0,2,492,0,2.0,0.99,0.9,5000,2474402,1,0
2472000,2472000,0,1,1,1,0,0.0,1.0,1.0,0,2475401,1,0
2472001,2472000,2,0,2,758,0,2.0,0.992,0.95,2500,2475401,1,0
2472002,2472000,3,0,3,492,0,2.0,0.99,0.9,5000,2475403,1,0
2473000,2473000,0,1,1,1,0,0.0,1.0,1.0,0,2476401,1,0
2473001,2473000,3,0,2,492,0,2.0,0.99,0.9,5000,2476402,1,0
2474000,2474000,2,1,1,1,0,0.0,0.992,0.95,0,2477401,1,0
2474001,2474000,3,0,2,492,0,0.0,0.99,0.9,5000,2477402,1,0
2477000,2477000,0,1,1,1,0,0.0,1.0,1.0,0,1,1,0
2477001,2477000,1,0,2,118,0,1.0,0.995,0.99,1000,2,1,0
2477002,2477000,3,0,3,492,0,2.0,0.99,0.9,5000,2480403,1,0
2479000,2479000,2,1,1,1,0,0.0,0.992,0.95,0,2482401,1,0
2479001,2479000,3,0,2,492,0,2.0,0.99,0.9,5000,2482402,1,0
2486000,2486000,3,1,1,1,0,0.0,0.99,0.9,0,2489401,1,0
2492000,2492000,0,1,1,1,0,0.0,1.0,1.0,0,2495401,1,0
2492001,2492000,3,0,2,492,0,2.0,0.99,0.9,5000,2495402,1,0
2493000,2493000,2,1,1,1,0,0.0,0.992,0.95,0,2496401,1,0
2493001,2493000,3,0,2,492,0,1.814,0.99,0.9,5000,2496402,1,0
2494000,2494000,0,1,1,1,0,0.0,1.0,1.0,0,1,1,0
2494001,2494000,1,0,2,492,0,1.0,0.995,0.99,1000,2,1,0
2494002,2494000,3,0,3,492,0,2.0,0.99,0.9,5000,2497403,1,0
2494003,2494001,0,1,4,194,0,0.0,1.0,1.0,0,1,1,0
2494004,2494001,1,0,5,492,0,70.0,1.02,0.99,1000,2,1,0
2494005,2494001,3,0,6,492,0,2.0,0.99,0.9,5000,2497403,1,0
2507000,2507000,0,1,1,1,0,0.0,1.0,1.0,0,1,1,0
2507001,2507000,3,0,2,492,0,2.0,0.99,0.9,5000,2510402,1,0
2507002,2507000,4,0,3,35,0,-2.0,1.0,1.0,1000,20,0,0
2510000,2510000,0,1,1,1,0,0.0,1.0,1.0,0,1,1,0
2510001,2510001,1,1,2,492,0,75.0,1.1,0.99,0,2,1,0
2510002,2510000,3,0,3,492,0,2.0,0.99,0.9,5000,2513403,1,0
2511000,2511000,0,1,1,1,0,0.0,1.0,1.0,0,1,1,0
2511001,2511000,1,0,2,621,0,1.0,0.995,0.99,1000,2,1,0
2511002,2511000,3,0,3,492,0,2.0,0.99,0.9,5000,2514403,1,0
2512000,2512000,0,1,1,1,0,0.0,1.0,1.0,0,2515401,1,0
2512001,2512000,2,0,2,206,0,2.0,0.992,0.95,2500,2515401,1,0
2512002,2512000,3,0,3,492,0,2.0,0.99,0.9,5000,2515403,1,0
2512100,2512001,0,1,1,206,0,2.0,1.0,1.0,200,2515401,1,0
2512101,2512001,2,0,2,206,0,2.0,0.992,0.95,2500,2515401,1,0
2512102,2512001,3,0,3,492,0,2.0,0.99,0.9,5000,2515403,1,0
2515000,2515000,0,1,1,1,0,0.0,1.0,1.0,0,1,1,0
2517000,2517000,0,1,1,1,0,0.0,1.0,1.0,0,1,1,0
2521000,2521000,0,1,1,1,0,0.0,1.0,1.0,0,1,1,0
2526000,2526000,3,1,1,1,0,0.0,0.99,0.9,0,2529401,1,0
2527000,2527000,0,1,1,1,0,0.0,1.0,1.0,0,2530401,1,0
2527001,2527000,3,0,2,492,0,2.0,0.99,0.9,5000,2530402,1,0
2528000,2528000,2,1,1,1,0,0.0,0.992,0.95,0,2531401,1,0
2528001,2528000,3,0,2,492,0,0.0,0.99,0.9,5000,2531402,1,0
2529000,2529000,0,1,1,1,0,0.0,1.0,1.0,0,2532401,1,0
2529001,2529000,3,0,2,492,0,2.0,0.99,0.9,5000,2532402,1,0
2534000,2534000,0,1,1,1,0,0.0,1.0,1.0,0,2537401,1,0
2534001,2534000,3,0,2,492,0,2.0,0.99,0.9,5000,2537402,1,0
2541000,2541000,3,1,1,1,0,0.0,0.99,0.9,0,2544401,1,0
2544000,2544000,3,1,1,1,0,0.0,0.99,0.9,0,2547401,1,0
2549000,2549000,3,1,1,1,0,0.0,0.99,0.9,0,2552401,1,0
2551000,2551000,0,1,1,1,0,0.0,1.0,1.0,0,1,1,0
2551001,2551001,1,1,2,492,0,75.0,1.1,0.99,0,2,1,0
2551002,2551000,3,0,3,492,0,2.0,0.99,0.9,5000,2554403,1,0
2552000,2552000,0,1,1,1,0,0.0,1.0,1.0,0,1,1,0
2558000,2558000,0,1,1,1,0,0.0,1.0,1.0,0,1,1,0
2558001,2558000,1,0,2,492,0,27.2155,1.02,0.99,1000,2,1,0
2558002,2558000,1,0,3,492,0,4.53592,1.02,0.99,1000,2,1,0
2558003,2558000,1,0,4,492,0,31.7515,1.05,0.99,1000,2,1,0
2558004,2558000,3,0,5,492,0,2.0,0.99,0.9,5000,2561405,1,0
2558005,2558000,4,0,6,675,0,-6.80389,0.98,1.0,1000,20,0,0
2559000,2559000,0,1,1,1,0,0.0,1.0,1.0,0,1,1,0
2559001,2559000,3,0,2,492,0,2.0,0.99,0.9,5000,2562402,1,0
2559002,2559000,4,0,3,220,0,-2.0,1.0,1.0,1000,20,0,0
2560000,2560000,0,1,1,1,0,0.0,1.0,1.0,0,1,1,0
2560001,2560000,1,0,2,194,0,4.0,0.995,0.99,1000,2,1,0
2560002,2560000,3,0,3,492,0,2.0,0.99,0.9,5000,2563403,1,0
2560003,2560000,4,0,4,194,0,-2.0,1.0,1.0,1000,20,0,0
2562000,2562000,0,1,1,1,0,0.0,1.0,1.0,0,1,1,0
2562001,2562000,3,0,2,492,0,2.0,0.99,0.9,5000,2565402,1,0
2563000,2563000,0,1,1,1,0,0.0,1.0,1.0,0,1,1,0
2563001,2563000,3,0,2,492,0,2.0,0.99,0.9,5000,2566402,1,0
2563100,2563001,0,1,1,1,0,0.0,1.0,1.0,0,1,1,0
2563101,2563001,3,0,2,492,0,2.0,0.99,0.9,5000,2566402,1,0
2566000,2566000,0,1,1,1,0,0.0,1.0,1.0,0,1,1,0
2566001,2566000,1,0,2,492,0,1.0,0.995,0.99,1000,2,1,0
2566002,2566000,1,0,3,492,0,1.0,0.995,0.99,1000,2,1,0
2566003,2566000,1,0,4,492,0,1.0,0.995,0.99,1000,2,1,0
2568000,2568000,0,1,1,1,1,0.0,1.0,1.0,0,2,1,0
2569000,2569000,2,1,1,1,0,0.0,0.992,0.95,0,2572401,1,0
2569001,2569000,3,0,2,492,0,0.0,0.99,0.9,5000,2572402,1,0
2570000,2570000,0,1,1,1,0,0.0,1.0,1.0,0,1,1,0
2570001,2570000,3,0,2,492,0,2.0,0.99,0.9,5000,2573402,1,0
2571000,2571000,0,1,1,1,0,0.0,1.0,1.0,0,1,1,0
2571001,2571000,1,0,2,492,0,1.0,0.995,0.99,1000,2,1,0
2571002,2571000,3,0,3,492,0,2.0,0.99,0.9,5000,2574403,1,0
2571003,2571001,0,1,4,220,0,0.0,1.0,1.0,0,1,1,0
2571004,2571001,1,0,5,492,0,70.0,1.02,0.99,1000,2,1,0
2571005,2571001,3,0,6,492,0,2.0,0.99,0.9,5000,2574403,1,0
2571006,2571000,1,0,7,94,0,2.0,1.0,1.0,1000,2,1,0
2574000,2574000,0,1,1,1,0,0.0,1.0,1.0,0,1,1,0
2575000,2575000,0,1,1,1,0,0.0,1.0,1.0,0,2578401,1,0
2575001,2575000,3,0,2,492,0,2.0,0.99,0.9,5000,2578402,1,0
2577000,2577000,2,1,1,1,0,0.0,0.992,0.95,0,2580401,1,0
2577001,2577000,3,0,2,492,0,2.0,0.99,0.9,5000,2580402,1,0
2580000,2580000,0,1,1,1,0,0.0,1.0,1.0,0,1,1,0
2580001,2580000,3,0,2,492,0,2.0,0.99,0.9,5000,2583402,1,0
2585000,2585000,0,1,1,1,0,0.0,1.0,1.0,0,1,1,0
2585001,2585000,3,0,2,492,0,2.0,0.99,0.9,5000,2588402,1,0
2586000,2586000,0,1,1,1,0,0.0,1.0,1.0,0,1,1,0
2586001,2586000,3,0,2,492,0,2.0,0.99,0.9,5000,2589402,1,0
2613000,2613000,0,1,1,1,0,0.0,1.0,1.0,0,1,1,0
2613001,2613000,3,0,2,492,0,2.0,0.99,0.9,5000,2616402,1,0
2614000,2614000,0,1,1,1,0,0.0,1.0,1.0,0,1,1,0
2614001,2614000,1,0,2,167,0,1.0,0.995,0.99,1000,2,1,0
2614002,2614000,3,0,3,492,0,2.0,0.99,0.9,5000,2617403,1,0
2616000,2616000,0,1,1,1,0,0.0,1.0,1.0,0,2619401,1,0
2616001,2616000,3,0,2,492,0,2.0,0.99,0.9,5000,2619402,1,0
2618000,2618000,0,1,1,1,0,0.0,1.0,1.0,0,2621401,1,0
2618001,2618000,3,0,2,492,0,2.0,0.99,0.9,5000,2621402,1,0
2624000,2624000,2,1,1,1,0,0.0,0.992,0.95,0,2627401,1,0
2624001,2624000,3,0,2,492,0,0.0,0.99,0.9,5000,2627402,1,0
2625000,2625000,0,1,1,1,0,0.0,1.0,1.0,0,1,1,0
2625001,2625000,1,0,2,492,0,1.0,0.995,0.99,1000,2,1,0
2625002,2625000,3,0,3,492,0,2.0,0.99,0.9,5000,2628403,1,0
2625003,2625001,0,1,4,115,0,0.0,1.0,1.0,0,1,1,0
2625004,2625001,1,0,5,492,0,70.0,1.02,1.0,1000,2,1,0
2625005,2625001,3,0,6,492,0,2.0,0.99,0.9,5000,2628403,1,0
2628000,2628000,3,1,1,1,0,0.0,0.99,0.9,0,2631401,1,0
2636000,2636000,0,1,1,1,0,0.0,1.0,1.0,0,1,1,0
2647000,2647000,0,1,1,1,0,0.0,1.0,1.0,0,2650401,1,0
2647001,2647000,3,0,2,492,0,2.0,0.99,0.9,5000,2650402,1,0
2649000,2649000,0,1,1,1,0,0.0,1.0,1.0,0,1,1,0
2649001,2649000,1,0,2,492,0,1.0,0.995,0.99,1000,2,1,0
2649002,2649000,3,0,3,492,0,2.0,0.99,0.9,5000,2652403,1,0
2654000,2654000,2,1,1,1,0,0.0,0.992,0.95,0,2657401,1,0
2656000,2656000,0,1,1,1,0,0.0,1.0,1.0,0,1,1,0
2656001,2656000,3,0,2,492,0,-11.0,0.99,0.9,5000,2659402,1,0
2659000,2659000,0,1,1,1,0,0.0,1.0,1.0,0,1,1,0
2659002,2659000,1,0,3,24,0,1.0,0.995,0.99,1000,2,1,0
2659003,2659000,3,0,4,492,0,2.0,0.99,0.9,5000,2662404,1,0
2662000,2662000,0,1,1,1,0,0.0,1.0,1.0,0,1,1,0
2662001,2662000,1,0,2,492,0,1.0,0.995,0.99,1000,2,1,0
2662002,2662000,1,0,3,492,0,1.0,0.995,0.99,1000,2,1,0
2662003,2662000,1,0,4,492,0,1.0,0.995,0.99,1000,2,1,0
2663000,2663000,0,1,1,1,0,0.0,1.0,1.0,0,1,1,0
2665000,2665000,0,1,1,1,0,0.0,1.0,1.0,0,1,1,0
2665001,2665000,3,0,2,492,0,2.0,0.99,0.9,5000,2668402,1,0
2708000,2708000,0,1,1,1,0,0.0,1.0,1.0,0,1,1,0
2708001,2708000,3,0,2,492,0,2.0,0.99,0.9,5000,2711402,1,0
2710000,2710000,0,1,1,1,0,0.0,1.0,1.0,0,1,1,0
2710001,2710000,3,0,2,492,0,2.0,0.99,0.9,5000,2713402,1,0
2711000,2711000,0,1,1,1,0,0.0,1.0,1.0,0,1,1,0
2711001,2711000,3,0,2,492,0,2.0,0.99,0.9,5000,2714402,1,0
2712000,2712000,0,1,1,1,0,0.0,1.0,1.0,0,1,1,0
2712001,2712000,3,0,2,492,0,2.0,0.99,0.9,5000,2715402,1,0
2713000,2713000,2,1,1,1,1,0.0,0.992,0.95,0,3,1,0
2713001,2713000,3,0,2,35,1,0.0,0.99,0.9,5000,2716402,1,0
2714000,2714000,0,1,1,1,1,0.0,1.0,1.0,0,1,1,0
2728000,2728000,0,1,1,1,0,0.0,1.0,1.0,0,1,1,0
2728001,2728000,3,0,2,492,0,2.0,0.99,0.9,5000,2731402,1,0
2729000,2729000,0,1,1,1,0,0.0,1.0,1.0,0,1,1,0
2729001,2729000,3,0,2,492,0,2.0,0.99,0.9,5000,2732402,1,0
2730000,2730000,1,0,1,492,0,-1.0,0.995,0.99,1000,2733402,1,0
2730001,2730000,2,1,2,1,0,0.0,0.992,0.95,0,2733402,1,0
2730002,2730000,3,0,3,492,0,0.0,0.99,0.9,5000,2733403,1,0
2732000,2732000,0,1,1,1,0,0.0,1.0,1.0,0,2735401,1,0
2732001,2732000,3,0,2,492,0,2.0,0.99,0.9,5000,2735402,1,0
2734000,2734000,3,1,1,1,0,0.0,0.99,0.9,0,2737401,1,0
2736000,2736000,3,1,1,1,0,0.0,0.99,0.9,0,2739401,1,0
2738000,2738000,2,1,1,1,0,0.0,0.992,0.95,0,2741401,1,0
2738001,2738000,3,0,2,492,0,0.0,0.99,0.9,5000,2741402,1,0
2739000,2739000,2,1,1,1,0,0.0,0.992,0.95,0,2742401,1,0
2739001,2739000,2,0,2,492,0,0.0,0.992,0.95,2500,2742401,1,0
2741000,2741000,2,1,1,1,0,0.0,0.992,0.95,0,2744401,1,0
2741001,2741000,3,0,2,492,0,0.0,0.99,0.9,5000,2744402,1,0
2742000,2742000,0,1,1,1,0,0.0,1.0,1.0,0,1,1,0
2742001,2742000,1,0,2,492,0,41.0,0.995,0.99,1000,2,1,0
2743000,2743000,0,1,1,1,0,0.0,1.0,1.0,0,1,1,0
2743001,2743000,1,0,2,492,0,15.0,0.995,0.99,1000,2,1,0
2743002,2743000,1,0,3,492,0,22.0,0.99,0.9,1000,2,1,0
2744000,2744000,0,1,1,492,0,0.0,1.0,1.0,0,1,1,0
2744001,2744000,2,0,2,492,0,20.0,0.992,0.95,2500,3,1,0
2750000,2750000,0,1,1,1,0,0.0,1.0,1.0,0,1,1,0
2750001,2750000,3,0,2,492,0,2.0,0.99,0.9,5000,2753402,1,0
2755000,2755000,2,1,1,1,0,0.0,0.992,0.95,0,2758401,1,0
2755001,2755000,3,0,2,492,0,0.0,0.99,0.9,5000,2758402,1,0
2755100,2755001,3,1,11,758,0,0.0,0.99,0.9,0,2758402,1,0
2773000,2773000,0,1,1,1,0,0.0,1.0,1.0,0,2776401,1,0
2773001,2773000,3,0,2,492,0,2.0,0.99,0.9,5000,2776402,1,0
2792000,2792000,0,1,1,1,1,0.0,1.0,1.0,0,1,1,0
2792001,2792000,3,0,2,492,27,2.0,0.99,0.9,5000,2795402,1,0
2793000,2793000,2,1,1,1,1,0.0,0.992,0.95,0,3,1,0
2793001,2793000,3,0,2,492,27,0.0,0.99,0.9,5000,2796402,1,0
2825000,2825000,0,1,1,1,0,0.0,1.0,1.0,0,2828401,1,0
2825001,2825000,3,0,2,492,0,2.0,0.99,0.9,5000,2828402,1,0
2838000,2838000,0,1,1,1,0,0.0,1.0,1.0,0,1,1,0
2838001,2838000,2,0,2,492,0,30.0,1.02,0.9,2500,2841402,1,0
2839000,2839000,0,1,1,1,0,0.0,1.0,1.0,0,1,1,0
2839001,2839000,1,0,2,492,0,1.0,0.995,0.99,1000,2,1,0
2839002,2839000,3,0,3,492,0,2.0,0.99,0.9,5000,2842403,1,0
2839003,2839001,0,1,4,160,0,0.0,1.0,1.0,0,1,1,0
2839004,2839001,1,0,5,492,0,70.0,1.02,0.99,1000,2,1,0
2839005,2839001,3,0,6,492,0,2.0,0.99,0.9,5000,2842403,1,0
2841000,2841000,0,1,1,1,0,0.0,1.0,1.0,0,1,1,0
2841001,2841000,1,0,2,492,0,1.0,0.995,0.99,1000,2,1,0
2841002,2841000,3,0,3,492,0,2.0,0.99,0.9,5000,2844403,1,0
2841003,2841001,0,1,4,621,0,0.0,1.0,1.0,0,1,1,0
2841004,2841001,1,0,5,492,0,70.0,1.02,0.99,1000,2,1,0
2841005,2841001,3,0,6,492,0,2.0,0.99,0.9,5000,2844403,1,0
2844000,2844000,3,1,1,1,0,0.0,0.99,0.9,0,2847401,1,0
2846000,2846000,2,1,1,1,0,0.0,0.992,0.95,0,2849401,1,0
2846002,2846000,3,0,3,492,0,0.0,0.99,0.9,5000,2849403,1,0
2847000,2847000,0,1,1,1,0,0.0,1.0,1.0,0,1,1,0
2847001,2847000,1,0,2,35,0,48.0,0.995,0.99,1000,2,1,0
2847002,2847000,2,0,3,492,0,60.0,1.03,0.9,2500,2850403,1,0
2865000,2865000,0,1,1,1,0,0.0,1.0,1.0,0,1,1,0
2865001,2865000,3,0,2,492,0,2.0,0.99,0.9,5000,2868402,1,0
2870000,2870000,0,1,1,1,0,0.0,1.0,1.0,0,1,1,0
2870001,2870000,3,0,2,492,0,2.0,0.99,0.9,5000,2873402,1,0
2871000,2871000,0,1,1,1,0,0.0,1.0,1.0,0,1,1,0
2871001,2871000,3,0,2,492,0,2.0,0.99,0.9,5000,2874402,1,0
2872000,2872000,0,1,1,1,0,0.0,1.0,1.0,0,1,1,0
2872001,2872000,3,0,2,492,0,2.0,0.99,0.9,5000,2875402,1,0
2894000,2894000,0,1,1,1,0,0.0,1.0,1.0,0,1,1,0
2894001,2894000,3,0,2,492,0,2.0,0.99,0.9,5000,2897402,1,0
2902000,2902000,2,1,1,1,1,0.0,0.992,0.95,0,3,1,0
2902001,2902000,3,0,2,35,1,0.0,0.99,0.9,5000,2905402,1,0
2903000,2903000,0,1,1,1,0,0.0,1.0,1.0,0,1,1,0
2903001,2903000,3,0,2,492,0,2.0,0.99,0.9,5000,2906402,1,0
2905000,2905000,0,1,1,1,0,0.0,1.0,1.0,0,1,1,0
2905001,2905000,3,0,2,492,0,2.0,0.99,0.9,5000,2908402,1,0
2906000,2906000,0,1,1,1,0,0.0,1.0,1.0,0,1,1,0
2906001,2906000,3,0,2,492,0,2.0,0.99,0.9,5000,2909402,1,0
2909000,2909000,0,1,1,1,0,0.0,1.0,1.0,0,1,1,0
2909001,2909000,3,0,2,492,0,2.0,0.99,0.9,5000,2912402,1,0
2910000,2910000,3,1,1,1,0,0.0,0.99,0.9,0,2913401,1,0
2911000,2911000,0,1,1,1,0,0.0,1.0,1.0,0,1,1,0
2911001,2911000,3,0,2,492,0,2.0,0.99,0.9,5000,2914402,1,0
2911002,2911000,4,0,3,692,0,-2.0,1.0,1.0,1000,20,0,0
2930000,2930000,0,1,1,1,0,0.0,1.0,1.0,0,1,1,0
2935000,2935000,0,1,1,1,0,0.0,1.0,1.0,0,1,1,0
2935001,2935000,2,0,2,492,0,40.0,1.02,0.9,2500,3,1,0
2937000,2937000,3,1,1,1,0,0.0,0.99,0.9,0,2940401,1,0
2937001,2937000,3,0,2,492,0,0.0,0.99,0.9,5000,2940402,1,0
2941000,2941000,2,1,1,1,1,0.0,0.992,0.95,0,2944401,1,0
2941001,2941000,3,0,2,492,27,0.0,0.99,0.9,5000,2944402,1,0
2947000,2947000,0,1,1,1,0,0.0,1.0,1.0,0,1,1,0
2948000,2948000,3,1,1,1,1,0.0,0.99,0.9,0,2951401,1,0
2951000,2951000,0,1,1,1,1,0.0,1.0,1.0,0,1,1,0
2964000,2964000,0,1,1,1,0,0.0,1.0,1.0,0,1,1,0
2973000,2973000,0,1,1,1,0,0.0,1.0,1.0,0,1,1,0
2973001,2973000,3,0,2,492,0,2.0,0.99,0.9,5000,2976402,1,0
2974000,2974000,0,1,1,1,0,0.0,1.0,1.0,0,2977401,1,0
2974001,2974000,3,0,2,492,0,2.0,0.99,0.9,5000,2977402,1,0
2976000,2976000,0,1,1,1,0,0.0,1.0,1.0,0,1,1,0
2976001,2976000,3,0,2,492,0,2.0,0.99,0.9,5000,2979402,1,0
2979000,2979000,0,1,1,1,0,0.0,1.0,1.0,0,1,1,0
2979001,2979000,3,0,2,492,0,2.0,0.99,0.9,5000,2982402,1,0
2979002,2979000,4,0,3,167,0,-2.0,1.0,1.0,1000,20,0,0
2980000,2980000,0,1,1,1,0,0.0,1.0,1.0,0,1,1,0
2980001,2980000,3,0,2,492,0,2.0,0.99,0.9,5000,2983402,1,0
2981000,2981000,0,1,1,1,0,0.0,1.0,1.0,0,1,1,0
2981001,2981000,1,0,2,167,0,-3.5,0.99,0.99,1000,2,1,0
2981002,2981000,3,0,3,492,0,2.0,0.99,0.9,5000,2984403,1,0
2982000,2982000,3,1,1,1,0,0.0,0.99,0.9,0,2985401,1,0
2984000,2984000,3,1,1,1,0,0.0,0.99,0.9,0,2987401,1,0
2985000,2985000,0,1,1,1,0,0.0,1.0,1.0,0,1,1,0
2985001,2985000,1,0,2,492,0,1.0,0.995,0.99,1000,2,1,0
2985002,2985000,3,0,3,492,0,2.0,0.99,0.9,5000,2988403,1,0
2985003,2985001,0,1,4,194,0,0.0,1.0,1.0,0,1,1,0
2985004,2985001,1,0,5,492,0,70.0,1.02,0.99,1000,2,1,0
2985005,2985001,3,0,6,492,0,2.0,0.99,0.9,5000,2988403,1,0
2986000,2986000,0,1,1,1,0,0.0,1.0,1.0,0,2989401,1,0
2986001,2986000,1,0,2,492,0,70.0,1.01,0.9,1000,2989402,1,0
2987000,2987000,0,1,1,1,0,0.0,1.0,1.0,0,1,1,0
2987001,2987000,3,0,2,492,0,1.0,0.99,0.9,5000,2990402,1,0
2987002,2987000,4,0,3,700,0,-2.0,1.0,1.0,1000,20,0,0
2988000,2988000,2,1,1,1,0,0.0,0.992,0.95,0,2991401,1,0
2988001,2988000,3,0,2,492,0,0.0,0.99,0.9,5000,2991402,1,0
2989000,2989000,0,1,1,1,0,0.0,1.0,1.0,0,1,1,0
2992000,2992000,0,1,1,1,0,0.0,1.0,1.0,0,1,1,0
2992001,2992000,3,0,2,492,0,2.0,0.99,0.9,5000,2995402,1,0
2993000,2993000,0,1,1,1,0,0.0,1.0,1.0,0,2996401,1,0
2993001,2993000,3,0,2,492,0,2.0,0.99,0.9,5000,2996402,1,0
2995000,2995000,0,1,1,1,0,0.0,1.0,1.0,0,1,1,0
2995001,2995000,1,0,2,294,0,-3.0,0.995,0.99,1000,2,1,0
2995002,2995000,3,0,3,492,0,1.0,0.99,0.9,5000,2998403,1,0
2995003,2995000,4,0,4,294,0,-8.0,1.0,1.0,1000,20,0,0
2996000,2996000,3,1,1,1,0,0.0,0.99,0.9,0,2999401,1,0
2997000,2997000,3,1,1,1,0,0.0,0.99,0.9,0,3000401,1,0
3000000,3000000,3,1,1,1,0,0.0,0.99,0.9,0,3003401,1,0
3003000,3003000,3,1,1,1,0,0.0,0.99,0.9,0,3006401,1,0
3005000,3005000,0,1,1,1,0,0.0,1.0,1.0,0,1,1,0
3005001,3005000,3,0,2,492,0,2.0,0.99,0.9,5000,3008402,1,0
3006000,3006000,3,1,1,1,0,0.0,0.99,0.9,0,3009401,1,0
3007000,3007000,3,1,1,1,0,0.0,0.99,0.9,0,3010401,1,0
3007001,3007000,3,0,2,492,0,9.0,1.01,0.9,5000,3010402,1,0
3007002,3007000,3,0,3,492,0,5.0,1.02,0.9,5000,3010403,1,0
3007003,3007000,3,0,4,492,0,14.0,1.03,0.9,5000,3010404,1,0
3026000,3026000,0,1,1,1,0,0.0,1.0,1.0,0,1,1,0
3026001,3026000,3,0,2,492,0,2.0,0.99,0.9,5000,3029402,1,0
3031000,3031000,3,1,1,1,0,0.0,0.99,0.9,0,3034401,1,0
3031001,3031000,3,0,2,492,0,7.0,0.99,0.9,5000,3034402,1,0
3036000,3036000,0,1,1,1,0,0.0,1.0,1.0,0,1,1,0
3036001,3036000,1,0,2,238,0,1.0,0.995,0.99,1000,2,1,0
3036003,3036000,3,0,4,238,0,2.0,0.99,0.9,5000,3039404,1,0
3036004,3036000,3,0,5,492,0,2.0,0.99,0.9,5000,3039405,1,0
3036005,3036000,4,0,6,238,0,-2.0,1.0,1.0,1000,20,0,0
3037000,3037000,3,1,1,1,0,0.0,0.99,0.9,0,3040401,1,0
3046000,3046000,0,1,1,1,0,0.0,1.0,1.0,0,3049401,1,0
3046001,3046000,3,0,2,492,0,2.0,0.99,0.9,5000,3049402,1,0
3051000,3051000,3,1,1,1,0,0.0,0.99,0.9,0,3054401,1,0
3055000,3055000,2,1,1,1,0,0.0,0.992,0.95,0,3058401,1,0
3055001,3055000,3,0,2,492,0,3.0,0.99,0.9,5000,3058402,1,0
3063000,3063000,0,1,1,1,0,0.0,1.0,1.0,0,1,1,0
3063001,3063000,3,0,2,492,0,2.0,0.99,0.9,5000,3066402,1,0
3063002,3063001,0,1,3,717,0,0.0,1.0,1.0,0,1,1,0
3064000,3064000,0,1,1,1,0,0.0,1.0,1.0,0,3067401,1,0
3064001,3064000,3,0,2,492,0,2.0,0.99,0.9,5000,3067402,1,0
3069000,3069000,3,1,1,1,0,0.0,0.99,0.9,0,3072401,1,0
3069001,3069000,3,0,2,492,0,3.0,0.99,0.9,5000,3072402,1,0
3069002,3069000,3,0,3,492,0,12.0,1.01,0.9,5000,3072403,1,0
3071000,3071000,0,1,1,1,0,0.0,1.0,1.0,0,1,1,0
3071001,3071000,3,0,2,492,0,2.0,0.99,0.9,5000,3074402,1,0
3072000,3072000,2,1,1,1,0,0.0,0.992,0.95,0,3075401,1,0
3072001,3072000,3,0,2,492,0,2.0,0.99,0.9,5000,3075402,1,0
3074000,3074000,0,1,1,1,0,0.0,1.0,1.0,0,1,1,0
3074001,3074000,3,0,2,492,0,2.0,0.99,0.9,5000,3077402,1,0
3082000,3082000,3,1,1,1,0,0.0,0.99,0.9,0,3085401,1,0
3088000,3088000,0,1,1,1,0,0.0,1.0,1.0,0,1,1,0
3088001,3088000,3,0,2,492,0,2.0,0.99,0.9,5000,3091402,1,0
3089000,3089000,0,1,1,1,0,0.0,1.0,1.0,0,1,1,0
3089001,3089000,1,0,2,708,0,1.0,0.995,0.99,1000,2,1,0
3091000,3091000,0,1,1,1,0,0.0,1.0,1.0,0,1,1,0
3091001,3091000,3,0,2,492,0,2.0,0.99,0.9,5000,3094402,1,0
3093000,3093000,1,1,1,1,0,0.0,0.99,0.9,0,3096401,1,0
3107000,3107000,0,1,1,1,0,0.0,1.0,1.0,0,1,1,0
3107001,3107000,2,0,2,492,0,50.0,1.015,0.9,2500,3110402,1,0
3108000,3108000,0,1,1,1,0,0.0,1.0,1.0,0,3111401,1,0
3108001,3108000,3,0,2,492,0,2.0,0.99,0.9,5000,3111402,1,0
3109000,3109000,0,1,1,1,0,0.0,1.0,1.0,0,1,1,0
3109001,3109000,3,0,2,492,0,2.0,0.99,0.9,5000,3112402,1,0
3110000,3110000,0,1,1,1,0,0.0,1.0,1.0,0,1,1,0
3115000,3115000,3,1,1,1,0,0.0,0.99,0.9,0,3118401,1,0
3117000,3117000,0,1,1,1,0,0.0,1.0,1.0,0,3120401,1,0
3117001,3117000,3,0,2,492,0,2.0,0.99,0.9,5000,3120402,1,0
3118000,3118000,2,1,1,1,0,0.0,0.992,0.95,0,3121401,1,0
3118001,3118000,3,0,2,492,0,0.0,0.99,0.9,5000,3121402,1,0
3119000,3119000,0,1,1,1,0,0.0,1.0,1.0,0,3122401,1,0
3119001,3119000,3,0,2,492,0,2.0,0.99,0.9,5000,3122402,1,0
3120000,3120000,0,1,1,1,0,0.0,1.0,1.0,0,1,1,0
3120001,3120000,3,0,2,492,0,2.0,0.99,0.9,5000,3123402,1,0
3122000,3122000,0,1,1,1,0,0.0,1.0,1.0,0,1,1,0
3122001,3122000,3,0,2,492,0,2.0,0.99,0.9,5000,3125402,1,0
3123000,3123000,0,1,1,1,0,0.0,1.0,1.0,0,3126401,1,0
3123001,3123000,3,0,2,492,0,2.0,0.99,0.9,5000,3126402,1,0
3126000,3126000,0,1,1,1,0,0.0,1.0,1.0,0,1,1,0
3126001,3126000,3,0,2,492,0,2.0,0.99,0.9,5000,3129402,1,0
3126002,3126000,4,0,3,167,0,-2.0,1.0,1.0,1000,20,0,0
3128000,3128000,0,1,1,1,0,0.0,1.0,1.0,0,1,1,0
3129000,3129000,0,1,1,1,0,0.0,1.0,1.0,0,1,1,0
3129001,3129000,3,0,2,492,0,2.0,0.99,0.9,5000,3132402,1,0
3131000,3131000,0,1,1,1,0,0.0,1.0,1.0,0,1,1,0
3131001,3131000,3,0,2,492,0,2.0,0.99,0.9,5000,3134402,1,0
3132000,3132000,0,1,1,1,0,0.0,1.0,1.0,0,1,1,0
3134000,3134000,0,1,1,1,0,0.0,1.0,1.0,0,1,1,0
3134001,3134000,3,0,2,492,0,2.0,0.99,0.9,5000,3137402,1,0
3136000,3136000,0,1,1,1,0,0.0,1.0,1.0,0,1,1,0
3136001,3136000,1,0,2,492,0,70.0,1.01,0.99,1000,2,1,0
3136002,3136000,3,0,3,492,0,2.0,0.99,0.9,5000,3139403,1,0
3140000,3140000,0,1,1,1,0,0.0,1.0,1.0,0,3143401,1,0
3140001,3140000,3,0,2,492,0,2.0,0.99,0.9,5000,3143402,1,0
3141000,3141000,3,1,1,492,0,0.0,0.99,0.9,0,3144401,1,0
3149000,3149000,2,1,1,1,0,0.0,0.992,0.95,0,3152401,1,0
3149001,3149000,3,0,2,492,0,2.0,0.99,0.9,5000,3152402,1,0
3151000,3151000,1,1,1,1,0,0.0,0.99,0.9,0,3154401,1,0
3153000,3153000,0,1,1,1,0,0.0,1.0,1.0,0,3156401,1,0
3153001,3153000,3,0,2,492,0,2.0,0.99,0.9,5000,3156402,1,0
3154000,3154000,0,1,1,1,0,0.0,1.0,1.0,0,3157401,1,0
3154001,3154000,2,0,2,758,0,2.0,0.992,0.95,2500,3157401,1,0
3154002,3154000,3,0,3,492,0,2.0,0.99,0.9,5000,3157403,1,0
3156000,3156000,0,1,1,1,0,0.0,1.0,1.0,0,1,1,0
3156001,3156000,3,0,2,492,0,2.0,0.99,0.9,5000,3159402,1,0
3164000,3164000,0,1,1,1,0,0.0,1.0,1.0,0,1,1,0
3164001,3164000,3,0,2,492,0,2.0,0.99,0.9,5000,3167402,1,0
3167000,3167000,0,1,1,1,0,0.0,1.0,1.0,0,1,1,0
3167001,3167000,3,0,2,492,0,2.0,0.99,0.9,5000,3170402,1,0
3168000,3168000,0,1,1,1,0,0.0,1.0,1.0,0,3171401,1,0
3168001,3168000,3,0,2,492,0,2.0,0.99,0.9,5000,3171402,1,0
3170000,3170000,3,1,1,1,0,0.0,0.99,0.9,0,3173401,1,0
3173000,3173000,0,1,1,1,0,0.0,1.0,1.0,0,1,1,0
3173001,3173000,1,0,2,94,0,1.0,0.995,0.99,1000,2,1,0
3173002,3173000,3,0,3,492,0,2.0,0.99,0.9,5000,3176403,1,0
3174000,3174000,0,1,1,1,0,0.0,1.0,1.0,0,1,1,0
3174001,3174000,2,0,2,492,0,22.0,1.015,0.9,2500,3177402,1,0
3176000,3176000,0,1,1,1,0,0.0,1.0,1.0,0,3179401,1,0
3176001,3176000,3,0,2,492,0,2.0,0.99,0.9,5000,3179402,1,0
3176002,3176001,0,1,3,1,0,0.0,1.0,1.0,0,3179401,1,0
3176003,3176001,3,0,4,492,0,2.0,0.99,0.9,5000,3179402,1,0
3180000,3180000,0,1,1,1,0,0.0,1.0,1.0,0,1,1,0
3180001,3180000,3,0,2,492,0,2.0,0.99,0.9,5000,3183402,1,0
3183000,3183000,3,1,1,1,0,0.0,0.99,0.9,0,3186401,1,0
3184000,3184000,2,1,1,1,0,0.0,1.0,1.0,0,3187401,1,0
3184001,3184000,2,0,2,492,0,-5.0,1.01,0.9,2500,3187402,1,0
3185000,3185000,0,1,1,1,0,0.0,1.0,1.0,0,3188401,1,0
3185001,3185000,3,0,2,492,0,2.0,0.99,0.9,5000,3188402,1,0
3187000,3187000,0,1,1,1,0,0.0,1.0,1.0,0,1,1,0
3187001,3187000,2,0,2,492,0,6.0,0.992,0.95,2500,3,1,0
3188000,3188000,0,1,1,1,0,0.0,1.0,1.0,0,3191401,1,0
3189000,3189000,0,1,1,1,0,0.0,1.0,1.0,0,1,1,0
3191000,3191000,0,1,1,1,0,0.0,1.0,1.0,0,1,1,0
3191001,3191000,3,0,2,492,0,2.0,0.99,0.9,5000,3194402,1,0
3194000,3194000,0,1,1,1,0,0.0,1.0,1.0,0,3197401,1,0
3194001,3194000,3,0,2,492,0,2.0,0.99,0.9,5000,3197402,1,0
3196000,3196000,3,1,1,1,0,0.0,0.99,0.9,0,3199401,1,0
3206000,3206000,0,1,1,1,0,0.0,1.0,1.0,0,1,1,0
3206001,3206000,3,0,2,492,0,2.0,0.99,0.9,5000,3209402,1,0
3211000,3211000,3,1,1,1,0,0.0,0.99,0.9,0,3214401,1,0
3212000,3212000,0,1,1,1,0,0.0,1.0,1.0,0,3215401,1,0
3212001,3212000,3,0,2,492,0,2.0,0.99,0.9,5000,3215402,1,0
3217000,3217000,0,1,1,1,0,0.0,1.0,1.0,0,3220401,1,0
3217001,3217000,3,0,2,492,0,2.0,0.99,0.9,5000,3220402,1,0
3225000,3225000,0,1,1,1,0,0.0,1.0,1.0,0,1,1,0
3225001,3225000,3,0,2,492,0,2.0,0.99,0.9,5000,3228402,1,0
3226000,3226000,0,1,1,1,0,0.0,1.0,1.0,0,3229401,1,0
3226001,3226000,3,0,2,492,0,2.0,0.99,0.9,5000,3229402,1,0
3227000,3227000,0,1,1,1,0,0.0,1.0,1.0,0,3230401,1,0
3227001,3227000,3,0,2,492,0,2.0,0.99,0.9,5000,3230402,1,0
3228000,3228000,0,1,1,1,0,0.0,1.0,1.0,0,1,1,0
3228001,3228000,1,0,2,492,0,10.0,1.005,0.99,1000,2,1,0
3228002,3228000,3,0,3,492,0,2.0,0.99,0.9,5000,3231403,1,0
3232000,3232000,3,1,1,1,0,0.0,0.99,0.9,0,3235401,1,0
3247000,3247000,3,1,1,1,0,0.0,0.99,0.9,0,3250401,1,0
3249000,3249000,3,1,1,1,0,0.0,0.99,0.9,0,3252401,1,0
3250000,3250000,0,1,1,1,0,0.0,1.0,1.0,0,1,1,0
3250001,3250000,1,0,2,123,0,1.0,0.995,0.99,1000,2,1,0
3250002,3250000,3,0,3,492,0,2.0,0.99,0.9,5000,3253403,1,0
3255000,3255000,0,1,1,1,0,0.0,1.0,1.0,0,1,1,0
3255001,3255000,2,0,2,492,0,2.0,0.992,0.95,2500,3,1,0
3257000,3257000,0,1,1,1,0,0.0,1.0,1.0,0,1,1,0
3257001,3257000,3,0,2,492,0,2.0,0.99,0.9,5000,3260402,1,0
3261000,3261000,0,1,1,1,0,0.0,1.0,1.0,0,1,1,0
3261001,3261000,1,0,2,237,0,1.0,0.995,0.99,1000,2,1,0
3261002,3261000,1,0,3,237,0,1.0,0.995,0.99,1000,2,1,0
3261003,3261000,1,0,4,237,0,1.0,0.995,0.99,1000,2,1,0
3261004,3261000,3,0,5,492,0,2.0,0.99,0.9,5000,3264405,1,0
3261005,3261000,4,0,6,237,0,-2.0,1.0,1.0,1000,20,0,0
3261006,3261001,0,1,7,1,0,0.0,1.0,1.0,0,1,1,0
3261007,3261001,1,0,8,237,0,-2.0,0.995,0.99,1000,2,1,0
3261008,3261001,1,0,9,237,0,5.0,1.03,0.99,1000,2,1,0
3261009,3261001,1,0,10,237,0,3.0,1.03,0.99,1000,2,1,0
3261010,3261001,3,0,11,492,0,2.0,0.99,0.9,5000,3264405,1,0
3261011,3261001,4,0,12,237,0,-4.0,1.0,1.0,1000,20,0,0
3271000,3271000,0,1,1,1,0,0.0,1.0,1.0,0,3274401,1,0
3271001,3271000,3,0,2,492,0,2.0,0.99,0.9,5000,3274402,1,0
3276000,3276000,0,1,1,1,0,0.0,1.0,1.0,0,3279401,1,0
3276001,3276000,3,0,2,492,0,2.0,0.99,0.9,5000,3279402,1,0
3277000,3277000,2,1,1,1,0,0.0,0.992,0.95,0,3280401,1,0
3277001,3277000,3,0,2,492,0,0.0,0.99,0.9,5000,3280402,1,0
3279000,3279000,2,1,1,1,1,0.0,0.992,0.95,0,3,1,0
3279001,3279000,3,0,2,35,1,0.0,0.99,0.9,5000,3282402,1,0
3286000,3286000,0,1,1,1,0,0.0,1.0,1.0,0,1,1,0
3286001,3286000,2,0,2,121,0,2.0,0.992,0.95,2500,3,1,0
3286002,3286000,3,0,3,492,0,2.0,0.99,0.9,5000,3289403,1,0
3287000,3287000,0,1,1,1,0,0.0,1.0,1.0,0,1,1,0
3287001,3287000,3,0,2,492,0,2.0,0.99,0.9,5000,3290402,1,0
3289000,3289000,2,1,1,1,0,0.0,0.992,0.95,0,3292401,1,0
3289001,3289000,3,0,2,492,0,0.0,0.99,0.9,5000,3292402,1,0
3293000,3293000,2,1,1,1,0,0.0,0.992,0.95,0,3296401,1,0
3293001,3293000,3,0,2,492,0,0.0,0.99,0.9,5000,3296402,1,0
3311000,3311000,3,1,1,1,0,0.0,0.99,0.9,0,3314401,1,0
3312000,3312000,0,1,1,1,0,0.0,1.0,1.0,0,1,1,0
3312001,3312000,3,0,2,492,0,2.0,0.99,0.9,5000,3315402,1,0
3315000,3315000,3,1,1,1,0,0.0,0.99,0.9,0,3318401,1,0
3364000,3364000,3,1,1,1,0,0.0,0.99,0.9,0,3367401,1,0
3366000,3366000,1,1,1,1,0,0.0,0.995,0.99,0,3369401,1,0
3366001,3366000,3,0,2,492,0,1.0,0.99,0.9,5000,3369402,1,0
3369000,3369000,2,1,1,1,0,0.0,0.992,0.95,0,3372401,1,0
3369001,3369000,3,0,2,492,0,0.0,0.99,0.9,5000,3372402,1,0
3369002,3369001,3,1,3,766,0,0.0,0.99,0.9,0,3372402,1,0
3370000,3370000,3,1,1,1,0,0.0,0.99,0.9,0,3373401,1,0
3371000,3371000,0,1,1,1,0,0.0,1.0,1.0,0,3374401,1,0
3371001,3371000,3,0,2,492,0,2.0,0.99,0.9,5000,3374402,1,0
3395000,3395000,0,1,1,1,0,0.0,1.0,1.0,0,1,1,0
3395001,3395000,1,0,2,492,0,1.0,0.995,0.99,1000,2,1,0
3395002,3395000,3,0,3,492,0,2.0,0.99,0.9,5000,3398403,1,0
3395003,3395000,4,0,4,237,0,-2.0,1.0,1.0,1000,20,0,0
3400000,3400000,3,1,1,1,0,0.0,0.99,0.9,0,3403401,1,0
3402000,3402000,0,1,1,1,0,0.0,1.0,1.0,0,3405401,1,0
3402001,3402000,2,0,2,255,0,2.0,0.992,0.95,2500,3405401,1,0
3402002,3402000,3,0,3,492,0,2.0,0.99,0.9,5000,3405403,1,0
3402003,3402001,3,1,4,743,0,0.0,1.0,1.0,0,3405403,1,0
3404000,3404000,0,1,1,1,0,0.0,1.0,1.0,0,1,1,0
3404001,3404000,2,0,2,492,0,60.0,1.05,0.95,2500,3,1,0
3411000,3411000,3,1,1,1,0,0.0,0.99,0.9,0,3414401,1,0
3412000,3412000,0,1,1,1,0,0.0,1.0,1.0,0,3415401,1,0
3412001,3412000,1,0,2,492,0,1.0,0.995,0.99,1000,3415401,1,0
3412002,3412000,3,0,3,492,0,2.0,0.99,0.9,5000,3415403,1,0
3412003,3412001,3,1,4,85,0,0.0,0.99,0.9,0,3415403,1,0
3413000,3413000,0,1,1,1,0,0.0,1.0,1.0,0,1,1,0
3413001,3413000,1,0,2,294,0,1.0,0.995,0.99,1000,2,1,0
3413002,3413000,3,0,3,84,0,2.0,0.99,0.9,5000,3416403,1,0
3413003,3413000,3,0,4,492,0,2.0,0.99,0.9,5000,3416404,1,0
3414000,3414000,0,1,1,1,0,0.0,1.0,1.0,0,1,1,0
3414001,3414000,1,0,2,492,0,1.0,0.995,0.99,1000,2,1,0
3415000,3415000,0,1,1,1,0,0.0,1.0,1.0,0,1,1,0
3415001,3415000,3,0,2,492,0,2.0,0.99,0.9,5000,3418402,1,0
3437000,3437000,0,1,1,1,0,0.0,1.0,1.0,0,1,1,0
3437001,3437000,3,0,2,492,0,2.0,0.99,0.9,5000,3440402,1,0
3441000,3441000,3,1,1,1,0,0.0,0.99,0.9,0,3444401,1,0
3445000,3445000,0,1,1,1,0,0.0,1.0,1.0,0,1,1,0
3445001,3445000,3,0,2,492,0,2.0,0.99,0.9,5000,3448402,1,0
3446000,3446000,3,1,1,1,0,0.0,0.99,0.9,0,3449401,1,0
3449000,3449000,0,1,1,1,0,0.0,1.0,1.0,0,3452401,1,0
3449001,3449000,3,0,2,492,0,2.0,0.99,0.9,5000,3452402,1,0
3476000,3476000,0,1,1,1,0,0.0,1.0,1.0,0,1,1,0
3476001,3476000,2,0,2,492,0,60.0,0.992,0.95,2500,3,1,0
3483000,3483000,0,1,1,1,0,0.0,1.0,1.0,0,1,1,0
3484000,3484000,0,1,1,1,0,0.0,1.0,1.0,0,1,1,0
3485000,3485000,0,1,1,1,0,0.0,1.0,1.0,0,1,1,0
3486000,3486000,0,1,1,1,0,0.0,1.0,1.0,0,1,1,0
3487000,3487000,0,1,1,1,0,0.0,1.0,1.0,0,1,1,0
3488000,3488000,0,1,1,1,0,0.0,1.0,1.0,0,1,1,0
3489000,3489000,0,1,1,1,0,0.0,1.0,1.0,0,1,1,0
3489001,3489000,2,0,2,492,0,2.0,0.992,0.95,2500,3,1,0
3514000,3514000,0,1,1,1,0,0.0,1.0,1.0,0,1,1,0
3523000,3523000,3,1,1,1,0,0.0,0.99,0.9,0,3526401,1,0
3524000,3524000,3,1,1,1,0,0.0,0.99,0.9,0,3527401,1,0
3528000,3528000,3,1,1,1,0,0.0,0.99,0.9,0,3531401,1,0
3529000,3529000,0,1,1,1,0,0.0,1.0,1.0,0,1,1,0
3529001,3529000,3,0,2,492,0,2.0,0.99,0.9,5000,3532402,1,0
3540000,3540000,0,1,1,1,0,0.0,1.0,1.0,0,1,1,0
3548000,3548000,0,1,1,1,0,0.0,1.0,1.0,0,1,1,0
3548001,3548000,3,0,2,492,0,2.0,0.99,0.9,5000,3551402,1,0
3548100,3548001,3,1,11,492,0,0.0,0.99,0.9,0,3551402,1,0
3551000,3551000,3,1,1,1,0,0.0,0.99,0.9,0,3554401,1,0
3556000,3556000,3,1,1,1,1,0.0,0.99,0.9,0,3559401,1,0
3559000,3559000,3,1,1,1,1,0.0,0.99,0.9,0,3562401,1,0
3561000,3561000,3,1,1,1,1,0.0,0.99,0.9,0,3564401,1,0
3562000,3562000,0,1,1,1,0,0.0,1.0,1.0,0,1,1,0
3564000,3564000,3,1,1,1,0,0.0,0.99,0.9,0,3567401,1,0
3568000,3568000,3,1,1,1,1,0.0,0.99,0.9,0,3571401,1,0
3570000,3570000,1,1,1,1,0,0.0,0.99,0.9,0,20,1,0
3572000,3572000,3,1,1,1,0,0.0,0.99,0.9,0,3575401,1,0
3573000,3573000,2,1,1,1,1,0.0,0.992,0.95,0,3,1,0
3574000,3574000,3,1,1,1,0,2.0,0.99,0.9,0,3577401,1,0
3577000,3577000,0,1,1,1,1,0.0,1.0,1.0,0,1,1,0
3634000,3634000,0,1,1,1,0,0.0,1.0,1.0,0,3637401,1,0
3634001,3634000,3,0,2,492,0,2.0,0.99,0.9,5000,3637402,1,0
3636000,3636000,0,1,1,1,1,0.0,1.0,1.0,0,1,1,0
3636001,3636000,1,0,2,294,2,1.0,0.995,0.99,1000,2,1,0
3636002,3636000,3,0,3,492,27,2.0,0.99,0.9,5000,3639403,1,0
3636003,3636000,4,0,4,294,26,-2.0,1.0,1.0,1000,20,0,0
3639000,3639000,3,1,1,1,0,0.0,0.99,0.9,0,3642401,1,0
3640000,3640000,0,1,1,1,0,0.0,1.0,1.0,0,3643401,1,0
3640001,3640000,3,0,2,492,0,2.0,0.99,0.9,5000,3643402,1,0
3640002,3640001,3,1,3,492,0,2.0,0.99,0.9,0,2360402,1,0
3650000,3650000,0,1,1,1,0,0.0,1.0,1.0,0,3653401,1,0
3664000,3664000,0,1,1,1,0,0.0,1.0,1.0,0,1,1,0
3681000,3681000,0,1,1,1,1,0.0,1.0,1.0,0,1,1,0
3681001,3681000,1,0,2,13,4,1.0,0.995,0.99,1000,2,1,0
3681002,3681000,1,0,3,46,7,1.0,0.995,0.99,1000,2,1,0
3681003,3681000,1,0,4,82,9,1.0,0.995,0.99,1000,2,1,0
3681004,3681000,1,0,5,3,2,1.0,0.995,0.99,1000,2,1,0
3681005,3681000,2,0,6,492,27,2.0,0.992,0.95,2500,3,1,0
3681006,3681000,3,0,7,492,27,2.0,0.99,0.9,5000,464407,1,0
3681007,3681000,2,0,8,492,27,2.0,0.992,0.95,2500,3,1,0
3681008,3681000,2,0,9,492,27,2.0,0.992,0.95,2500,3,1,0
3681100,3681001,3,1,7,760,27,0.0,0.99,0.9,0,464407,1,0
3682000,3682000,3,1,1,492,0,0.0,0.99,0.9,0,3685401,1,0
3683000,3683000,0,1,1,1,1,0.0,1.0,1.0,0,1,1,0
3683001,3683000,1,0,2,21,2,1.0,0.995,0.99,1000,2,1,0
3683002,3683000,1,0,3,84,3,1.0,0.995,0.99,1000,2,1,0
3683003,3683000,3,0,4,492,27,2.0,0.99,0.9,5000,1012404,1,0
3683004,3683001,3,1,5,765,27,0.0,0.99,0.9,0,1012404,1,0
3684000,3684000,0,1,1,1,0,0.0,1.0,1.0,0,1,1,0
3684001,3684000,2,0,2,492,0,60.0,1.05,0.95,2500,3,1,0
3685000,3685000,0,1,1,1,0,0.0,1.0,1.0,0,1,1,0
3685001,3685000,3,0,2,492,0,2.0,0.99,0.9,5000,3688402,1,0
3699000,3699000,0,1,1,1,0,0.0,1.0,1.0,0,3702401,1,0
3699001,3699000,3,0,2,492,0,2.0,0.99,0.9,5000,3702402,1,0
9000000,9000000,0,1,1,1,1,0.0,1.0,1.0,0,1,1,0
9000001,9000000,1,0,2,239,0,1.0,0.995,0.99,1000,2,1,0
9000002,9000000,1,0,3,239,0,1.0,0.995,0.99,1000,2,1,0
9000003,9000000,3,0,4,492,27,2.0,0.99,0.9,5000,9003404,1,0
9003000,9003000,1,1,1,1,0,0.0,0.995,0.99,0,9006401,1,0
9003001,9003000,3,0,2,492,0,1.0,0.99,0.9,5000,9006402,1,0
16620016,1662001,3,0,17,492,27,2.0,0.99,0.9,5000,1665403,1,0